:20000000AA08000000000000000000000000000000000800E2C602000800005048006EC9A5
:200020007E79080004502276289AA9F4297027F60077009AA9F4297027F600771A76006FE6
:2000400006FE421E012944FF31FF30FF18FF7F00441E0102A61E42921F90A92DA6063B561B
:20006000461E4A060560448A4606E41E046F448A4606D41E86FE060006FE421E42C431FFA8
:20008000A6070319461E0002441E4606440F076901024407441E4606440FFB6686FE060086
:2000A0000AFE48A046A8EFFF5A02488ACCCC0003C7FF55601F76B102280A059B2892C80094
:2000C0005FC900520F60E1024607A98ABF56C401E2024607A98AC42B282BE3024607A98AEF
:2000E000C42BE1024607A98AC492015216601B024607A98AC42B1C024607A98AC42B4E8A9E
:20010000C42B508ACC18FFEF488A3FF6842B008F69AC08F6842B0F6FE2024607A98AC49205
:2001200001520960E1024607A98AC49204604E8ABF56C4091C024607A98AC492015208617C
:200140001C024607A98AC4920252E0FF27029F024607A98ABF56C401EFFF2002CCCC0003A9
:20016000C7FF01523660CCCC0030CBFF015231614E8AC42B1F76B102282B508ACC1A001027
:20018000C6024607A98AC49201520F611F76A902039201520A611B024607A98ABF56C401F4
:2001A0001C024607A98AC42B1C024607A98AC492015208611C024607A98AC4920252E0FFDB
:2001C000ED019F024607A98ABF56C401EFFFE601CC92FF90E1FFE201CCCC0030CBFF0152CC
:2001E000E0FFDC01BB024607A98AC492E0FFD601E3024607A98AC492E0FFD0014E8ABF56A2
:20020000C401E1024607A98AC42B0002441E422B412B488AE4A3F4069756A918FFFFFF91FB
:20022000AB18FFFFAA18FFFFC800E2C80052E0FFB501508AE41800FFEFFFB001BC02460765
:20024000A98AC49201520B60BB024607A98AC4920660508AE4CC00FFAA50E496488AE4A308
:20026000F40697564A1E28024A18FFFF4607A98AAB18FFFFAA18FFFF4918FF00C4A94A0687
:20028000D41EEFFF8B014E8ABF56C4021F76B1022F2B312BEFFF82014E8ABF56C404140205
:2002A0004807A98A01E860EE0EE868660A02C4E2C401460700E74000A98A03E2C4000A02EE
:2002C0004807A98AC4CC8000C6FF01521B6012024807A98A013BC4CCFF7FA908A00FA9858B
:2002E000A9BD160F007701E860EE0EE868660C0289E60900460700E74000A98A03E2C4002B
:20030000206F0A024807A98AC4471B6D12024807A98A013BA928A00FC4CDFF7FA89EA98558
:20032000A9BD160F007701E860EE0EE868660C0289E60900460700E74000A98A03E2C400EA
:200340000A024607A98A02E80109AFE2C40050E8004C4876BAC412E8D02314AD12630A02D9
:200360004607A98A02E80109AFE2C40050E8004C4876BAC424024607A98A03E2C400086F2E
:2003800024024607A98A02E8D02303E2C40024024607A98AAFE2C40012E8401214AD0663C0
:2003A000BB024607A98ABF56C40116024807A71E9D024607A98AC792C4961B024607A98A8B
:2003C000BF56C4011C024607A98AC42BEFFFE6001A024807A98AC492E1FFE000BB02460724
:2003E000A98AC492E0FFDA00E3024607A98AC492E0FFD4004E8ABF56C4051B024607A98AFA
:20040000BF56C4021C024607A98ABF56C4011A024607A98ABF56C401EFFFC0004E8ABF5678
:20042000C4031F76B102312BEFFFB8004E8ABF56C4061F76B102312B2E024807A98AC4E2F8
:20044000C400468A03E2D4002D024807A98AC492FF90A9889D024607A98AC47EEFFF9E009B
:200460001B024607A98AC4920252E0FF9700E3024607A98ABF56C4013B024807A98AC448B5
:200480000B6C4E8ABF56C4071B024607A98ABF56C402EFFF83004E8ABF56C4097E6F3C025F
:2004A0004807A98AC492039001523D613C024807A98AC4CC0C00C1FF015235613C0248074E
:2004C000A98AC4CC0003C7FF01522D613C024807A98AC4CC000CC9FF015225613D02480724
:2004E000A98AC492039001521E613D024807A98AC4CC0C00C1FF015216613D024807A98A66
:20050000C4CC0003C7FF01520E613F024807A98AC492FF9008603E024807A98AC4CC00FF5F
:20052000C7FF3B611C024607A98AC49203523560BB024607A98ABF56C401E3024607A98AFF
:20054000BF56C4011B024607A98ABF56C4021C024607A98ABF56C404206F528AC4920452B7
:2005600011620452E1FF9AFE0052E1FFA0FD0152E1FF66FE0252E1FF88FE0352E1FF50FF96
:200580000C6F0552E1FF26FF0852E1FF51FF0A52E1FF68FF0B528461009A8AFE06000AFEE5
:2005A0004AA048A81F024A07A98AC44F1C6D1F024A07A98A013BA928A00FC4CDFF7FA89E6A
:2005C000A985A9BD160F007701E860EE0EE86866200289E60900480700E74000A98A03E2C8
:2005E000C400226F1F024A07A98AC4CC0080CEFF01521A601F024A07A98A013BC4CCFF7F68
:20060000A908A00FA985A9BD160F007701E860EE0EE86866200289E60900480700E740003F
:20062000A98A03E2C40021024A07A98AC4CC00FFC7FF015222601C024807A98AC4920152C4
:200640001C601E024A07A98A01E860EE0EE868661E02C4E2C401480700E74000A98A03E266
:20066000C4001C024807A98ABF56C4021A024807A98ABF56C401336F1C024807A98AC4922B
:2006800002522D6021024A07A98AC4CC00FFC7FF266014024A07A98A01E860EE0EE8686662
:2006A0000A02C4E2C401480700E74000A98A03E2C4001E024A07A98A01E860EE0EE86866D2
:2006C0001E02C4E2C401480700E74000A98A03E2C4001C024807A98ABF56C4031C02480754
:2006E000A98AC4920352E0FF6B021B024807A98ABF56C4021E024A07A98A01E860EE0EE885
:2007000068661E02C4E2C401480700E74000A98A03E2C4000A024807A98A1E024807AFE2A0
:20072000C400A98AAFE2C40194E6010014AD1A651E024807A98AAFE2C40012E8D02314AD0C
:2007400009651E024807A98A02E8D02303E2C400096F1E024807A98AC4C41E024807A98ABF
:20076000C4C21A024807A98ABF56C40120024807A98AAFE2C400A0E514AD07632002480761
:20078000A98A90E503E2C400DE024807A98A2002AFE2C4004807A98AAFE2C40194E60100DC
:2007A00014AD0F620C024807A98A2002AFE2C4004807A98AAFE2C40194E6010014AD206567
:2007C0000C024807A98ADE02AFE2C4004807A98AAFE2C40194E6010014AD0A63DE024807A4
:2007E000A98AC4C420024807A98AC4C2096F0C024807A98AC4C420024807A98AC4C21C023C
:200800004807A98AC49204525B61BB024807A98AC49256601E024807A98AAFE2C40012E8B2
:20082000401214AD09631E024807A98AAFE2C400A0E514AD1262D2024807A98AAFE2C400DD
:2008400012E8401214AD3C63D2024807A98AAFE2C400A0E514AD3465008F80AAA9A8480F01
:200860001660807680A9408F0CA8008F00AA42C2019A44A046A8408F80AB008F80AA487645
:200880007F631F76A102201A00041A6F008F80ABA9A8480F15608076C0A9408F0DA8008F2E
:2008A00000AA42C2029A44A046A8408F80AA008F80AB48767F631F76A102201A0008D2027B
:2008C0004807A98AD402AFE2C4004807A98A90E80092AFE2C40194E6010014AD1162D20206
:2008E0004807A98AD602AFE2C4004807A98A90E80092AFE2C40194E6010014AD1965BB02F0
:200900004807A98ABF56C401008F80AAA9A8480F06601F76A102201A00800A6F008F80AB8F
:20092000A9A8480F05601F76A102211A01000A024807A98A02E80109AFE2C40050E8004CDB
:200940004876BAC4D2024807A98AAFE2C40194E6010014AD11620A024807A98AD202AFE20D
:20096000C4004807A98A90E80092AFE2C40194E6010014AD1965BB024807A98ABF56C401FE
:20098000008F80AAA9A8480F06601F76A102211A08000A6F008F80ABA9A8480F05601F7640
:2009A000A102211A1000D2024807A98A02E80109AFE2C40050E8004C4876BAC4D4024807C5
:2009C000A98AAFE2C40194E6010014AD1562D2024807A98A02E80109AFE2C40050E8004CB8
:2009E0004876BAC4D6024807A98AAFE2C40194E6010014AD39651F76A902BF5610011F7636
:200A0000A1022092019001521660807680A9408F0CA8008F00AA42C2019A44A046A8408F0C
:200A200080AB008F80AA48767F631F76A102211A02001A6F20CC0200C0FF015215608076C9
:200A4000C0A9408F0DA8008F00AA42C2029A44A046A8408F80AA008F80AB48767F631F7616
:200A6000A102211A04008E024807A98AAFE2C40012E8801B14AD0A62D2024807A98AAFE284
:200A8000C40012E8001114AD3963BB024807A98AC4923460008F80AAA9A8480F1660807634
:200AA00080A9408F0CA8008F00AA42C2019A44A046A8408F80AB008F80AA48767F631F76F8
:200AC000A102201A40001A6F008F80ABA9A8480F15608076C0A9408F0DA8008F00AA42C279
:200AE000029A44A046A8408F80AA008F80AB48767F631F76A102201A80000A024807A98AB5
:200B00001E02AFE2C4004807A98AAFE2C40194E6010014AD13621E024807A98AAFE2C400E0
:200B200012E8D02314AD0A621E024807A98AAFE2C40012E8401214AD4263E5024807A98A89
:200B4000C40AE5024807A98AC49208523868E5024807A98AC42B008F80AAA9A8480F1660DF
:200B6000807680A9408F0CA8008F00AA42C2019A44A046A8408F80AB008F80AA48767F63D6
:200B80001F76A102201A00201A6F008F80ABA9A8480F15608076C0A9408F0DA8008F00AA47
:200BA00042C2029A44A046A8408F80AA008F80AB48767F631F76A102201A00401C02480751
:200BC000A98AC4920252116020024807A98AAFE2C40012E8000014AD086520024807A98A02
:200BE00002E8000003E2C400009A8AFE060004FE44A042A8488ABF56C4084C8ABF56C409FF
:200C0000BB024207A98ABF56C4011B024207A98ABF56C4021C024207A98ABF56C404E302F1
:200C20004207A98ABF56C401009A84FE06001AFE599646A044A8AD5C90DCA45CC87610F1AF
:200C400007F68424AD5C98DCA45CC87618F107F68424599201520660048F008048A8EFFFF1
:200C6000FE00048F00A048A8EFFFF9005E8ADC18FDFF5E8ABF56D41E5E8ADC18FEFF48067E
:200C80005E8A4876128FEFFF030104025E07A98A480648761E8FEFFFFB001F76B1022F92D2
:200CA000E0FFF600AD5C0F02421E08D590DC4806A45C48762C9D1F76B102BF562F01EFFF4C
:200CC000E7001F76B10230920E60AD5C0F02421E08D598DC4806A45C48762C9D1F76B102CD
:200CE000BF5630010A025E07A98A480648762A8F0E025E07A98AC42810270F025E07A98AD1
:200D0000C428F40110025E07A98AC418FF7F10025E07A98AC4CC0080A988A61AD00710025A
:200D20005E07A98AC47E016F11025E07A98AC418FF7F11025E07A98AC4CC0080A988A61AB8
:200D4000A00F11025E07A98AC47E016F0E025E07A98A48064876368FEFFF9A0080024407B9
:200D6000A98AC492076012025E07A98AC41800FF126F80024407A98AC49201520C60120252
:200D80005E07A98AC4CC00FFAA50A98812025E07A98AC47E12025E07A98AC4CCFFF8A980B7
:200DA00084024407A98AC492079087FFA7CAA98812025E07A98AC47E12025E07A98A480632
:200DC0004876428F1F76A0020E920A605992015207609F024407A98ABF56C401586F1F7649
:200DE000A0020F9254605992025251609F024407A98ABF56C4014B6F1F76B10231924760A7
:200E0000BF563101446F8C024407A98A01E861EE0EE86966AFE2C4004876BAC421028EE6A7
:200E200000005E07A98A13E2C40022025E07A98AC4CCF8FFA98084024407A98AC492079004
:200E4000A7CAA98822025E07A98AC47E20025E07A98A48064876668F1A6F468AC492035233
:200E60000D620352CA610052E1FF02FF0152E1FF0EFF0252E1FF13FF0A6F0452E1FF23FFF9
:200E80000552E1FF6DFF0752BF61016F9AFE060006FE44A042A8452B3C024207A98A90E5B7
:200EA00003E2C400452B459202527066AC281E000129455C4532A9A84207A98AA9A944077A
:200EC000A71E30D0C79294963E024207A98345304407A98AF492C5983F024207A983453014
:200EE0004407A98AFC92C59840024207A98345304407A98A08D09492C5C053024207A98392
:200F000045304407A98A19D09492C59845304407A98A16D00356450194C44207A98A4AD00C
:200F200094C20356450145324207A61EA9A94407A98AE406A68A36D0941E455C4532A9A82D
:200F40004207A98AA9A94407A71E50D018DFC792949653024207A98345304407A98A19D073
:200F60009492C5983C024207A98345304407A98AAFE2C500AFE2E40110E74000007703E2E9
:200F8000C500450A4592025295694483D5C434024207A98AC4C210024407A98AC4C4420220
:200FA0004207A98AC4C212024407A98AC4C444024207A98AC4C214024407A98AC4C4460269
:200FC0004207A98AC4C286FE060004FE44A042A8D5C456024207A98AC4C24483540242075C
:200FE000A98AC5C4C4C208024407A98AC4C468024207A98AC4C284FE060004FE44A042A8DB
:2010000008024407A98AC4C45A024207A98AC4C284FE060004FE44A042A808024407A98A82
:20102000C4C45E024207A98AC4C284FE060004FE441E42A8580284E244004207A98A03E28B
:20104000C40084FE060004FE441E42A85C0284E244004207A98A03E2C40084FE060004FE3F
:2010600003E2440042A844C46A024207A98AC4C284FE060006FE46A044A84406421E4A8312
:20108000468A4876FABD468A4683C4CCFFFBC5964A8A4A83C4CCFFFBC59686FE060008FE77
:2010A0004697459644A042A81F76C423219247961F76C42322924896469247964592489626
:2010C00031024C07A98A47CC0008CAFFC49630024C07A98A47CC0020CCFFC49633024C0781
:2010E000A98A48CC0800C2FFC49632024C07A98A48CC0400C1FFC4962C0200BE4C074747CD
:20110000026C01BEA98AC47E019B47CC001000BECBFFA99F026101BE2D024C07A98AC47E85
:201120002E024C07A98A48CC0200C0FFC4962F0200BE4C074748026C01BEA98AC47E340221
:201140004C07A98A48920190C49635024C07A98A48CC2000C4FFC496560200BE4C07484F36
:20116000026C01BEA98AC47E570200BE4C074746026C01BEA98AC47E580200BE4C0747433F
:20118000026C01BEA98AC47E72024207A98A48CC0010CBFFC49673024207A98A48CC002050
:2011A000CCFFC49600BE484B026C01BE75024207A98AC47E00BE474A026C01BE760242071A
:2011C000A98AC47E00BE4744026C01BE78024207A98AC47E7A024207A98AC42B7202440746
:2011E000A98A48CC1000C3FFC49673024407A98A48CC0040CDFFC49600BE4749026C01BE94
:2012000076024407A98AC47E00BE4741026C01BE78024407A98AC47E7A024407A98AC42B00
:20122000009A88FE060004FE44A042A8448A4283F406C51E08024407A98A4283C406D51E3E
:201240000A024407A98A4283C406E51E448A4283C406F51E448308024207A98AD5C4C4C296
:2012600044830A024207A98AE5C4C4C212024407A98AC4C40C024207A98AC4C21402440765
:20128000A98AC4C40E024207A98AC4C216024407A98AC4C410024207A98AC4C21A024407E8
:2012A000A98AC4C418024207A98AC4C21C024407A98AC4C41A024207A98AC4C21E024407AA
:2012C000A98AC4C412024207A98AC4C220024407A98AC4C414024207A98AC4C2220244078E
:2012E000A98AC4C416024207A98AC4C284FE060004FE44A837024407A98AC40E421E1D029B
:201300004876667738024407A98AC40E421E1B024876667739024407A98AC40E421E1C0287
:20132000487666773B024407A98AC40E421E1902487666773C024407A98AC40E421E0E0271
:20134000487666773E024407A98AC40E421E0C024876667784FE060006FE467D457C44976E
:201360004396216F440E421E0F0248766677450E421E220248766677460E421E05024876BB
:201380006677166F440E421E3B0248766677450E421E270248766677460E421E090248766D
:2013A0006677066F0152DF610252ED61016F86FE060004FE4497439642A8C2024207A98ACC
:2013C000C49202520C6020FF0073445C48768DBE20FF0073435C4876A5BE116FC2024207DD
:2013E000A98AC49201520B6020FF0073445C48762DBE20FF0073435C487645BE84FE060051
:2014000004FE4497439642A8C2024207A98AC49202520C6020FF0073445C4876BDBE20FF4C
:201420000073435C4876BDBE116FC2024207A98AC49201520B6020FF0073445C48765DBE82
:2014400020FF0073435C48765DBE84FE060008FE479642A890E503E24600A4024207A98A6B
:20146000C406461E479201520560048F008044A8066F02520460048F00A044A8A202420775
:20148000A98AAFE246014406AFE2C40048760CAB88FE060004FE439601520560048F0080FB
:2014A00042A8066F02520460048F00A042A8420648766CAB84FE060006FE46A044A801E894
:2014C000ABFE4228004041289C450AE8ABAA4C8A02E8E2300AE8020002E8D123AFE2D4001F
:2014E00048761B7826024A07A98A03E2C40001E8ABFE4228004041289C450AE8ABAA4C8AA3
:2015000002E8E2300AE8020002E8D123AFE2F40048761B782A024A07A98A03E2C40001E8E5
:20152000ABFE4228004041289C450AE8ABAA4C8A02E8E2300AE8020002E8D123AFE2E400AE
:2015400048761B786C024407A98A03E2C4000E024C07A98AAFE2C400487687776E02440743
:20156000A98A03E2C4000C024C07A98AAFE2C4004876877770024407A98A03E2C40001E868
:20158000ABFE4228004041289C450AE8ABAA4C8A02E8E2300AE8020002E8D123AFE2C4006E
:2015A00048761B786C024607A98A03E2C4000A024C07A98AAFE2C400487687776E024607E3
:2015C000A98A03E2C40008024C07A98AAFE2C4004876877770024607A98A03E2C40086FE6F
:2015E000060004FE4396430E421E19024876667784FE060004FE4497439601522360196F07
:201600000002421E0F0248766677406F0002421E2202487666773A6F0002421E050248761C
:201620006677346F0002421E0E02487666772E6F4492E7610152EB610252EF610352F36176
:20164000256F02522360196F0002421E0F02487666771C6F0002421E220248766677166F58
:201660000002421E050248766677106F0002421E0E02487666770A6F4492E7610152EB61A4
:201680000252EF610352F361016F84FE060004FE4396430E421E0E024876667784FE060046
:2016A000487676794876C75B20FF00004876E45B019A009B4876E45B019A009B4876FB5B04
:2016C000029A009B4876FB5B019A4876125C019A009B48761B5C029A009B48761B5C019A86
:2016E000009B48765C5C019A009B4876685C009A4876745C009A48767D5C009A4876865C8E
:20170000009A48768F5C029A009B48765C5C029A009B4876685C060002FE42A8BC02420729
:20172000A98AC42BBA024207A98AC42B78024207A98ABF56C401C5024207A98AC42BC30299
:201740004207A98AC42BC3024207A98AC42B84024207A98AC42BCE024207A98AC42BCF02F1
:201760004207A98AC42B80024207A98AC42B26024207A98AC42BAF024207A98AC42B1B0245
:201780004207A98AC42BAE024207A98AC42BAC024207A98AC42BAD024207A98AC42BB002DE
:2017A0004207A98ABF56C40182FE0600019A009B4876EB5A019A019B4876EB5A019A029BA2
:2017C0004876EB5A029A009B4876EB5A029A019B4876EB5A029A029B4876EB5A029A039B1B
:2017E0004876EB5A060004FE449743960D6F440E421E1102487666770C6F440E421E11020E
:2018000048766677066F0052F3610152F761016F84FE060004FE449743960D6F440E421E8B
:201820001002487666770C6F440E421E0B0248766677066F0152F3610252F761016F84FE6C
:20184000060004FE4396430E421E0C024876667784FE060004FE429741960152116042927B
:2018600001520460BF5643AA056F00520360BF564355448F0080435CA9A04876EAAA419279
:2018800002520F60429201520460BF5643AA036FBF564355048F00A0A9A8435C4876EAAA64
:2018A00084FE060006FE467D457C441E0D6F460E421E4406487666770D6F460E421E4A0621
:2018C00048766677076F45920152F2610252F661016F86FE060004FE449743961C02421EA1
:2018E000435C445D28024876435C84FE060004FE449743962102421E435C445D0D02487653
:20190000435C84FE060004FE4396430E421E1D024876667784FE060004FE4396430E421E46
:2019200028024876667784FE060004FE4396430E421E1B024876667784FE060004FE4396B3
:20194000430E421E1C024876667784FE060006FE4697459644A042A8459201520F601C0254
:201960004407A98AC4CCF3FF0450A9881C024407A98AC47E428ABF56C408469201520F60BD
:201980001C024C07A98AC4CCF3FF0450A9881C024C07A98AC47E4A8ABF56C40886FE060077
:2019A00004FE44A042A8A2024207A98AAD02AFE2C4004207A98A8602C4E2C401420700E794
:2019C0000800A98A03E2C400A4024207A98AA4024407AFE2C400A98AAD024207AFE2C4013A
:2019E000A98A10E7400088024FE800E0C4E2C401420700E70800A98A03E2C400A002420772
:201A0000A71EA0024407A98AC792C496A2024207A98AC4C4A2024407A98AC4C2140242077F
:201A2000A98AC4920A60A4024207A98AC4C4A4024407A98AC4C2076FA4024407A98A90E550
:201A400003E2C40034024207A98AAD02AFE2C4004207A98A8C02C4E2C401420700E708007A
:201A6000A98A03E2C4003C024207A98A3C024407AFE2C400A98AAD024207AFE2C401A98A3E
:201A800010E740008E02C4E2C401420700E70800A98A03E2C40090024207A98A02E84012B6
:201AA00003E2C40092024207A98A90E503E2C40094024207A98A03E2C40096024207A98A80
:201AC00002E8D02303E2C40098024207A98A02E8401A03E2C400AC024407A98AC42BAD02B3
:201AE0004407A98AC42BAE024407A98AC42B8E024407A98A90E503E2C4008C024407A98A24
:201B000003E2C40086024407A98A03E2C40088024407A98A03E2C40090024407A98A03E2C7
:201B2000C40092024407A98A03E2C40094024407A98A03E2C40096024407A98A03E2C400AA
:201B400098024407A98A03E2C40084FE060002FE42A8A2024207A98AAD02AFE2C4004207E5
:201B6000A98A8602C4E2C401420700E70800A98A03E2C400A4024207A98AAD024207AFE280
:201B8000C400A98A4FE800E08802C4E2C401420700E70800A98A03E2C40034024207A98A7C
:201BA000AD024207AFE2C400A98A8C02C4E2C401420700E70800A98A03E2C4003C02420711
:201BC000A98AAD024207AFE2C400A98A8E02C4E2C401420700E70800A98A03E2C4009002B1
:201BE0004207A98A02E8401203E2C40092024207A98A90E503E2C40094024207A98A03E25F
:201C0000C40096024207A98A02E8D02303E2C40098024207A98A02E8401A03E2C40082FEE3
:201C2000060018FE2276058F00F8A9A84076D18007F6007769FF058F00F864024876E2C2DC
:201C40005796487644C90252FD60009A487668C75796AD5C98DCA45CC87620F100F684243D
:201C6000088FEC4F4EA8069A4E8A487622C6487644C90252FD60487676C94C1EAD5D00028F
:201C800098DD421E432BA55D019A009B4E8A487634BA487644C90252FD60487676C94C1E62
:201CA0001A761E8F8084A9A848762D50A928AA34A828EF121EBE003100B600D501D442C266
:201CC000441E8476008046A9A60648C3BF5649084876749CAD5C96DCA45C07F6842B048F94
:201CE00000801EBEA9A8AD5C08D542C296DCA45C48762C9D012920FF409C48762D50487636
:201D0000045098FE060012FE50A04EA8519650C5AD888CDEA65C03F6842482024E07A98A93
:201D20004CCDFEFFC4920190A8CA4C9688024E07A98AAFE2C40050E80048AA2B8EE6000022
:201D4000AC2818000002A6BF120FAA18000000900091A627AB18FFFF525644A9421E4A0659
:201D60004CA3A91800FFA818FFFFAB18FFFFAA18FF00C80013C94CA94A1E86024E07A98A63
:201D8000AFE2C40050E800484CA38EE60000AB18FF00AA1800FFA9BF120FA90E009137FF81
:201DA000ABCAAACB4C1E84024E07A98A4CCDE3FFC492079081FFA8CA4C9683024E07A98AF8
:201DC0004CCDFDFFC492019080FFA8CA4C968A024E07A98AAFE2C40050E800484AA38EE6EA
:201DE0000000AB18FF00AA1800FFA9BF120FA90E009137FFABCAAACB4A1E4918FF004C1843
:201E00001FFF519201521C60008F020300BE000242A8432B00D510D446C2481E84760080A5
:201E2000A60648760079048F008010BEA9A8AD5C08D542C28CDCA45C487619791D6F02520B
:201E40001B60008F020700BE000242A8432B00D510D446C2481E84760080A60648760079D3
:201E6000048F008010BEA9A8AD5C08D542C28CDCA45C4876197992FE060010FE4B964AA817
:201E800001522560BB024A07A98AC492015244600002501E4E2B4D2B008F090300BE42A838
:201EA00000D5432B0ED446C284760080481EA60648760079048F00800EBEA9A8AD5C08D51C
:201EC00042C290DCA45C48761979266F02522460BB024A07A98AC49201521E600002501EFD
:201EE0004E2B4D2B008F090700BE42A800D5432B0ED446C284760080481EA60648760079BA
:201F0000048F00800EBEA9A8AD5C08D542C290DCA45C4876197990FE06000CFE4B964AA87A
:201F200001521C60008F080300BE000242A8432B00D510D446C2481E84760080A606487615
:201F4000007910BE280208D542C24A0784760080A98AA606487619791D6F02521B60008F4B
:201F6000080700BE000242A8432B00D510D446C2481E84760080A6064876007910BE2802BE
:201F800008D542C24A0784760080A98AA606487619798CFE060012FEAD884EA856C5519699
:201FA00050A08CDEA65C03F68424AF024E07A98AC49202522F6036024E07A98A3802AFE227
:201FC000C4004E07A98A3A02AFE2C4014E07A98A3602AFE2C4025007A98A380212E3C4038C
:201FE0005007A98A10E780003A02500716E3C401A98A10E74000AFE2C40110E74000007721
:2020000050E8004800778EE60000007713E24B002A6FAF024E07A98AC49201521E6036026D
:202020004E07A98A3802AFE2C4004E07A98A3A02AFE2C4014E07A98A10E74000AFE2C4015A
:2020400010E74000007750E8004800778EE60000007713E24B00076FAF024E07A98AC492AB
:2020600002604B2B34024E07A98AAFE2C40050E8004800778EE60000007713E24C004A2BDD
:20208000492B519201521C60008F030300BE000242A8432B00D511D446C2481E84760080CB
:2020A000A60648760079048F008011BEA9A8AD5C08D542C28CDCA45C487619791D6F025288
:2020C0001B60008F030700BE000242A8432B00D511D446C2481E84760080A606487600794F
:2020E000048F008011BEA9A8AD5C08D542C28CDCA45C4876197992FE060012FE50A04EA87F
:20210000519650C5AD888CDEA65C03F6842496024E07A98A01E861EE0EE86966AFE2C4000F
:202120004876BAC48EE60000007713E24B0090024E07A98A01E861EE0EE86966AFE2C400CC
:202140004876BAC48EE60000007713E24C009A024E07A98A02E80109AFE2C4004876BAC46E
:202160008EE60000007713E24A0094024E07A98A02E80109AFE2C4004876BAC48EE600001E
:20218000007713E24900519201521C60008F040300BE000242A8432B00D511D446C2481E02
:2021A00084760080A60648760079048F008011BEA9A8AD5C08D542C28CDCA45C48761979ED
:2021C0001D6F02521B60008F040700BE000242A8432B00D511D446C2481E84760080A606A4
:2021E00048760079048F008011BEA9A8AD5C08D542C28CDCA45C4876197992FE060012FE2D
:2022000050A04EA8519650C5AD888CDEA65C03F6842498024E07A98AAFE2C40050E80048A3
:2022200000778EE60000007713E24B0092024E07A98AAFE2C4008EE60000007713E24C005F
:20224000519201521C60008F050300BE000242A8432B00D511D446C2481E84760080A606CF
:2022600048760079048F008011BEA9A8AD5C08D542C28CDCA45C487619791D6F02521B60F7
:20228000008F050700BE000242A8432B00D511D446C2481E84760080A60648760079048F73
:2022A000008011BEA9A8AD5C08D542C28CDCA45C4876197992FE060012FE50A04EA8519669
:2022C00050C5AD888CDEA65C03F684244E8AAFE2C4008EE60000007713E24C00AFE2D400E9
:2022E00050E8009C00778EE60000007713E24B0000024A1E519201521C60008F0A0300BEF2
:20230000000242A8432B00D511D446C2481E84760080A60648760079048F008011BEA9A8AB
:20232000AD5C08D542C28CDCA45C487619791D6F02521B60008F0A0700BE000242A8432BE8
:2023400000D511D446C2481E84760080A60648760079048F008011BEA9A8AD5C08D542C2DB
:202360008CDCA45C4876197992FE060012FE50A04EA8519650C5AD888CDEA65C03F68424DB
:202380000C024E07A98AAFE2C4008EE60000007713E24B000E024E07A98AAFE2C4008EE6C6
:2023A0000000007713E24A000A024E07A98AAFE2C4008EE60000007713E24C00492B5192FB
:2023C00001521C60008F0B0300BE000242A8432B00D511D446C2481E84760080A60648766D
:2023E0000079048F008011BEA9A8AD5C08D542C28CDCA45C487619791D6F02521B60008FA5
:202400000B0700BE000242A8432B00D511D446C2481E84760080A60648760079048F0080FA
:2024200011BEA9A8AD5C08D542C28CDCA45C4876197992FE060012FE50A04EA8519650C552
:20244000AD888CDEA65C03F6842419024E07A98A4988C492A63C497E4E8AAFE2F4008EE6F6
:202460000000007713E24B0008024E07A98AAFE2C4008EE60000007713E24A004E8AAFE22B
:20248000E4008EE60000007713E24C004918FF00519201521C60008F0D0300BE000242A8D1
:2024A000432B00D511D446C2481E84760080A60648760079048F008011BEA9A8AD5C08D510
:2024C00042C28CDCA45C487619791D6F02521B60008F0D0700BE000242A8432B00D511D470
:2024E00046C2481E84760080A60648760079048F008011BEA9A8AD5C08D542C28CDCA45C8C
:202500004876197992FE060012FE50A04EA8519650C5AD888CDEA65C03F684241C024E072E
:20252000A98AC49203520C609D024E07A98A4ACDFF80C4927F9087FFA8CA4A96036F4A1883
:20254000FF8024024E07A98AAFE2C4008EE60000007713E249001C024E07A98A4CCDC7FF4B
:20256000C492079082FFA8CA4C961B024E07A98A4CCDF9FFC492039080FFA8CA4C961A020B
:202580004E07A98A4CCDFEFFC4920190A8CA4C9620024E07A98AAFE2C40050E80048487625
:2025A00069C8AC28180000900091AB18FFFFAA180000525644A9421E4A064CA3A91800FF66
:2025C000A818FFFFAB18FFFFAA18FF00C80013C94CA94A1E1E024E07A98AAFE2C40050E885
:2025E0000048487669C8A9A900914CA337FFAB18FF00AA1800FFABCAAACB4C1E4C183FFF23
:202600004A18FF7F519201521C60008F010300BE000242A8432B00D502D446C2481E84766A
:202620000080A60648760079048F008002BEA9A8AD5C08D542C28CDCA45C487619791D6FE5
:2026400002521B60008F010700BE000242A8432B00D502D446C2481E84760080A6064876FF
:202660000079048F008002BEA9A8AD5C08D542C28CDCA45C4876197992FE060010FE4B9696
:202680004AA8015225609F024A07A98AC492015244600002501E4E2B4D2B008F060300BE47
:2026A00042A800D5432B0ED446C284760080481EA60648760079048F00800EBEA9A8AD5C07
:2026C00008D542C290DCA45C48761979266F025224609F024A07A98AC49201521E600002A2
:2026E000501E4E2B4D2B008F060700BE42A800D5432B0ED446C284760080481EA6064876C0
:202700000079048F00800EBEA9A8AD5C08D542C290DCA45C4876197990FE06000EFE4996EB
:2027200048A046A8015231600002421E2202487611500002421E0F02487611500002421E46
:20274000050248761150048F008090E591E5A9A848760CABA928FFFFFF9B4E1E4C2B4B2BCD
:202760004E1A00004D1A00554C1A00004B1A0000048F0080A9A8AD5C12BE08D58EDC42C2E2
:20278000A45C48761979326F025230600002421E2702487611500002421E3B0248761150FC
:2027A0000002421E090248761150048F00A090E591E5A9A848760CABA928FFFFFF9B4E1ED4
:2027C0004C2B4B2B4E1A00004D1A00554C1A00004B1A0000048F00A0A9A8AD5C12BE08D5E3
:2027E0008EDC42C2A45C48761979A0024607A98AC42B82024607A98AC42B1E024607A98A77
:2028000090E503E2C40020024607A98A03E2C4003C024607A98A03E2C40048024607A98A1E
:2028200003E2C400AD024607A98AC42BAC024607A98AC42B3C025607A98AC42BBB024607ED
:20284000A98ABF56C401E3024607A98ABF56C4011C024607A98ABF56C404D0024607A98A5F
:20286000BF56C401AF024607A98AC49202521A60A0024807A98AC42B0002421E0E024876E6
:202880001150499201520860448F00A055D4A9A04876EAAA076F448F008055D4A9A0487611
:2028A000EAAA548ABF56C4088EFE060004FE44A042A81B024207A98AC4921E60AC024207FF
:2028C000A98AC42BAD024207A98AC42BAE024207A98AC42B9F024207A98AC42BD00242077A
:2028E000A98AC42BBA024207A98AC42BB0024407A98ABF56C4011B024207A98AC4921A601C
:20290000CA024207A98AC4920152146046024807A98AC4920F60E4024207A98AC40AE402AD
:202920004207A98AC4922D520560E4024207A98AC42B1C024207A98AC49203521261430293
:202940004807A98AC49201520761C6024207A98AC49201520660E3024207A98ABF56C40156
:202960001B024207A98AC49201520A604A8AC4920B5206609F024207A98ABF56C40184FE45
:2029800006002276289AA9F4297027F60077009AA9F4297027F600771A76006F08FE44A8B8
:2029A000AD5C44C544C4448302E8830F88DCAFE2C700AFE2D601AFE2E502A45C48764AC452
:2029C0004602448A4407A9834876E16D08024407A98A0A02AFE2C4014407A98A4483AFE29E
:2029E000C402AD5CAFE2F50002E8030985DCA45C48764AC406E80005080203E242004407F0
:202A0000A98A0A02AFE2C4014407A98A4483AFE2C402AD5CAFE2F50002E8D31F86DCA45CB8
:202A200048767DC418024407A98AAFE2C400AD5C02E8F21102E8911287DCA45C48762BC417
:202A4000009B489200B600BE0052026101BEA6920260019B0053026101B644024407A98AB2
:202A6000C47F009B459200BE00B60052026101BEA6920260019B0053026101B64502440784
:202A8000A98AC47F009B469200BE00B60052026101BEA6920260019B0053026101B6470279
:202AA0004407A98AC47F009B479200BE00B60052026101BEA6920260019B0053026101B656
:202AC00048024407A98AC47F49024407A98AC42B88FE060004FE44A042A8AF024207A98AAA
:202AE000C49202522A60D0024207A98AC4922560AC024407A98AC4921660AD024407A98A54
:202B0000C492116072024407A98AC4920C6073024407A98AC49207603C024807A98ABF56B5
:202B2000C4013E6F1B024207A98AC49239603C024807A98AC42B346FAF024407A98AC492C4
:202B400002522A60D0024407A98AC4922560AC024207A98AC4921660AD024207A98AC492F5
:202B6000116072024207A98AC4920C6073024207A98AC49207603C024807A98ABF56C401EA
:202B80000F6F1B024407A98AC4920A603C024807A98AC42B056F3C024807A98AC42B84FE08
:202BA000060006FE44A8D0024407A98AC49201522961AC024407A98A00BE00B6C492026143
:202BC00001B672024407A98A009AC49300530261019AA770026101BE467E73024407A98A1A
:202BE00000BE00B6C492026101B6AD024407A98A009AC49300530261019AA770026101BE49
:202C0000457E6A0202E890404407A98A0BE800E000BE009AAFE2C40194E6010014AD02622C
:202C2000019A0052026101BECA024407A98AC47E00B601BE4692096045920760CA024407EE
:202C4000A98AC492026000BEA692026101B6C6024407A98AC47F469201520660C70244074B
:202C6000A98ABF56C401459201520660C8024407A98ABF56C40186FE060006FE46A044A835
:202C80000E024407A98AAFE2C400A0E514ADE0FF84000A024407A98A0C02AFE2C400440770
:202CA000A98A0E02AFE2C40100E7080044074FE800D0A98A03E2C4006F6F0E024407A98AF2
:202CC00002E850330BE80000AFE2C40194E6010014AD39651B024607A98AC4920B609A026A
:202CE0004407A98A02E850370BE8000003E2C4000F6F9A024407A98A02E850330BE8000051
:202D000003E2C40014024407A98ABF56C4013C024607A98AAFE2C40012E8000014AD0D635E
:202D200014024407A98AC49201520760AF024407A98ABF56C4013A6FAF024407A98ABF56F9
:202D4000C402346F9A024407A98A02E850330BE8000003E2C400AF024407A98ABF56C401DE
:202D6000256F9A024407A98A02E850330BE8000003E2C400AF024407A98ABF56C401166F0E
:202D80009A024407A98A90E503E2C400AF024407A98AC42B0B6FAF024607A98AC4928E61ED
:202DA0000152E0610252ED61016F86FE060008FE46A044A8EFFFEB0281024407A98AC42B40
:202DC00080024407A98AC42BAA024407A98AC42B84024407A98AC42BC4024407A98AC42BC5
:202DE0001A024407A98AC42BA0024407A98AC42B82024407A98AC42BA2024407A98A90E5B3
:202E000003E2C400A4024407A98A03E2C40064024407A98A03E2C400EFFFC9028102440728
:202E2000A98ABF56C40A84024407A98AC42BA0024407A98AC42B82024407A98AC42BA202E5
:202E40004407A98A90E503E2C400A4024407A98A03E2C400AC024407A98AC42BAD024407F4
:202E6000A98AC42BAE024407A98AC42BEFFF9F0281024407A98ABF56C414CA024407A98A4C
:202E8000C49221606A024407A98A02E8C0500CE800B4AFE2C40194E6010014AD14626A025B
:202EA0004407A98A02E890400BE800E0AFE2C40194E6010014AD076584024407A98ABF56F0
:202EC000C401056F84024407A98AC42BC6024607A98AC4920660448A468348762E660F6F5B
:202EE0009A024407A98A02E850330BE8000003E2C400AF024407A98ABF56C4011B0246073C
:202F0000A98AC4920152E0FF1502AF024407A98AC4920252E0FF0E0214024407A98ABF566E
:202F2000C401EFFF070281024407A98ABF56C41484024407A98AC42BA0024407A98AC42BE5
:202F400082024407A98AC42BA2024407A98A90E503E2C400A4024407A98A03E2C400AC02C5
:202F60004407A98AC42BAD024407A98AC42BAE024407A98AC42B80024407A98AC42BEFFFCE
:202F8000160264024407A98A90E503E2C40080024407A98AC4920960AA024407A98AC40A60
:202FA00084024407A98AC42BAA024407A98AC4923C524E69AA024407A98ABF56C43D800297
:202FC0004407A98ABF56C401DA024407A98A02E890400BE800E0AFE2C40194E6010014AD20
:202FE0003365DC024407A98A02E890400BE800E0AFE2C40194E6010014AD2665DA0244070C
:20300000A98A02E890440BE800E0AFE2C40194E6010014AD1363DC024407A98A02E89044CA
:203020000BE800E0AFE2C40194E6010014AD066384024407A98AC42B0B6F84024407A98A51
:20304000BF56C401056F84024407A98AC42B82024407A98AC42B84024407A98AC492015291
:20306000196081024407A98ABF56C4D4A0024407A98AC42BA2024407A98A90E503E2C400DA
:20308000AD024407A98AC42BAC024407A98AC42B226F80024407A98AC4921D6081024407C7
:2030A000A98ABF56C4D3A0024407A98ABF56C40124024407A98AC4C4A2024407A98AC4C263
:2030C000AD024407A98ABF56C401AC024407A98ABF56C401A4024407A98A90E503E2C400A1
:2030E000AE024407A98AC42BEFFF61011A024407A98AC492506181024407A98ABF56C4DD0B
:2031000064024407A98A90E503E2C400A0024407A98ABF56C40182024407A98AC42B1E02A2
:203120004407A98AC4C4A2024407A98AC4C2AF024407A98AC492025204600202481E036FC8
:203140000102481E68024407A98AC4C45A024407A98AC4C288E2480020024407A98A4FE8AD
:2031600001E0AFE2C4004876BAC4A4024407A98A03E2C400AC024407A98AC42BAD024407FB
:20318000A98ABF56C401AE024407A98ABF56C401EFFF0D0181024407A98ABF56C4DEA002C4
:2031A0004407A98AC42B82024407A98AC42BA2024407A98A90E503E2C400A4024407A98A4D
:2031C00003E2C400AC024407A98AC42BAD024407A98AC42BAE024407A98AC42BEFFFE7001D
:2031E00081024407A98ABF56C417C3024407A98AC42BA0024407A98ABF56C40182024407E3
:20320000A98ABF56C4011E024407A98AC4C4A2024407A98AC4C21E024407A98A2002AFE282
:20322000C4004407A98A2E02AFE2C401440700E70800A98A03E2C400AF024407A98AC4922B
:203240000252256064024407A98A6602AFE2C4004407A98A6602AFE2C4014607A98A6402D2
:2032600012E3C401440710E74000A98A03E2C40066024407A98A90E503E2C400660246077D
:20328000A98A03E2C4000202481E1A6F64024407A98A6602AFE2C4004407A98A6402AFE249
:2032A000C401440710E74000A98A03E2C40066024407A98A90E503E2C4000102481E20025C
:2032C00088E248004407A98A4FE801E0AFE2C4004876BAC4A4024407A98A03E2C400AC029A
:2032E0004407A98ABF56C401AD024407A98ABF56C401AE024407A98AC42B586F81024407BD
:20330000A98ABF56C418448A4876C8691B024407A98AC4920960BB024407A98AC42BBC028A
:203320004407A98AC42B80024407A98AC42B3E6F1C024407A98AC4880202A60F0C64A60FBE
:20334000E1FFD6FEA606E1FFF0FD0102A60FE1FF1AFE2C6F0302A60FE1FF44FF0402A60F5D
:20336000CE61246F81024407A98ABF56C41E64024407A98A90E503E2C400448A4876C869D4
:2033800080024407A98AC42B116F1B024407A98AC488A606E1FF12FD0102A60FE1FF40FD67
:2033A0000202A60FE1FF66FDDE6F88FE060006FE44A8AF024407A98AC49202520460020207
:2033C000461E036F0102461E3C024407A98AAFE2C40011E800FC14AD7065D0024407A98AC4
:2033E000C49201524461AC024407A98AC49201523E60AD024407A98AC4920152386081021B
:203400004407A98ABF56C42882024407A98ABF56C401A0024407A98ABF56C401BA02440750
:20342000A98ABF56C4011E024407A98AC4C4A2024407A98AC4C2200288E246004407A98A61
:203440004FE801E0AFE2C4004876BAC4A4024407A98A03E2C400AC024407A98ABF56C401F0
:20346000AD024407A98ABF56C401546FD0024407A98AC49201524E6082024407A98AC42BEA
:20348000A2024407A98A90E503E2C40080024407A98AC42BAA024407A98AC42BA4024407F3
:2034A000A98A03E2C400AC024407A98AC42BAD024407A98AC42B2E6F81024407A98ABF5646
:2034C000C429BA024407A98ABF56C40182024407A98AC42BA0024407A98AC42BA2024407FC
:2034E000A98A90E503E2C40080024407A98AC42BAA024407A98AC42BA4024407A98A03E26A
:20350000C400AC024407A98AC42BAD024407A98AC42BAE024407A98AC42B1B024407A98AF8
:20352000C492286081024407A98AC42B82024407A98AC42B80024407A98AC42BBB024407D5
:20354000A98AC42BC4024407A98AC42B64024407A98A90E503E2C40068024407A98AC4C4A4
:203560005A024407A98AC4C2AF024407A98AC42B066F81024407A98ABF56C4FF86FE0600F5
:203580000AFE46A044A8421E20FF8106420F3460448A00BEC440026C01BEC4024607A98A63
:2035A000C47E448A00BEC441026C01BEC3024607A98AC47E448A00BEC442026C01BEC402FF
:2035C0005007A98AC47E448A00BEC443026C01BEC3025007A98AC47E448A009B00BEC49251
:2035E000309030520260019B0053026101BE51025207A98AC47E20FF8206420F6A60448A65
:20360000009AC440026C019A4896489201520560CF024607A98AC42BC7024607A98AC42B1B
:20362000C8024607A98AC42B448A009AC441026C019A4796479201520560CF025007A98A12
:20364000C42BC7025007A98AC42BC8025007A98AC42B448A009AC442026C019A49964992C5
:203660000152056050025207A98AC42B4C025207A98AC42B4A025207A98AC42B4D0252078D
:20368000A98AC42B4B025207A98AC42B54025207A98AC42B55025207A98AC42B53025207EF
:2036A000A98AC42BCB024607A98AC42BCC024607A98AC42B59025207A98AC42B008F60A802
:2036C00001F6842B448AC492075203604876B2648AFE060006FE459644A042A800520E6194
:2036E000448AC40A448AC4920A520B68C492019CC496428ABF56C401046FC42B448AC42B29
:2037000086FE06000AFE499648A046A81B024607A98AC49201520560AF024607A98AC42B97
:20372000AF024807A98AC4920252E1FF8601C6024607A98AC492E0FF7B01CF024607A98AFB
:20374000C492E0FF7501CE024607A98AC492E0FF6F01C6024807A98AC49201521060AF02B5
:203760004607A98ABF56C4019A024607A98A02E850330BE8000003E2C400356FAF02480726
:20378000A98AC4920B609A024607A98A02E850370BE8000003E2C400266FAF024807A98A44
:2037A000C49201521060AF024607A98ABF56C4019A024607A98A02E850330BE8000003E284
:2037C000C400116FAF024807A98AC49202520B60AF024607A98AC42B9A024607A98A90E5AC
:2037E00003E2C4001B024607A98AC492E0FFA90081024607A98AC42BAF024607A98AC42B93
:20380000A0024607A98AC42B84024607A98AC42B82024607A98AC42B68024607A98AC4C43D
:203820005A024607A98AC4C280024607A98AC42BAA024607A98AC42B3356A61E2802460756
:20384000A98AC4A9D4C24E8AE418FF00EC180000F4180000FC18000064024607A98A90E5E0
:2038600003E2C40026024607A98AC42BBC024607A98AC42BBB024607A98AC42BC30246079D
:20388000A98AC42BC4024607A98AC42B78024607A98ABF56C40179024607A98AC42B1802F9
:2038A0004607A98AC42B14024607A98AC42B0A024607A98A03E2C4000E024607A98A03E26A
:2038C000C4000C024607A98A03E2C40014024807A98AC42B1A024607A98AC42B9F024607ED
:2038E000A98AC42B24024607A98A03E2C4009D024607A98AC42B468A03E2D400D802460799
:20390000A98AC42BD9024607A98AC42B3C024607A98A03E2C40020024607A98A03E2C40089
:203920001E024607A98A03E2C40048024607A98A03E2C400E5024607A98AC42B7D6FC302C4
:203940004607A98AC4921460C4024607A98AC4920F60BC024607A98AC4920A60BC02460709
:20396000A98AC42BA0024607A98AC42B116FC3024607A98AC49201520B60C4024607A98AF5
:20398000C4920660BC024607A98ABF56C401C4024607A98AC49201520E6126024607A98A4D
:2039A000C4920152086178024607A98AC492146049921260BB024607A98ABF56C401C30208
:2039C0004607A98AC42BBC024607A98AC42B79024607A98AC42BC4024607A98AC492015272
:2039E000086178024607A98AC4920D6049920B60BB024607A98ABF56C401E2024607A98AE0
:203A0000BF56C401BC024607A98AC49201521460BB024607A98AC4920F60BA024607A98A33
:203A2000C42B4883468A4876C866066FBB024607A98ABF56C4018AFE0600BDB2BDAAAD5A19
:203A40008ADAAD08DA01AD880ED00ED1A60816FF92A00BD09AC5A093A859A65D10D092A800
:203A60009A960CD003E29200AD88A6082EFEE7F68524A65CD2C5E7F684240E6F4A0210D067
:203A80009207A98ABF56C4010F6F4A0210D09207A98AC42B096F2E0210D09207A98AC49271
:203AA000EE610152F361300210D09207A61E10D031029207A98AC492A68AC470015207604E
:203AC0004D0210D09207A98ABF56C4012F0210D09207A98AC492015207604B0210D092075E
:203AE000A98ABF56C4012D0210D09207A98AC4921A600CD0AFE2920012E8781914AD13654B
:203B00000BD092921060C28AC40AC28AC49214520C684C0210D09207A98ABF56C401C28A80
:203B2000C42B036FC28AC42B008D6C01929201520661008D6D0192920152296084D092929E
:203B40000152056185D09292015221603C0210D09207A98AC49201520F61330210D09207AE
:203B6000A98AC49201520861320210D09207A98AC49201520C60540210D09207A98ABF56F4
:203B8000C40110D03C029207A98AC42B320210D09207A98A10D03C02C4889207A98AC4802D
:203BA000A606A70F0E60330210D09207A98A10D03C02C4889207A98AC480A606A70F0C610B
:203BC000550210D09207A98ABF56C40110D03C029207A98AC42BAD0826FEBE86BE8B0600C3
:203BE00006FE46A044A81F76B502262B269202523F660129035626014407A98AAFE2C40024
:203C000012E8281914AD0F64035626014407A98A02E8481C0CE80000AFE2C40194E6010024
:203C200014AD20651F76B802AFE21000A0E514AD08601F76B602AFE21000A0E514AD0F61FC
:203C40001F76B502035626014407A98AAFE2C400A0E514AD0460468AC42B046F468ABF5604
:203C6000C4011F76B502260A26920252C469448AAFE2C40012E8781914AD2E6502E8201CA2
:203C8000AFE2C4010CE8000094E6010014AD2463AFE2D40012E8781914AD1E6502E8201CBD
:203CA000AFE2D4010CE8000094E6010014AD1463AFE2E40012E8781914AD0E6502E8201C9D
:203CC000AFE2E4010CE8000094E6010014AD0463262B468AC42B86FE060006FE44A042A86B
:203CE000048F0080A9A848760B7CA90E461E80BE009B8090A60F0C60428AC40A428AC4923A
:203D000004520868C42B448ABF56C401036F428AC42B048F00A0A9A848760B7CA90E461E35
:203D200080BE009B8090A60F0C604A8AC40A4A8AC49204520A68C42B4C8ABF56C401056FD2
:203D40004A8AC42B4C8AC42B86FE060002FE42A8C8024207A98AC49201520761C7024207FE
:203D6000A98AC49201520660CF024207A98ABF56C40182FE060006FE4697459644A042A8CA
:203D8000CA024207A98AC49201520461459201520E601F76B502270A27920F521469272BCF
:203DA000CE024207A98ABF56C4010D6FCE024207A98AC42B086F448ABF56C4010C6F448ABE
:203DC000C42B096FCA024207A98AC492F5610152F761016F86FE060004FE4497439642A843
:203DE0004C024207A98AC492015213614B024207A98AC49201520D614D024207A98AC492DB
:203E00000152076153024207A98AC4920152066046024207A98AC4921B6154024207A98A9F
:203E2000C4920152156155024207A98AC49201520F61439201520C611F76AD020C920152AD
:203E4000076159024207A98AC4920152066050024207A98ABF56C40184FE060008FE03E2F9
:203E6000460103E24400479642A844024207A98AC4920152226146024207A98AC4920152B0
:203E80001C6145024207A98AC4920152166147024207A98AC4920152106148024207A98A1D
:203EA000C49201520A614792015207614A024207A98AC492015216604E024207A98AC40AD9
:203EC0004E024207A98AC492055214694E024207A98ABF56C4064F024207A98ABF56C4019A
:203EE000096F4E024207A98AC42B4F024207A98AC42B88FE060004FE44A8AF024407A98A2A
:203F0000C492025224608C024407A98A02E850370BE80000AFE2C4014876BAC4DE024FE85A
:203F200000E04407A98A03E2C400DE024407A98AAFE2C40012E8401A14AD3165DE024407F1
:203F4000A98A02E8401A03E2C400296FAF024407A98AC492015223608C024407A98A02E858
:203F600050330BE80000AFE2C4014876BAC4DE024FE800E04407A98A03E2C400DE024407F0
:203F8000A98AAFE2C40012E8401614AD0865DE024407A98A02E8401603E2C40084FE06004C
:203FA0000AFE4AA048A8AFE2C40012E8E81B14AD0D62AFE2D40012E8E81B14AD0762AFE280
:203FC000E40012E8E81B14AD2465807680A9408F0CA8008F00AA42C2019A44A046A8408F9B
:203FE00080AB008F80AA48767F638076C0A9408F0DA8008F00AA42C2029A44A046A8408FE0
:2040000080AA008F80AB48767F634E8AC41A00108AFE060006FE46A044A81C024407A98A56
:20402000C492015207611C024407A98AC49203524F60DA024407A98A02E890400BE800E092
:20404000AFE2C40194E6010014AD4265DC024407A98A02E890400BE800E0AFE2C40194E66E
:20406000010014AD3565DA024407A98A02E890440BE800E0AFE2C40194E6010014AD2863DC
:20408000DC024407A98A02E890440BE800E0AFE2C40194E6010014AD1B63BB024407A98AE8
:2040A000BF56C40184024407A98AC42B008F80AAA9A8440F0560468AC41A0100096F008FBB
:2040C00080ABA9A8440F0460468AC41A020086FE060006FE46A044A81B024407A98AC492AC
:2040E000566170024407A98AAFE2C40012E8A01514AD0A626E024407A98AAFE2C40012E8AB
:20410000A01514AD4465BB024407A98ABF56C401D8024407A98AC4922960E6024407A98ACE
:20412000C40AE6024407A98AC49203521A681F76A902BF561001008F80AAA9A8440F0560F6
:20414000468ACC1A0020096F008F80ABA9A8440F0460468ACC1A0040E6024407A98AC42B04
:20416000D8024407A98ABF56C401008F80AAA9A8440F0560468AC41A0400096F008F80AB67
:20418000A9A8440F0460468AC41A080070024407A98AAFE2C40012E8F81B14AD0A616E0273
:2041A0004407A98AAFE2C40012E8F81B14AD1C60BB024407A98ABF56C401CF024407A98A7E
:2041C000BF56C401008F80AAA9A8440F0560468ACC1A0002096F008F80ABA9A8440F046051
:2041E000468ACC1A000486FE060008FE48A81F76B80206CC0080CEFF01520D6124CC0080E6
:20420000CEFF015208611F76B90202CC0080CEFF015218608076C0A9408F0DA8008F00AAC3
:2042200042C2029A44A046A8408F80AA008F80AB48767F631F76B102BF560F01488ACC1A94
:2042400000101F76B60206CC0080CEFF01520D6124CC0080CEFF015208611F76B70202CC0C
:204260000080CEFF01521860807680A9408F0CA8008F00AA42C2019A44A046A8408F80ABE0
:20428000008F80AA48767F631F76AD02BF560F01488ACC1A000888FE060006FE46A044A83A
:2042A0001C024407A98AC49203524A6020024407A98AAFE2C400A0E514AD4260AF02440734
:2042C000A98AC49202522260A4024407A98AAFE2C400A0E514AD3460D2024407A98AA20236
:2042E000AFE2C4004407B0E80028A98A03E2C400D2024607A98AA2024607AFE2C400B0E850
:204300000028A98A03E2C4001B6FAF024407A98AC49201521560A4024407A98AAFE2C40049
:20432000A0E514AD0D60D2024407A98AA202AFE2C4004407B0E80028A98A03E2C40086FE14
:2043400006000AFE4AA048A8BB024E07A98AC4924A601C024E07A98AC492035244608E02AB
:204360004E07A98AAFE2C40012E8801B14AD0A62D2024E07A98AAFE2C40012E8001114AD21
:204380003263008F80AAA9A84E0F1560807680A9408F0CA8008F00AA42C2019A44A046A860
:2043A000408F80AB008F80AA48767F63508AC41A4000196F008F80ABA9A84E0F1460807658
:2043C000C0A9408F0DA8008F00AA42C2029A44A046A8408F80AA008F80AB48767F63508A18
:2043E000C41A80008AFE060004FE44A042A8AC024207A98AC4920152196172024207A98AC4
:20440000C49201521361AD024207A98AC49201520D6173024207A98AC49201520761AE028B
:204420004207A98AC49201525760AC024407A98AC4920152196172024407A98AC4920152B6
:204440001361AD024407A98AC49201520D6173024407A98AC49201520761AE024407A98A72
:20446000C492015239603C024807A98AC49201520D6133024807A98AC49201520761320227
:204480004807A98AC4920152276059024807A98ABF56C40150024807A98ABF56C401AC0257
:2044A0004207A98AC42BAD024207A98AC42BAE024207A98AC42BAC024407A98AC42BAD0292
:2044C0004407A98AC42BAE024407A98AC42B3C024807A98AC42B84FE060004FE44A042A84B
:2044E00008024407A98AAFE2C50050E800D2AFE2C40190E809B24876BAC4DA024207A98AB7
:2045000003E2C400448308024407A98AAFE2C50050E800D2AFE2C401D0E809B24876BAC43E
:20452000DC024207A98A03E2C4004483E5C4D4024207A98AC4C24483D6024207A98AF5C45C
:20454000C4C24483D2024207A98AD5C4C4C284FE060004FE437C421E2276428ACCCCF0FF0B
:2045600043CACC961A7684FE060008FE487D477C421EA928FF81A828F701461E01290356C6
:20458000470142071009441E2276448A460655FFC4CECCCFA61EAC28140003564B0F5AFF24
:2045A000A606ABCAAACBA61E480E3B565AFFA606ABCAAACBA61E4E0601195AFFA606ABCA1F
:2045C000AACBC41E1A7688FE060006FE447D437C421E0356430145962276452D03023B566C
:2045E00055FFA61E0A024207A98AAA2B4427A606C4CECCCFA61EA9A93B565AFFA606ABCAE1
:20460000AACBA61E0A024207A98AC4C21A7686FE060004FE437C421E2276428AC4CCFBFF2A
:2046200043CAC4961A7684FE060002FE421E2276428AC41A80001A7682FE060004FE437C02
:20464000421E428A019A432D66FFE49684FE060006FE447D437C421E22764492FF9C035676
:20466000A90843CA4596428AD4CCC0F045CAD4961A7686FE060002FE421E227602024207AD
:20468000A98AC41A00801A7682FE060004FE437C421E227609024207A98AC4CCE0FF43CAB7
:2046A000A98809024207A98AC47E1A7684FE060006FE457C421E0129450E40FF42070709AE
:2046C000441E4592019082FF46962276448A462D209A66FFC4981A7686FE060008FE467D7C
:2046E000457C421E0129450E40FF42070709441E4592019082FF47962276472D0F9A448AD9
:20470000469366FF5EFF67FFC4CEA9CBC4971A7688FE060006FE457C421E0129450E40FF3A
:2047200042070709441E4592019082FF46962276462D448A409A66FF5EFFC4C01A7686FEEC
:20474000060002FE419641F4E10C82FE060002FE421E428AC41A000282FE060002FE421EE2
:2047600046C480024207A98AC4C282FE060002FE421EAD5C428386DCC506C4CACCCBC51EC2
:2047800082FE060002FE421E428AE49282FE060002FE421E10024207A98AC40682FE06002D
:2047A00004FE437C421E50024207A98A4392C49884FE060004FE437C421E58024207A98A5A
:2047C0004392C49884FE060004FE421E432B428AE4CCFF7F4396A91A0040E49684FE060078
:2047E00004FE421E432B428AE4CCFF7F43962050E49684FE060004FE421E432B428AE4CC58
:20480000FF7F43961050E49684FE060002FE421E428A4606D41E82FE060002FE421E428AC3
:20482000C40682FE060004FE437C421E428A4392C7FFFC96428A4392FF90F49684FE0600CC
:2048400002FE4297419622764193A8080079A85C4292C4961A7682FE060002FE429741961B
:20486000A9087070A95C4193A8087070C4CCF3FFA85C42CAC49682FE060002FE4196A90844
:204880007070A95CC418FEFF82FE060004FE421E012944FF31FF30FF18FF7F00441E448AE0
:2048A00042921F90C4A3A91622565AFF009BAB92A82F0190A927A9A984FE060006FE421E30
:2048C000012944FF31FF30FF18FF7F00441E0102A61E42921F90A92DA6063B56461E4A0603
:2048E0000560448A4606E41E046F448A4606D41E86FE060002FE421E09024207A98AC41A69
:20490000200082FE060002FE421E09024207A98AC418DFFF82FE060002FE421E20024207FF
:20492000A98AC41A006021024207A98AC41A002082FE060004FE447D437C421E2002420796
:20494000A98AC4CCE0FF43CAA98820024207A98AC47E21024207A98AC4CCE0FF44CAA9884A
:2049600021024207A98AC47E84FE060004FE421E20024207A98AC4CC001FC7FF439684FEFE
:20498000060004FE421E21024207A98AC4CC001FC7FF439684FE060004FE437C421E428A4D
:2049A0004392FC9684FE060002FE421E4283AA2B00BE00B6D5CC0010A92720FF0010AB0F30
:2049C000026001B6A793026101BEA69282FE060004FE437C421E09024207A98AC4CC67F90C
:2049E00043CAA98809024207A98AC47E84FE060004FE437C421E09024207A98AC4CCF8FFF9
:204A000043CAA98809024207A98AC47E84FE060002FE421E09024207A98AC41A002082FEA2
:204A2000060002FE421E09024207A98AC41A000882FE060004FE437C421E438808024207DE
:204A4000A98AC47E84FE060002FE421E09024207A98A20FF0000C44B026C019A0052026186
:204A6000019BA89282FE060004FE437C421E428A4392EC9684FE060004FE437C421E0902E2
:204A80004207A98AC4CCFFFE43CAA98809024207A98AC47E84FE060002FE421E01024207D2
:204AA000A98AC41A230082FE060002FE421E0A024207A98AC418FFBF01024207A98AC4185F
:204AC000FCFF82FE060002FE421E0A024207A98AC41A00800A024207A98AC41A00600B023C
:204AE0004207A98AC41A002082FE060002FE421E0B024207A98AC418FFDF0B024207A98A8A
:204B0000C41A002082FE060002FE421E0A024207A98AC418FFDF0A024207A98AC41A0020E9
:204B200082FE060002FE421E0A024207A98AC418FF7F0A024207A98AC41A008082FE060041
:204B400002FE421E0A024207A98AC4CC001FC7FF82FE060002FE421E0B024207A98AC4CCF9
:204B6000001FC7FF82FE060004FE437C421E4206487691751052FC61438809024207A98A8C
:204B8000C47E84FE060002FE421E428AEC9282FE060002FE421E01024207A98AC418DFFF82
:204BA00001024207A98AC41A200082FE060006FE421E42C431FFA6070319461E0002441EC7
:204BC0004606440F076901024407441E4606440FFB6686FE060014FE48A046A8441E487684
:204BE000AE764B964E2B4F2B00024A1E44064876757514024876C8750102421E1602487617
:204C000066774C2B57924C544069066F4F0A20FFF4014876C8754406487691751052046954
:204C20004F92C852F4684F92C75205694F2B019AEFFFA3004F2B066F4F0A20FFF4014876F5
:204C4000C875440648769175105204604F92C852F4684F92C75205694F2B019AEFFF8D00F4
:204C60004F2B4C80A7064607A71E09024407A98AC792C4964C0A57924C54CE66066F4F0A12
:204C800020FFF4014876C875440648769175005204614F92C852F4684F92C75204694F2B08
:204CA000019A6A6F4F2B066F4F0A20FFF4014876C875448AE446046D4F92C852F6684F9286
:204CC000C75204694F2B019A576F4F2B44064876677514024876C8750002421E16024876CC
:204CE000667720FF000C4876FE734A1E1C6F20FF000C4876FE73521E4A0F04664A06520358
:204D0000086F4A06AB28FFFFAA28FFFF5203AB07541E590E48767077540F0566BF56500172
:204D200050922A6F440648769B750052E1614D2B58924D541F69066F4E0A20FFF401487622
:204D4000C875440648769B75005204604E92C852F4684E92C75204694E2B019A0D6F448A2E
:204D60004D58FC92488AFF9094964D0A58924D54E966502B509294FE060004FE421E48762F
:204D8000B47543964344036C009A0E6F4343036C029A0A6F4342036C019A066F4345036CFF
:204DA000039A026F009A84FE060002FE068F0906A9A8487616B800D403024876C2B7000230
:204DC000421E03024876D7B600D4030248766FB603D40302487653B7068F0904A9A8487612
:204DE00016B80002421E02024876D7B6020201D448766FB603D40202487653B70102421E72
:204E000016024876D7B6088F000CA9A8487616B801D4160248766FB60002421E16024876A7
:204E20004F7482FE060006FE20FF007248764675A9284078A8287D0107BE008F0096421EFA
:204E400044A820FF007246C24876A6B220FF00724876547520FF00724876837520FF0072C7
:204E600048763D7586FE060002FE421E4876377482FE060006FE457D44A8421E487625777D
:204E800046964593448A4876387786FE060004FE4497439642A84388440EA60F0661C4926A
:204EA0000460BF56C4011F6F4388440EA60F0761C49201520460BF56C402156F4388440E63
:204EC000A60F0760C49202520460BF56C4030B6F4388440EA60F0760C49203520460C42B1B
:204EE000019A026F009A84FE060004FE441E4806421E440648764F74019A84FE060004FE82
:204F0000421E0002441E018FA086ACA86556420044A9440684FE060002FE4196035641088E
:204F20004193D7FFA9CBA89282FE060003E2BD0403E2BD0514FE03E2440090E503E246006B
:204F400003E2480002E80102AFE2440050E800284876BAC403E24A0002E8E12CAFE24A02C3
:204F60000AE8010051E8801E20E789004876BAC4B1E8801E007703E246004B2B31BE013B21
:204F80004B85A60F6067013B03564B02008F82AC0156A400AFE24601AFE2C40094E6010083
:204FA00014AD4D644B92008F82AC019C0356A9020156A400AFE2C40094E6010014AD3F6217
:204FC00003564B02008F80AC0156A400C4064E1E4B92019C008F80AC0356A9020156A4000B
:204FE000C406501E03564B02008F82AC0156A400C406521E4B92019C008F82AC0356A902A6
:205000000156A400C406541EAFE24603AFE25202AFE24E04AFE2500524E352D029E35459EF
:2050200020E7090000E798004876BAC4AFE24E0110E74000007703E24800076F4B0A4B854F
:20504000A60FA36802E8F81B94FEAFE2BE05AFE2BE04060003E2BD0403E2BD0514FE03E210
:205060004A0303E2480203E2460103E2440090E503E24C0003E24E00AFE24A01AFE24400D5
:2050800000E70800007703E2500002E8D02CAFE250010DE8008094E6010014AD046502E8A9
:2050A000F81B5F6FAFE25C02AFE2500322E3468800E718004876BAC4B1E8801E007703E29B
:2050C0004C00AFE248014876BAC403E25200AFE800E0AFE25201AFE809E0007700E70800F6
:2050E00002E801004876BAC4CFE60500AFE25201AFE25202AFE25200AFE809E0AFE800E02C
:20510000AFE812E000E7080002E8010200E352844876BAC4AFE821E0007720E7490100775E
:2051200010E74000007703E2540002E8980AAFE254010FE870CA10E7090002E8B02B0FE829
:2051400000004876BAC403E24E0002E8401CAFE24E010CE8989920E70800007703E24E00DC
:2051600094FEAFE2BE05AFE2BE04060004FE088F011EA9A8487616B8088F011CA9A8487698
:2051800016B8068F060CA9A8487616B8068F0214A9A8487616B8048F0080A9A84876BD9BBB
:2051A000048F00A0A9A84876BD9BA92800E1A828F505038F90D0448F0080421E44A8A9A0FF
:2051C00014D44876D09BA92800E1A828F505038F90D0448F00A0421E44A814D4A9A04876A2
:2051E000D09B048F0080A9A848769873048F00A0A9A848769873008F50C3448F008042A8EB
:20520000A9A048769F73008F50C3448F00A042A8A9A048769F7348763E7984FE060010FE52
:205220004E7D4D7C4C1E4E924F96559250964D0E421E5406441E5806461E5A06481EBF56CA
:2052400049084F5C505D4C064876749C90FE060010FE4F7D46A8441E502B50920852136796
:20526000468A03565003A92DC4A3D406AD5C50588EDCA45C5B56AB92FF909496500A50929D
:205280000852EF68AD5C5406421E8EDC4F5D4406A45C48762C9D90FE060002FE0E02048F7C
:2052A0000080421EA9A84876A8730E02048F00A0421EA9A84876A873448F008001D4A9A0A6
:2052C0004876C173448F00A001D4A9A04876C17382FE060002FE2BFF0139487616B80102E0
:2052E00000D400D5421EF4024876217AA928000AA828C801487616B8010200D400D5421E4A
:20530000F5024876217A82FE060002FE000201D400D5421E1C024876217A000201D400D588
:20532000421E0D024876217A000201D400D5421E0C024876217A000201D400D5421E0B0219
:205340004876217A000201D400D5421E21024876217A000201D400D5421E10024876217AF5
:20536000000201D400D5421E11024876217A000201D400D5421E19024876217A0002421ED3
:2053800001D400D51D024876217A000201D400D5421E1B024876217A000201D400D5421E5D
:2053A0001C024876217A000201D400D5421E39024876217A000201D400D5421E3A024876D0
:2053C000217A000201D400D5421E17024876217A000201D400D5421E28024876217A000223
:2053E00001D400D5421E0F024876217A0002421E01D400D522024876217A000201D400D504
:20540000421E05024876217A000201D400D5421E3B024876217A000201D400D5421E2702F5
:205420004876217A000201D400D5421E09024876217A000201D400D5421E0E024876217A2E
:20544000000201D400D5421E04024876217A000201D400D5421E07024876217A82FE0600ED
:2054600006FE467D457C441E465C4876EEB7455C440648766FB64A06421E44064876D7B62A
:2054800086FE060004FE068F0602A9A8487616B80102421E4876D7B601D4010248766FB69D
:2054A00003D40102487653B7068F0600A9A8487616B80102421E00024876D7B601D400024B
:2054C00048766FB603D40002487653B720FF007348767474A92800E1A828F505018F80384C
:2054E000421E44A820FF007301D448761DC0408F007300D4A9A04876E97474D4A9A0487695
:20550000BD74008F0006A9A04876D97400D4A9A048762D7520FF007348767D740302421E4E
:2055200020FF0073487609C100D402D520FF007348768B74008F230220FF007342A8487669
:20554000AEC020FF007348766B7484FE060006FE452B20FF007401D400D54876EDBE408F3D
:20556000007402D4A9A048769A7204D4A9A04876FA7220FF00744876067320FF8813487641
:20558000C87520FF007448762C7302D420FF007407D54876197300D420FF00744876377380
:2055A000452B45920852226607520C601402BF564108441E02D5455C20FF00744876A67246
:2055C0000B6F45881402417E02D5441E455C20FF00744876A672455C20FF007400D54876A5
:2055E000D672450A45920852E06920FF007400D407D548765F73408F007400D4A9A04876A9
:205600000F7300D4A9A048767B7300D4A9A04876497301D420FF007500D54876EDBE408F32
:20562000007502D4A9A048769A7204D4A9A04876FA7220FF00754876067320FF881348767E
:20564000C87500D4A9A048763773BF564104140200D4441EA9A000D54876A67201D420FFFA
:20566000007500D548765F73408F007501D4A9A048760F7301D4A9A048767B7301D4A9A0C6
:205680004876497386FE060008FE477C441E02E8F065C4E247010DE800E100E7080002E8FF
:2056A000D1234876BAC4487669C8A9A90119461E421E44064876F77300D4440648760474D5
:2056C00044064876EC7344064876E17344064876D57388FE060006FE467D457C441E00D46D
:2056E000450E4876EEB70002421E450E4876D7B64406487616B800D4450E48766FB601D43F
:20570000450E487653B74692459348761174495C450E4876ACB6049B499248761E744992BE
:2057200048762E7486FE060008FE477D46A8441E0102421E1602487666774406487675755D
:20574000482B4792485410694406487691751052FC66468A48584406945C4876A575480A42
:2057600047924854F2664406487691750052FC6088FE060002FE421E4876C57482FE060037
:2057800002FE421E48761575A90E82FE060002FE421E48767D7482FE060004FE437C421E6E
:2057A0004876D97484FE060004FE437C421E4876BD7484FE060004FE437C421E4876257545
:2057C00084FE060004FE437C421E48760B7584FE060002FE421E4876F97482FE060002FE49
:2057E000421E4876A774A90E82FE060002FE421E4876027582FE060002FE421E4876B274D4
:2058000082FE060004FE421E428AD49243964341036D4340036C019A026F009A84FE060081
:20582000A9F5057220902052056020FF00724876BA75060002FE421E4876B37382FE06007E
:205840000AFE4AA048A8461E4E06421E5006441E488A4A83460648760F9F8AFE060002FEB1
:20586000421E4876B97382FE060006FE457C441E450E421E44064876469C86FE060002FE0A
:20588000421E465C4876CB7382FE060002FE41964876927382FE060002FE421E4876FE73D5
:2058A00082FE06000AFEA928AB34A828EF1200BE008F0004421E01D5BF56430246C248A800
:2058C0008476008019D4A60648760079048F0080A9A84876628E048F0080A9A84876788E44
:2058E000048F00A0A9A84876628E048F00A0A9A84876788E048F0080A9A8487679AA048F56
:2059000000A0A9A8487679AA0102048F0080421EA9A84876BCAA0102048F00A0421EA9A8E3
:205920004876BCAAA928AB34A828EF1200BE008F0004421EBF56430201D546C248A88476EF
:20594000008019D4A60648760079408F0001008F000F01028476008042A0432B00D546A8F9
:2059600017D4481EA60648760079408F0001008F000F01028476008042A0432B00D546A8F5
:2059800018D4481EA60648760079408F0001008F000F01028476008042A0432B00D546A8D4
:2059A0001BD4481EA60648760079408F0001008F000F01028476008042A0432B00D546A8B1
:2059C0001AD4481EA60648760079008F810684760080408F000642A8BF564302008F010453
:2059E000A60646A000D548A805D448760079408F0001008F000F01028476008042A0432B05
:205A000000D546A81CD4481EA606487600791F02008F010100BE408F0004421E44A8048F68
:205A20000080A9A846C200D448A002D5BF5649084876749C8AFE060010FE50A04EA86E02D4
:205A40004E07A98AAFE2C4008EE6000000770077A9BF120F4C93A83C4C9770024E07A98ADE
:205A6000AFE2C4008EE6000000770077A6BF120F4C92A693A8384C966E025007A98AAFE285
:205A8000C4008EE6000000770077A9BF120F4B93A83C4B9770025007A98AAFE2C4008EE6EE
:205AA000000000770077A6BF120F4B92A693A8384B966C024E07A98AAFE2C4008EE60000DC
:205AC00000770077A9BF120F4A93A83C4A976C025007A98AAFE2C4008EE6000000770077FE
:205AE000A6BF120F4A92A693A8384A965A025407A98AAFE2C4008EE6000000770077A6BF45
:205B0000120F4992A693A83849962A025407A98AAFE2C4008EE6000000770077A9BF120F97
:205B20004993A83C499700BE0002008F010600D542A818D4432B46C284760080481EA606C2
:205B400048760079048F008018BEA9A8AD5C08D542C28CDCA45C4876197990FE06000EFE92
:205B60004E974D9600024C1E4A2B492B01294E254D0D4C1E4A2B492B008F020600BE000267
:205B800000D542A818D4432B46C284760080481EA60648760079048F008018BEA9A8AD5CDE
:205BA00008D542C28CDCA45C487619798EFE0600BDAAAD5A84DA6AFEAD5DE2A8E2C5E4DD8A
:205BC000A50EA98A5BF684240AD0AFE2920050E8004800778EE60000007713E2F2000CD044
:205BE000AFE2920050E8004800778EE60000007713E2FA000ED0AFE2920050E800480077B9
:205C00008EE6000008D013E2920009D0922B00BE008F0306000200D542A817D4432B46C2A3
:205C200084760080481EA60648760079048F008017BEA9A8AD5C08D542C2E8DCA45C4876FC
:205C40001979EAFEBE860600BDAAAD5A84DA6AFEAD5DE2A8E2C5E4DDA50EA98A5BF6842471
:205C600010D0AFE2920050E8004800778EE60000007713E2F20012D0AFE2920050E80048D3
:205C800000778EE60000007713E2FA0014D0AFE2920050E8004800778EE6000008D013E274
:205CA000920009D0922B00BE008F0406000200D542A817D4432B46C284760080481EA606B7
:205CC00048760079048F008017BEA9A8AD5C08D542C2E8DCA45C48761979EAFEBE86060024
:205CE000BDAAAD5A84DA6AFEAD5DE2A8E2C5E4DDA50EA98A5BF684241CD0AFE2920050E84E
:205D0000004800778EE60000007713E2F2001ED0AFE2920050E8004800778EE600000077FF
:205D200013E2FA0020D0AFE2920050E8004800778EE6000008D013E2920009D0922B00BE43
:205D4000008F0506000200D542A817D4432B46C284760080481EA60648760079048F0080B1
:205D600017BEA9A8AD5C08D542C2E8DCA45C48761979EAFEBE860600BDAAAD5A84DA6AFE99
:205D8000AD5DE2A8E2C5E4DDA50EA98A5BF6842416D0AFE2920050E8004800778EE60000B4
:205DA000007713E2F20018D0AFE2920050E8004800778EE60000007713E2FA001AD0AFE22E
:205DC000920050E8004800778EE6000008D013E2920009D0922B00BE008F0606000200D5A1
:205DE00042A817D4432B46C284760080481EA60648760079048F008017BEA9A8AD5C08D576
:205E000042C2E8DCA45C48761979EAFEBE860600BDB2BDAAAD5A86DAAD089200AD8808D1A6
:205E2000A60876FFA9A008D09AA8A65D92C5F21EAD88E4DE25F68524A65CF2C55BF6842405
:205E400026D0AFE2920050E8004800778EE600000AD013E292004CD0AFE2920050E800489E
:205E600000778EE600000BD013E292004ED0AFE2920050E8004800778EE600000CD013E258
:205E8000920050D0AFE2920050E8004800778EE600000DD013E29200008F070600BE000202
:205EA00000D542A817D4432B46C284760080481EA60648760079048F0080A9A8AD5C17BEBD
:205EC000A40872FF08D542C2A45C48761979AD086EFFBE86BE8B06001AFE58A8599658C59B
:205EE000AD5D92DDA55C09F68424AFE2520050E8004800778AE60000007703E25600AFE2F4
:205F0000500050E8004800778AE60000007703E25400599204605A280806036F5A280F0632
:205F20005A8000BE000218D400D542C3432B46C2481E84760080A60648760079048F0080B5
:205F400018BEA9A8AD5C08D542C296DCA45C487619799AFE060024FEAD8864A092DEA65D02
:205F6000AD8862A862C59CDE09F68524A65C64C509F68424AFE24E0051E8801E00778AE62A
:205F80000000007703E26000AFE2580051E8801E00778AE60000007703E25E00008F090646
:205FA00000BE000200D542A818D4432B46C284760080481EA60648760079048F008018BE54
:205FC000A9A8AD5C08D542C2A0DCA45C48761979A4FE0600BDB2BDAAAD5A86DAAD08E0013F
:205FE000AD8808D1A60810FFA9A008D09AA8A65D92C5F21EAD88A60828FEE7F68524A65C78
:20600000F2C5E7F68424008D5E01AFE2920051E8801E00778AE600000AD003E2920076D0E0
:20602000AFE2920051E8801E00778AE600000CD003E29200008F0A0600BE000200D542A80E
:2060400018D4432B46C284760080481EA60648760079048F0080A9A8AD5C18BEA40824FE0A
:2060600008D542C2A45C48761979AD0820FEBE86BE8B0600BDB2BDAAAD5A86DAAD08E001B6
:20608000AD8808D1A60810FFA9A008D09AA8A65D92C5F21EAD88A60828FEE7F68524A65CD7
:2060A000F2C5E7F68424008D5A01AFE2920051E8801E00778AE600000AD003E2920072D048
:2060C000AFE2920051E8801E00778AE600000CD003E29200038F400D0AD0A9A8920F046776
:2060E00000020AD0921EA9A80CD0920F046700020CD0921E008F1D0600BE000242A8432B83
:2061000000D518D446C2481E84760080A60648760079048F0080A9A8AD5C18BEA40824FEE2
:2061200008D542C2A45C48761979AD0820FEBE86BE8B060010FE03E2500103E24E008AE6E1
:206140000000007703E24C00AFE250008AE60000007703E24A00008F0C0600BE000200D56A
:2061600042A818D4432B46C284760080481EA60648760079048F008018BEA9A8AD5C08D5F0
:2061800042C28CDCA45C4876197990FE06000CFE4C974B964A964C924996008F0D0600BEE4
:2061A000000200D542A81BD4432B46C284760080481EA60648760079048F00801BBEA9A8B9
:2061C000AD5C08D542C28ADCA45C487619798CFE060014FE4EA04CA84A1E0002481E462B5A
:2061E000452B4C06501E532B4E0632614C0602602F6F4A06A91883060091521E20FF830675
:20620000520F2660532B57925354196900BE508A5358AA2B9492FF90A92703565303A92DE5
:20622000A606525644A9421E48A34606C80013C948A9461E530A57925354EA664EC5489263
:20624000C7964E8A4792D4964E8A4692CC9694FE060010FE03E2500103E24E0050E800B2BB
:2062600000778AE60000007703E24C00AFE2500050E800B200778AE60000007703E24A0037
:20628000008F100600BE000200D542A818D4432B46C284760080481EA60648760079048F22
:2062A000008018BEA9A8AD5C08D542C28CDCA45C4876197990FE06000CFEBF564C3CBF5645
:2062C0004B02BF564A01BF564903008F110600BE000200D542A81BD4432B46C284760080AC
:2062E000481EA60648760079048F00801BBEA9A8AD5C08D542C28CDCA45C487619798CFEEC
:206300000600BDB2BDAABDA2AD5A8CDAAD084802AD88A60810FFA65BAD88A60828FEA9A091
:20632000A65DAD881AD19AA818D1A608CCFD9A1E1AD092C5A65CAD8818D0E7F6832492C5A5
:20634000A608B9FDE7F68524D2C5A60E5BF68424A983C2C50AF685241CD06A92019092CDDB
:20636000FEFFA8CA1CD092961CD06992019080FF92CDFDFFA8CA1CD092961CD0689201904B
:2063800081FF92CDFBFFA8CA1CD092961CD092CCF7FF1CD092961CD06692019083FF92CDF4
:2063A000EFFFA8CA1CD092961CD06292019084FF92CDDFFFA8CA1CD092961CD06192019042
:2063C00085FF92CDBFFFA8CA1CD09296009A008D7F01929303530260019A1ED0019092CD99
:2063E000FFF78AFF1ED0A8CA9296408D42011CD09A92019092CD7FFF86FF1CD0A8CA9296F5
:20640000408D43011CD09A92019092CDFFFE87FF1CD0A8CA9296408D44011CD09A9201909F
:2064200092CDFFFD88FF1CD0A8CA92961CD092CCFFFB1CD09296408D46011CD09A920190DF
:206440008AFF92CDFFF71CD0A8CA9296408D4A011CD09A9201908BFF92CDFFEF1CD0A8CAE2
:206460009296408D4B011CD09A9201908CFF92CDFFDF1CD0A8CA929697D0009A9293035368
:206480000260019A1ED0019092CDFFEF8BFF1ED0A8CA929663D11CD09A92019092CDFFBF27
:2064A0008DFF1CD0A8CA929664D11DD09A92019092CDFDFF80FF1DD0A8CA929665D11DD067
:2064C0009A92019092CDFBFF81FF1DD0A8CA929666D11DD09A92019092CDF7FF82FF1DD0FB
:2064E000A8CA929667D11DD09A92019083FF92CDEFFF1DD0A8CA929668D11DD09A920190E7
:2065000084FF92CDDFFF1DD0A8CA92966AD11DD09A92019085FF92CDBFFF1DD0A8CA929627
:206520006BD11DD09A92019086FF92CD7FFF1DD0A8CA92966CD11DD09A92019087FF92CDC0
:20654000FFFE1DD0A8CA92966DD11DD09A92019088FF92CDFFFD1DD0A8CA92961CD092CC1C
:20656000FF7FA98870D00356920F1CD0A6CA92961DD092CDFEFF6FD0929201901DD0A8CA12
:20658000929673D11ED09A92019087FF92CDFFFE1ED0A8CA929674D11ED09A92019088FF03
:2065A00092CDFFFD1ED0A8CA929675D11ED09A92019089FF92CDFFFB1ED0A8CA92966492A8
:2065C0001ED001908DFF92CDFFBF1ED0A8CA929665921ED001908CFF92CDFFDF1ED0A8CA6D
:2065E000929613D11DD09A92019089FF92CDFFFB1DD0A8CA929614D11DD09A9201908AFF65
:2066000092CDFFF71DD0A8CA929615D11DD09A9201908BFF92CDFFEF1DD0A8CA929616D1C9
:206620001DD09A9201908CFF92CDFFDF1DD0A8CA929617D11DD09A9201908DFF92CDFFBF26
:206640001DD0A8CA92961DD092CCFF7F1DD092961ED092CCFDFF1ED092961ED092CCFEFF2E
:206660001ED092961ED092CCFBFF1ED092961ED092CCF7FF1ED092961ED092CCEFFF1ED028
:2066800092961ED092CCDFFF1ED092961ED092CCBFFF1ED092961ED092CC7FFF1ED0929692
:2066A0001ED092CCFF7F1ED092961FD0922B008F170600BE000200D542A818D4432B46C2C1
:2066C00084760080481EA60648760079048F0080A9A8AD5C18BEA408C8FD08D542C2A45C62
:2066E00048761979AD08B8FDBE82BE86BE8B060010FE50A04EA800024C1E4A2B492B508AEA
:20670000AA2BAC281000C427525644A9421E4E8AAA2B0002C427C80013C9A61EA7A9548AB0
:20672000AC2820000002AA2BC427525644A9421EA7A3A606C80013C9AC283000A7A9568AE0
:20674000A61EAA2B0002C427525644A9421EA7A3A606C80013C9AC283200A7A9588AA61E28
:20676000AA2B0002C427525644A9421EA7A3A606C80013C94CA94A1E00BE0002008F130603
:2067800000D542A8432B1AD446C284760080481EA60648760079048F00801ABEA9A8AD5CCE
:2067A00008D542C28CDCA45C4876197990FE06001CFEAD5D4AA84AC598DDA50EA98A05F631
:2067C0008424AD5C92DCA45C07F6842B509251944F9459964C924D944B945A9658925BCDB5
:2067E000FCFF0390A8CA5B9657925BCDF3FF039081FFA8CA5B96569203905BCDCFFF83FF3C
:20680000A8CA5B96559203905BCD3FFF85FFA8CA5B96549203905BCDFFFC87FFA8CA5B96C9
:206820005392039089FF5BCDFFF3A8CA5B96599203908BFF5BCDFFCFA8CA5B965BCCFF3F15
:20684000A98803565A0EA6CA5B96008F180600BE000200D542A81AD4432B46C284760080DB
:20686000481EA60648760079048F00801ABEA9A8AD5C08D542C29BDCA45C487619799CFE48
:206880000600BDB2BDAAAD5A86DAAD08E001AD8808D1A60810FFA9A008D09AA8A65D92C597
:2068A000F21EAD88A60828FEE7F68524A65CF2C5E7F684240AD06C9292960BD06D929296F9
:2068C000D2D092920CD09296D1D092920DD09296008F190600BE000200D542A81BD4432B9A
:2068E00046C284760080481EA60648760079048F0080A9A8AD5C1ABEA40824FE08D542C2D9
:20690000A45C48761979AD0820FEBE86BE8B060010FE4F964EA84C964EC5C7924B96CC924B
:206920004A9600BE008F1A06000200D542A81BD4432B46C284760080481EA6064876007921
:20694000048F00801BBEA9A8AD5C08D542C28CDCA45C4876197990FE0600BDB2BDAABDA28F
:20696000AD5A8ADAAD083E02AD80AD88A9A00CD1A70828FEA60810FF0CD09AA8A75DA6884D
:206980000AD192C59A1EAD5B0AD0E7F6862492C5A308CCFDE7F68524A35CC2C55BF68424D4
:2069A000408D07020ED09A9292CDE7FF039082FF0ED0A8CA9296408D1F010FD09A9292CDCF
:2069C000F9FF039080FF0FD0A8CA92960ED092CDFEFF008D0402929201900ED0A8CA92963A
:2069E000408D05020ED09A92019092CDFDFF80FFA8CA0ED09296408D06020ED09A92019066
:206A000092CDFBFF81FFA8CA0ED092960ED07892019084FF92CDDFFFA8CA0ED092960ED096
:206A20007692019085FF92CDBFFFA8CA0ED092960ED07592019086FF92CD7FFFA8CA0ED07C
:206A400092960ED07492019087FF92CDFFFEA8CA0ED092960ED07792019088FF92CDFFFDE5
:206A6000A8CA0ED092960ED06D9201908AFF92CDFFF7A8CA0ED092960ED06C9201908BFFE3
:206A800092CDFFEFA8CA0ED09296408DD8010ED09A9201908CFF92CDFFDFA8CA0ED09296B0
:206AA000408D7E010ED09A92019089FF92CDFFFBA8CA0ED09296408D1C010ED09A92019011
:206AC0008DFF92CDFFBFA8CA0ED092960ED092CCFF7FA988008D1D010356920F0ED0A6CAB7
:206AE00092960FD092CDFEFF008D1E01929201900FD0A8CA9296408D28010FD09A920190C7
:206B000082FF92CDF7FFA8CA0FD09296408D2A010FD09A92019083FF92CDEFFFA8CA0FD072
:206B20009296408D2B010FD09A92019084FF92CDDFFFA8CA0FD09296408D2C010FD09A925A
:206B4000019085FF92CDBFFFA8CA0FD09296408D29010FD09A92019086FF92CD7FFFA8CA23
:206B60000FD09296408D33010FD09A92019088FF92CDFFFDA8CA0FD09296408D34010FD035
:206B80009A92019089FF92CDFFFBA8CA0FD09296F0D10FD09A9201908AFF92CDFFF7A8CA31
:206BA0000FD0929696D10FD09A92019087FF92CDFFFEA8CA0FD092960FD092CCFF7FA98884
:206BC0004FD00356920F0FD0A6CA929610D092CDFEFF50D09292019010D0A8CA92964CD17D
:206BE0000FD09A9201908CFF92CDFFDFA8CA0FD092964BD10FD09A9201908BFF92CDFFEF29
:206C0000A8CA0FD092964DD10FD09A9201908DFF92CDFFBFA8CA0FD09296008F1B0600BEB1
:206C2000000200D542A818D4432B46C284760080481EA60648760079048F0080A9A8AD5C01
:206C400018BEA408C6FD08D542C2A45C48761979AD08C2FDBE82BE86BE8B0600BDB2BDAAA1
:206C6000AD5A86DAAD08E001AD8808D1A60810FFA9A008D09AA8A65D92C5F21EAD88A6089C
:206C800028FEE7F68524A65CF2C5E7F68424AD5CA40824FE0002C41ED42BDC2B008D3E017D
:206CA000AFE292008EE600000AD013E29200008D3201AFE292008EE600000BD013E2920023
:206CC00056D0AFE292008EE600000CD013E292004AD0AFE292008EE600000DD013E292007F
:206CE00000BE008F1C0600D542A818D4432B46C284760080481EA60648760079048F00802E
:206D0000A9A8AD5C18BEA40824FE08D542C2A45C48761979AD0820FEBE86BE8B060010FED0
:206D2000507D4F7C4E974D964C93A83C4C974C924E93A8384C9650934B92A8384B964F926A
:206D40004B93A83C4B9753924996008F1F0600BE000200D542A81CD4432B46C284760080B8
:206D6000481EA60648760079048F00801CBEA9A8AD5C08D542C28CDCA45C4876197990FE5C
:206D800006000CFE4CA94A1E008F280600BE000242A800D5432B1BD446C284760080481E05
:206DA000A60648760079048F00801BBEA9A8AD5C06D542C28CDCA45C487619798CFE060083
:206DC0000CFE4CA94A1E008F290600BE000242A800D5432B1BD446C284760080481EA6061E
:206DE00048760079048F00801BBEA9A8AD5C06D542C28CDCA45C487619798CFE06000AFEE7
:206E00004AA8008F220600BE000242A800D5432B20D446C284760080481EA606487600791D
:206E20002002048F008008D5421EA9A84A8A487619798AFE060012FE03E2500103E24E0064
:206E400052975196487669C84C3FAFE25000487669C84B3F51924A9652924996008F2C0647
:206E600000BE000200D542A811D4432B46C284760080481EA60648760079048F008011BE93
:206E8000A9A8AD5C08D542C28CDCA45C4876197992FE060004FE437C421E43880D02420725
:206EA000A98AC47E84FE060004FE437C421E4358428A949284FE0600009A08763029BE93DD
:206EC000A840036C019B026F009B00530261019A060006FE44A8421EA80E30FF18FF0D0003
:206EE000461E2276468A4406C41E1A7686FE06002276289AA9F4297027F60077009AA9F425
:206F0000297027F600771A76006F02FE058F80D3C406A9180F010091421EA9BF0200008FD9
:206F20000020A91800200091A40F0360421A0100A9BF0200008F0010A91800100091A40F2E
:206F40000360421A0200420682FE060002FE421E058F7ED3C41E82FE060002FE4196227686
:206F600001520960A9F52270A9CCFEFF0250A9F42270076FA9F52270A918FCFFA9F42270A1
:206F80001A7682FE06002276A9F52970A9CCBFFF2850A9F4297027F600771A7669FF060099
:206FA0002276559AA9F42570AA9AA9F425701A76060002FE4196285042962276A9F5297016
:206FC000A9CCFFF042CAA9F4297027F600771A7669FF82FE060002FE41962850429622763A
:206FE000A9F52970A9CCF8FF42CAA9F4297027F600771A7669FF82FE060002FE421E428A6E
:20700000C418BEFF82FE060002FE421E88024207A98AC40682FE060004FE421E432B428AFF
:20702000E4CCFF7F43962050E49604024207A98AC418EFFF84FE060002FE421E428A460613
:20704000D41E82FE060002FE421E428AC40682FE060002FE4196A9087070A95CC41A0100F0
:2070600082FE060006FE421E012944FF31FF30FF18FF7F00441E0102A61E42921F90A92D42
:20708000A6063B56461E4A060560448A4606E41E046F448A4606D41E86FE060004FE421E13
:2070A000012944FF31FF30FF18FF7F00441E0102448AA61E42921F90A92DA6063B56F41ECF
:2070C00084FE060006FE421E42C431FFA6070319461E0002441E4606440F076901024407A0
:2070E000441E4606440FFB6686FE060004FE00020119421E20FF000C48760D884876CBB867
:20710000487676871F76A0021E1E48769787487654B40002421E17024876D7B601D41702EB
:2071200048766FB6170248763F88008F80AAE7F6842B008F80ABE7F6842B008F00AA5BF6B9
:20714000842B008F00A927F6842B008F40A927F6842B4876337A4876B6BD412BE3D406D59E
:20716000A9280006A828C60148765C7BBF564101ECD404D52BFFC33848765C7B4876A77885
:207180004876437C48763E79048F0080A9A84876EE87048F00A0A9A84876EE874876C2BC73
:2071A0004876FFBC48764D87102920290AD420FF080C69FF4876357B4876987AA9280509AC
:2071C000649B088FF8AF48765A87A9280709669B088F26B148765A874D8F0000088F2295BA
:2071E000A9A048765A87638F0401088FD5B1A9A048765A87648F0501088F06B2A9A048765C
:207200005A87A9280509649B48761DBD20FF204E48765388A9280709669B48761DBD20FF58
:20722000204E487653880D8F0000A9A848761DBD20FF204E48765388238F0401A9A84876D6
:207240001DBD20FF204E48765388248F0501A9A848761DBD20FF204E48765388009A48760E
:207260001A8820FF204E48765388019A48761A8820FF204E4876538848765B7948764D8701
:207280004876415B008F00A948767194008F0AA948769794008F40A948767194008F4AA9B1
:2072A00048769794008F80AA48767D5B008F80AB48767D5B1F76A802312B302B1F76A90210
:2072C0000C2B0A2B0D2B0B2B102B112B0F2B1F76A8023D2B1F76A902142B1F76A8023A2B59
:2072E000019A00D400D5009B48769D59029A00D400D5009B48769D5990E51F76A30203E2D3
:20730000060003E2080003E20A000002421E1D02487623881F76A0020128FFFFBF564101EC
:2073200004D401D520FFD20B487653C220FF10274876538805D401D5BF56410120FFD20BDF
:20734000487653C220FF102748765388058F00F8A9A84076DF8007F6007720FF080C69FF6A
:207360004876FD87009A48769E87A92800034876CA87079A4876DC874876B487008F0C40D5
:2073800044A84406018F0000421EA9A8487663A300520360487669871F76A002099201522A
:2073A000E0FF2C010A920152E0FF280190E51F76A30203E2060003E2080003E20A00008FC5
:2073C000C0A8408F01A8149A487681C11F76A00201CC0C00008F9AA8408F94A8C1FF4876B5
:2073E0005B6B20FFB80B48765388029A149B008F6AA8408F02A84876D7C31F76A00202CC8A
:20740000C000C5FF0C611F76A202150A15920A521868BF56150BBF561B01136F1F76AB0276
:20742000AFE228001F76A102AFE2320120E708001F76AB0203E226001F76A2021B2B152B7C
:20744000039A008F74A8408F03A8149B4876D7C31F76A00203CCC000C5FF0C611F76A20233
:20746000160A16920A521868BF56160BBF561C01136F1F76AF02AFE228001F76A102AFE2B6
:207480003C0120E708001F76AF0203E226001F76A2021C2B162B1F76B0022F9202521560BD
:2074A0001F76AC02309201524A6020FFD20B412B04D401D5487653C21F76AC02302B20FF24
:2074C000B80B487653883B6F20FFD20BBF56410104D401D5487653C21F76AC02BF56300149
:2074E00020FFB80B48765388149A049B008F80A8408F04A8487676C21F76A002008F9DA891
:20750000408F97A804CC030048765B6B20FFB80B487653881F76A002049203900C611F7629
:20752000A202170A17920A520A68BF56170BBF561D01056F1F76A2021D2B172B1F76AC022B
:207540002F92025215601F76B002309201524A6020FFD20B412B05D401D5487653C21F761C
:20756000B002302B20FFB80B487653883B6F20FFD20BBF56410105D401D5487653C21F766F
:20758000B002BF56300120FFB80B48765388149A059B008F8AA8408F05A8487676C21F7662
:2075A000A002008F9EA8408F98A805CC030048765B6B20FFB80B487653881F76A0020592A4
:2075C00003900C611F76A202180A18920A520A68BF56180BBF561E01056F1F76A2021E2B76
:2075E000182B1F76AD020B9205600C9203604876F18A1F76A002092B4876C187EFFFC3FEA8
:2076000006FE048F0080A9A848764A8E0052E1FF3D01008F00AA4876C97D048F0080A9A85B
:2076200048764A8E0052E1FF3101008F00AA4876157E048F0080A9A848764A8E0052E1FF9A
:207640002501008F00AA4876617E048F0080A9A848764A8E0052E1FF1901008FC0A8408F22
:2076600000AA4876F97E048F0080A9A848764A8E0052E1FF0B01008F6AA8009A48765D7F1E
:20768000048F0080A9A848764A8E0052E1FFFE00008F74A8019A48765D7F048F0080A9A87C
:2076A00048764A8E0052E1FFF100008F6AA8408F74A848769C7F048F0080A9A848764A8EB2
:2076C0000052E1FFE300008F80AA408F80AB4876DB7F048F0080A9A848764A8E0052E1FF9E
:2076E000D5001F76A202AFE20000AFE20A0148768B80048F0080A9A848764A8E0052E1FF5A
:20770000C500008F80AA408F80AB48762B80048F0080A9A848764A8E0052E1FFB700008F16
:2077200000AA42A8408F80AB008F80AA48760D7D048F0080A9A848764A8E0052E1FFA600E8
:207740001F76AB02AFE23E001F76AF02AFE23E0148761A81048F0080A9A848764A8E00525D
:20776000E1FF94001F76A002069207934876A07D048F0080A9A848764A8E0052E1FF86009F
:20778000008F00AA42A8408F80AB008F80AA48769E84048F0080A9A848764A8E0052756111
:2077A0001F76AB0238921F76AF0238934876B880048F0080A9A848764A8E00526661008F14
:2077C00080AA408F80AB48763284048F0080A9A848764A8E0052596148764D81048F00806C
:2077E000A9A848764A8E00525061807603A8408F04A8008F05A842C244A046A8408F02A8F8
:20780000008F01A848766983048F0080A9A848764A8E00523A61008F64A84876C983048F67
:207820000080A9A848764A8E00522F611F76A002008F6EAD089248767984048F0080A9A865
:2078400048764A8E00522161008F80AA408F80AB48761F86048F0080A9A848764A8E00525C
:2078600014611F76AA0228A32A064876B286048F0080A9A848764A8E005207611F76AE0268
:2078800028A32A064876D18686FE060002FE048F0080A9A848764A8E0052E1FF8D01008F05
:2078A00080AA408F20A8019A48767562048F0080A9A848764A8E0052E1FF7E01008F80AB72
:2078C000408F24A8029A48767562048F0080A9A848764A8E0052E1FF6F01008F80AA408FB8
:2078E00028A8019A4876745E048F0080A9A848764A8E0052E1FF6001008F80AB408F2CA8A3
:20790000029A4876745E048F0080A9A848764A8E0052E1FF5101008F80AA408F38A8019ABA
:2079200048766E60048F0080A9A848764A8E0052E1FF4201008F80AB408F3CA8029A487685
:207940006E60048F0080A9A848764A8E0052E1FF3301008F80AA408F40A8019A4876F060E0
:20796000048F0080A9A848764A8E0052E1FF2401008F80AB408F44A8029A4876F060048F04
:207980000080A9A848764A8E0052E1FF1501008F80AA408F48A8019A48764D61048F0080A6
:2079A000A9A848764A8E0052E1FF0601008F80AB408F4CA8029A48764D61048F0080A9A8BE
:2079C00048764A8E0052E1FFF700008F80AA408F50A8019A4876A761048F0080A9A84876E5
:2079E0004A8E0052E1FFE800008F80AB408F54A8029A4876A761048F0080A9A848764A8EB4
:207A00000052E1FFD900008F80AA408F58A8019A48760C62048F0080A9A848764A8E0052C0
:207A2000E1FFCA00008F80AB408F5CA8029A48760C62048F0080A9A848764A8E0052E1FF1B
:207A4000BB00008F30A842A8408F80AB019A008F80AA4876BC5F048F0080A9A848764A8EF9
:207A60000052E1FFA900008F34A842A8408F80AA029A008F80AB4876BC5F048F0080A9A84A
:207A800048764A8E0052E1FF9700008F80AA019A48762E5F048F0080A9A848764A8E00529C
:207AA000E1FF8A00008F80AB029A48762E5F048F0080A9A848764A8E00527D61008F80AAD8
:207AC000019A48762F63048F0080A9A848764A8E00527161008F80AB029A48762F63048F64
:207AE0000080A9A848764A8E00526561008F80AA019A48767E5F048F0080A9A848764A8E1E
:207B000000525961008F80AB029A48767E5F048F0080A9A848764A8E00524D611F76A00237
:207B20000E920F931F76A202AFE20200AFE20C0148760C87048F0080A9A848764A8E0052FC
:207B40003A6184760080008FF4A9408F3103A6064876BE94048F0080A9A848764A8E0052D9
:207B60002A6184760080008FF8A9408F3203A6064876D794048F0080A9A848764A8E0052AB
:207B80001A6184760080008FFCA9408F3303A6064876F094048F0080A9A848764A8E00527D
:207BA0000A61048F0080A9A8408F3003008FC0A94876099582FE060008FE20FF007400D4AD
:207BC00048763B8720FFE80348765388472B008FA0A846A8472B479208522467475C20FF59
:207BE000000B48764587A90EA9BD160F00770077007702E8702A8BE609000AE8000000E772
:207C0000400002E8F92B0FE801804876BAC4468A03E2C40002024607461E470A47920852B0
:207C2000DE68408F00AA008FA0A842A044A8408F80AB008F80AA48764D5A01D420FF00755F
:207C400048763B8720FFE8034876538800D420FF400B48764587A90EA9BD160F0077007709
:207C6000007702E8702A8BE609000AE8000000E7400002E8F92B0FE801804876BAC41F761F
:207C8000A00203E216004228004002E8E13002E81A3E01E803FC41284E450AE801000AE897
:207CA000028048761B781F76A90203E21A0088FE060004FE421E0502441E0C6F4406A98A63
:207CC00081DC44A80360009A0B6F20FFE8034876538842064876F58758FFF160019A84FEFA
:207CE00006000AFE4A1E408FF456008FFFFFA9280104A828008042A0BF56430201D546A842
:207D000003D4481E4A06487600798AFE06000AFE4A1EA92856F4A828261800B600BE06D42A
:207D200001D5421E432B46C348C24A0648760079A92856F4A828011800B600BE421E07D452
:207D400001D5432B46C348C24A0648760079A92856F4A828071800B600BE421E08D401D5B5
:207D6000432B46C348C24A0648760079A92856F4A828081800B600BE421E09D401D5432BFB
:207D800046C348C24A0648760079A92856F4A8280A1000B600BE421E0AD401D5432B46C345
:207DA00048C24A0648760079A92856F4A828121800B600BE421E0BD401D5432B46C348C213
:207DC0004A0648760079A92856F4A8281A1000B600BE421E0CD401D5432B46C348C24A06AC
:207DE00048760079A92856F4A8281D1800B600BE421E0DD401D5432B46C348C24A06487612
:207E00000079A92856F4A8281F1800B600BE421E0ED401D5432B46C348C24A064876007933
:207E2000A92856F4A828EC1C00B600BE421E0FD401D5432B46C348C24A06487600798AFE32
:207E4000060006FE46A8441E060208D5421E468A44064876197986FE060006FE46A8441E3B
:207E6000070208D5421E468A44064876197986FE060006FE46A8441E080207D5421E468A5E
:207E800044064876197986FE060006FE46A8441E090208D5421E468A44064876197986FE34
:207EA000060006FE46A8441E0A0202D5421E468A44064876197986FE060006FE46A8441EDD
:207EC0000B0208D5421E468A44064876197986FE060006FE46A8441E0C0204D5421E468AF9
:207EE00044064876197986FE060006FE46A8441E0D0205D5421E468A44064876197986FED3
:207F0000060006FE46A8441E0E0204D5421E468A44064876197986FE06001AFE4CA04AA8D4
:207F2000481E619201520560048F00804EA8046F048F00A04EA84C06E1FFCA014A060360DB
:207F4000EFFFC60148060091501E48060090521E20FFF456500FE0FFBB01EFFF80014A8A2B
:207F60005D9248765991608AC42BEFFFB1014A8A5D9248768591608ABF56C401EFFFA801FF
:207F80004A8AF49206520860648AC42B608ABF56C402EFFF9D01648ABF56C401AD5C9ADC52
:207FA000A45CC87600F107F68424AD5C0F0208D5421E9ADCA45C4E0648762C9DEFFF8801CE
:207FC000648AC49224604A8AC49201520A60C4921F76B50213985D924876B191EFFF78014F
:207FE000C4920252E0FF7401C4921F76B50213985D924876DF911F76B502132B4C8A4876FB
:208000007D93608ABF56C404EFFF62014A8AC49201520B605D92487669924A8A1F76B50288
:20802000C4921298EFFF5401C4920252E0FF50015D92487697924A8A1F76B502C49212982D
:20804000AD5C9ADCA45CC87608F107F68424AD5C0F0208D59ADC421EA45C4E0648762C9D1D
:208060001F76B502122B4C8A48760994608ABF56C408EFFF2D014A8A5D9248760D92608A55
:20808000BF56C405EFFF24014A8A5D9248763B926192015206601F76B502BF560E01076F0F
:2080A000025205601F76B502BF560F011F76B5020E920152156080760CA8408F00A9008F31
:2080C0000EA842C244A046A8408F80A9008F80AA4876C0521F76B5020E2BEFFFF9000F9286
:2080E0000152E0FFF50080760DA8408F40A9008F0FA842C244A046A8408FC0A9008F80ABE8
:208100004876C0521F76B5020F2BEFFFE1004A8A5D924876C592EFFFDB004A8A5D92487618
:20812000F3926192015207601F76B502BF561001EFFFCE000252E0FFCB001F76B502BF5680
:208140001101EFFFC5004A8A5D9248762193608ABF56C40AEFFFBC004A8A5D9248764F934B
:208160001F76A6023FCC0007C7FF015215613FCC0007C7FF025210613FCC0007C7FF035257
:208180000B613FCC0007C7FF045206613FCC0007C7FF055223601F76AC023B925B601F76CC
:2081A000AA021C9203525660807680A9408F0CA8008F00AA42C2019A44A046A8408F80AB14
:2081C000008F80AA48767F631F76AD02BF560F011F76A102211A80003D6F1F76A7023FCCF5
:2081E0000007C7FF015215613FCC0007C7FF025210613FCC0007C7FF03520B613FCC0007A1
:20820000C7FF045206613FCC0007C7FF055222601F76B0023B921E601F76AE021C92035250
:2082200019608076C0A9408F0DA8008F00AA42C2029A44A046A8408F80AA008F80AB4876C6
:208240007F631F76B102BF560F011F76A102211A0001608ABF56C40B3A6F52C42FFF383038
:20826000A60F2164A60FE1FF70FF2FFF3220A60F0F64A60FE1FF53FF2FFF3C10A60FE1FF22
:208280006DFF2FFF1220A60FE1FFF7FE206F2FFF2030A60FE1FFFAFE2FFF2630A60FE1FFD5
:2082A00038FF156F2FFF4E30A60FE1FF5AFE2FFF0438A60FE1FF5DFE2FFFD639A60FE1FF3E
:2082C00081FE2FFFD839A60FE1FF5CFE9AFE060010FE4F964CA04AA80002481E462B452B39
:2082E0004A064E1E502B502B4F925054176900BE035650034E8A5058AA2BA92DA6069427CB
:20830000525644A9421E48A34606C80013C948A9461E500A4F925054EC6648C44C8A4606D9
:20832000C4C2D41E90FE060010FE4F964CA04AA80002481E462B452B4A064E1E502B502B65
:208340004F925054176900BE035650034E8A5058AA2BA92DA6069427525644A9421E48A33C
:208360004606C80013C948A9461E500A4F925054EC6648C44C8A4606E4C2F41E90FE06000D
:2083800010FE4F964CA04AA80002481E462B452B4A064E1E502B502B4F925054176900BE4E
:2083A000035650034E8A5058AA2BA92DA6069427525644A9421E48A34606C80013C948A9BE
:2083C000461E500A4F925054EC66080248C44C07A98A46C5C4C2D4C390FE060010FE4F96BD
:2083E0004CA04AA80002481E462B452B4A064E1E502B502B4F925054176900BE0356500335
:208400004E8A5058AA2BA92DA6069427525644A9421E48A34606C80013C948A9461E500A4B
:208420004F925054EC660C0248C44C07A98A46C5C4C2D4C390FE060010FE4F964CA04AA838
:208440000002481E462B452B4A064E1E502B502B4F925054176900BE035650034E8A505832
:20846000AA2BA92DA6069427525644A9421E48A34606C80013C948A9461E500A4F925054E6
:20848000EC661A0248C44C07A98A46C5C4C2D4C390FE060010FE4F964CA04AA80002481EE7
:2084A000462B452B4A064E1E502B502B4F925054176900BE035650034E8A5058AA2BA92D8F
:2084C000A6069427525644A9421E48A34606C80013C948A9461E500A4F925054EC661E02BF
:2084E00048C44C07A98A46C5C4C2D4C390FE060010FE4F964CA04AA80002481E462B452B14
:208500004A064E1E502B502B4F925054176900BE035650034E8A5058AA2BA92DA6069427A8
:20852000525644A9421E48A34606C80013C948A9461E500A4F925054EC66220248C44C0762
:20854000A98A46C5C4C2D4C390FE060010FE4F964CA04AA80002481E462B452B4A064E1E56
:20856000502B502B4F925054176900BE035650034E8A5058AA2BA92DA6069427525644A96F
:20858000421E48A34606C80013C948A9461E500A4F925054EC66260248C44C07A98A46C555
:2085A000C4C2D4C390FE060010FE4F964CA04AA80002481E462B452B4A064E1E502B502B3E
:2085C0004F925054176900BE035650034E8A5058AA2BA92DA6069427525644A9421E48A3BA
:2085E0004606C80013C948A9461E500A4F925054EC66300248C44C07A98A46C5C4C2D4C319
:2086000090FE060010FE4F964CA04AA80002481E462B452B4A064E1E502B502B4F92505475
:20862000176900BE035650034E8A5058AA2BA92DA6069427525644A9421E48A34606C800CA
:2086400013C948A9461E500A4F925054EC66340248C44C07A98A46C5C4C2D4C390FE060034
:2086600010FE4F964CA04AA80002481E462B452B4A064E1E502B502B4F925054176900BE6B
:20868000035650034E8A5058AA2BA92DA6069427525644A9421E48A34606C80013C948A9DB
:2086A000461E500A4F925054EC66380248C44C07A98A46C5C4C2D4C390FE060010FE4F96AA
:2086C0004CA04AA80002481E462B452B4A064E1E502B502B4F925054176900BE0356500352
:2086E0004E8A5058AA2BA92DA6069427525644A9421E48A34606C80013C948A9461E500A69
:208700004F925054EC663C0248C44C07A98A46C5C4C2D4C390FE060006FE46A808024607AD
:20872000A98A0129C40647FFA988A618FFFF11024607A98AC47E08024607A98AAC28180094
:20874000C4A3D4065B5612024607A98AAB18FF7FAB18FF7FC4CC0080AB9812024607A98A2A
:20876000C43F12024607A98AC4CCFF7FA9800A024607A98AC4CC8000C6FF8EFFA7CAA9889B
:2087800012024607A98AC47E0A024607A98AC40647FFA988A618FFFF13024607A98AC47EA3
:2087A0000C024607A98AC492C7FFA9800B024607A98AC492C7FFA738A98814024607A98A97
:2087C000C47E0D024607A98AC492FF90A98815024607A98AC47E0C024607A98AC4A3D4060A
:2087E0005B5616024607A98AAB18FFFFC43F0E024607A98AC40647FFA988A618FFFF1702C6
:208800004607A98AC47E18024607A98AC4CCF0FFA9800F024607A98AC4CC000FC7FF0F90BF
:20882000A7CAA98818024607A98AC47E86FE060006FE46A822024607A98A0129C40647FF60
:20884000A988A618FFFF2A024607A98AC47E22024607A98AAC281800C4A3D4065B562B028E
:208860004607A98AAB18FFFFC43F2C024607A98AC4CC00F0A98024024607A98AC40647FFA7
:20888000A988A618FF0FA618FF0FA692A7CAA9882C024607A98AC47E2C024607A98AC4CC07
:2088A000FF0FA98025024607A98AC4CCF000C3FF8BFFA7CAA9882C024607A98AC47E2D024D
:2088C0004607A71E25024607A98AC4CC00FFC7FFA988A78A2D0246075AFFC493A4A9A69277
:2088E000A83CC49726024607A98AC40647FFA988A618FFFF2E024607A98AC47E86FE060018
:2089000002FE42A8C4CC00FF0150C496428AC492FF90A91A0001C496428ACC1800FF428AE9
:20892000CCCCFFF0A91A0003CC96428ADC1803FF428ADC18FFFD428ADC18FFFB428ADCCCDC
:20894000FF0FA91A0080DC9682FE060002FE42A8C4CC00FF0150C496428AC492FF90A91A36
:208960000004C496428ACCCC00FF1050CC96428ACC92FF90A91A0009CC96428AD4CC00FF22
:208980001050D496428AD406FF90A81800FFA91A00252051D41E82FE06000EFE4D7D4CA87E
:2089A0004A1E00BE4D8000020ED401D542C3432B46C2481E4A06487600790E0208D5421E55
:2089C0004C8A4A06487619798EFE06000EFE4D7D4CA84A1E00BE4D8000020ED401D542C313
:2089E000432B46C2481E4A06487600790E0208D5421E4C8A4A06487619798EFE06000EFEB3
:208A00004D7D4CA84A1E00BE4D8000020ED401D542C3432B46C2481E4A06487600790E0273
:208A200008D5421E4C8A4A06487619798EFE06000EFE4D7D4CA84A1E00BE4D8000020ED450
:208A400001D542C3432B46C2481E4A06487600790E0208D5421E4C8A4A06487619798EFE89
:208A600006001B76F0FF0500BDABBDA8BDA0BDC2BDC300E2BD0003E2BD0003E2BD0103E279
:208A8000BD0203E2BD0330E6000608FE69FF4229165610291F76A002130A0C9208520B6021
:208AA0001F76A4021CCCFCFF01501C961F76AC02BF563A011F76A0020D9208520B601F76D2
:208AC000A5021CCCFCFF01501C961F76B002BF563A01008F6CAD1F76A002408F6AADA9A85C
:208AE00069FF140D008F6EAD421EA9A0140DA98348762B581F76B5022E9203602F92096172
:208B00004876337A1F76A002BF560801142B046F1F76A002140A149202522C601F76B502BC
:208B20002A882B0EA60F23601F76B5022C882D0EA60F1D601F76B5022A9219611F76B502D7
:208B40002C9215611F76A002082B06961F76B5022A921F76A0020796008F00AA42A8408F0D
:208B600080AB0693008F80AA487640581F76A002142B1F76B50210920152146080760CA84D
:208B8000408F00A9008F0EA842C244A046A8408F80A9008F80AA4876E8551F76B502102B0F
:208BA000186F1F76B50211920152136080760DA8408F40A9008F0FA842C244A046A8408F2B
:208BC000C0A9008F80AB4876E8551F76B502112B1F76A002059B1392C8005FC90052E0FF52
:208BE00046010C920652E0FF99001F76AC0201E861EEAFE20C000EE869664876BAC48EE633
:208C000000001F76A40213E218001F76AC02AFE20E0012E8401E14AD2F631F76A402191813
:208C2000FF7F1F76AA02AFE22000A0E514AD09631F76A40219CC0080A91AA00F1996366FAC
:208C40001F76AC0201E861EEAFE20E00D0E800F20EE869664876BAC48EE6000000771F76CF
:208C6000A402A9BF120FA993A818FF7F19CC0080A9CB19971B6F1F76A402191A008001E861
:208C800061EE90E800F20EE869664876BAC48EE6000000771F76A402A9BF120FA993A8186F
:208CA000FF7F19CC0080A9CB19971BCCFCFF01501B961BCDE3FF1F76AC02049207901F76FA
:208CC000A40281FFA8CA1B961B18DFFF1F76AD02AFE21E008EE6000000771F76A402A9BFB9
:208CE000120F0356A9061B933F91A8CA1B961F76AC0202E8D123AFE21A004876BAC48EE62E
:208D000000001F76A40213E21A00448F0080008F18A9A9A048764E8F1F76A0020D92065254
:208D2000E0FF99001F76B00201E861EEAFE20C000EE869664876BAC48EE600001F76A502EE
:208D400013E218001F76B002AFE20E0012E8401E14AD2F631F76A5021918FF7F1F76AE0245
:208D6000AFE22000A0E514AD09631F76A50219CC0080A91AA00F1996366F1F76B00201E8F9
:208D800061EEAFE20E00D0E800F20EE869664876BAC48EE6000000771F76A502A9BF120F8A
:208DA000A993A818FF7F19CC0080A9CB19971B6F1F76A502191A008001E861EE90E800F295
:208DC0000EE869664876BAC48EE6000000771F76A502A9BF120FA993A818FF7F19CC008003
:208DE000A9CB19971F76B00202E8D123AFE21A004876BAC48EE600001F76A50213E21A0084
:208E00001BCCFCFF01501B961BCDE3FF1F76B002049207901F76A50281FFA8CA1B961B181E
:208E2000DFFF1F76B102AFE21E008EE6000000771F76A502A9BF120F0356A9061B933F9127
:208E4000A8CA1B96448F00A0008F58A9A9A048764E8F008F80AA408F80A848765E72008F3B
:208E600080AB408F8AA848765E721F76A002199B1392C8005FC90052E0FFC20320FF000C97
:208E800048761488181E170248763F884876017C1F76A2021A92015209601B920152066062
:208EA0001C920152036048760477019A48763B5A029A48763B5A008F00AA408FC0A848760A
:208EC0000459008F80AA408F6AA84876D657008F80AB408F74A84876D6571F76A202008F58
:208EE00080AAAFE20000487620581F76A202008F80ABAFE20A00487620584876CD8D008F16
:208F000080AA408F00AE48763957008F80AB408F80AD4876395780760CA8408F00A9008FA7
:208F20000EA842C244A046A8408F80A9008F80AA48764150479680760DA8408F40A9008FD6
:208F40000FA842C244A0408FC0A946A8008F80AB487641504896008F00AA4876BF641F76B6
:208F6000A00208921A601F76A8023D2B408F80AB1F76A002008F99A801CC0C0042A01F7643
:208F8000A30244A8C1FFAFE20600408F80AA008F00AA48760E6D046F1F76A8023D0A1F76F0
:208FA000A8023D92645206693D2B1F76A902BF561301408F35AB008F4CAB42A044A8408F70
:208FC0004BAB008F34AB48765E6E1F76AD02008F00AA0B920C934876DD6E1F76A2021A92FC
:208FE000008F00AA1F76AB02AFE216001F76AF02AFE2160148761F6F1F76A902009B0F9299
:2090000010CA00520261019B0397408F80AA008F60A842A044A8408F00AA008FC0A84876FF
:209020009271408F80AB008F60A842A044A8408F00AA008FC0A848769271008F80AA487626
:209040006C6F008F80AB48766C6F008F60A8408F00AA42A8008FC0A84876C16F008F80AA4A
:20906000408F60A84876FB6F008F80AB408F60A84876FB6F008F80AA408F60A848765A7020
:20908000008F80AB408F60A848765A70008F60A84876E6701F76AA021B9218601F76AE0261
:2090A0001B9214601F76A10220180000211800FF22180000231800001F76AD02202B1F764E
:2090C000B102202B1F76A8023C2B1F76A8022E922160807680A9408F0CA8008F00AA42C28D
:2090E000019A44A046A8408F80AB008F80AA48767F638076C0A9408F0DA8008F00AA42C290
:20910000029A44A046A8408F80AA008F80AB48767F631F76A90203927260109270600F92D4
:209120006E601F76A00208923A60008F80AA4876C265008F80AB4876C2651F76A8023D2B12
:20914000008F80AA4876976E1F76A202008F80AA408F04AB1B921D934876AC6E1F76AD02AA
:20916000009B0F920ECA00520261019B0697008F80AB4876976E1F76A202008F80AB408FAE
:2091800004AC1C921E934876AC6E1F76B102009B0F920ECA00520261019B06971F76AA025D
:2091A0001B9210601F76AE021B920C601F76A0020B0A0B920C520A600B2B1F76A8023B2BA8
:2091C000056F1F76A802BF563B01008F80A91F76A00242A8408F80AB0892008F80AA4876A7
:2091E000736B1F76A002008FC0A9408F80AA42A80892008F80AB4876736B146F1F76A802CD
:209200003B2B1F76AA021B9205611F76AC02BF563B011F76AE021B9205611F76B002BF564C
:209220003B011F76A902119201521960009A4876E25AA928404B4C9B487653881F76A90293
:20924000112B0002421E1102487666770002421E3902487666771F76A002002B1F76A002F1
:209260000092285213601F76A9020A92015206610102421E1102487666770102421E39022A
:20928000487666771F76A002002B000A008F00AA42A8408F80AB008F80AA48765B651F76DE
:2092A000AC022F9202520860008F80AA408F80AB4876C15C156F1F76B0022F9202520860AD
:2092C000008F80AB408F80AA4876C15C096F008F80AA4876985D008F80AB4876985D1F761A
:2092E000AA021C92035206611F76AE021C9203520B60019A4876865C019A4876745C019AA6
:2093000048768F5C0A6F019A4876865C019A4876745C019A48768F5C1F76AA021B925461E0
:209320001F76AE021B9250611F76A8023C92015207613392015204613292015245601F76F4
:20934000AC022F9202521E601F76B0022C9200BE0152026001BE2D93009A01530260019AEA
:20936000A6CA2E9300BE0153026001BEA6CA05611F76A902BF5619011F76B0022C2B2D2B4E
:209380002E2B1F76B0022F9202521E601F76AC022C9200BE0152026001BE2D93009A0153B9
:2093A0000260019AA6CA2E9300BE0153026001BEA6CA05611F76A902BF5619011F76AC02C4
:2093C0002C2B2D2B2E2B1F76AA021B9201520D691F76AE021B92015208691F76A8023C2B72
:2093E0001F76A902BF5619021F76A90206920560019A48767D5C046F009A48767D5C008F5B
:2094000000AA42A8408F80AB008F80AA4876E5711F76AD02239201520A601F76AA02BF56E5
:209420001C04008F80AA4876C8690E6F1F76B1022392015209601F76AE02BF561C04008F25
:2094400080AB4876C8691F76B5020D920A6190E51F76AC0203E224001F76B00203E224008B
:20946000807600AA408F0EA8008F0CA842C244A046A8408F80AB008F80AA4876476480769C
:2094800000AA408F0FA8008F0DA842C244A046A8408F80AA008F80AB48764764008F00AA2D
:2094A0004876C97D1F76A8023B924876E25A1F76A8023C924876385B1F76AC02019A3A9399
:2094C0004876685C1F76B002029A3A934876685C1F76AC02019A2D5C2E5D2C9348769D5973
:2094E0001F76B002029A2D5C2E5D2C9348769D59408F00AA008F94A842A044A8408F80ABF6
:20950000008F80AA48767281019A008F80AA4876185A1F76AC02019A209348761B5C008F08
:2095200000A9019A408F0CA842A8008F80AA48760856029A008F80AB4876185A1F76B002D8
:20954000029A209348761B5C008F40A9029A408F0DA842A8008F80AB487608561F76A002F8
:209560000C92085204610E920B520C601F76AA021C9201520361025205601F76AC02BF566E
:209580001F011F76A0020D92085204610F920B520C601F76AE021C92015203610252056049
:2095A0001F76B002BF561F011F76AC02408F0DA8008F40A93B9242A01F76B00244A83B9340
:2095C000408F00A9008F0CA84876985C008F60A84876F0861F76A8023D921F76AC0241962B
:2095E00001921F76B502095C1F76B5020A5D1F76B0020193487680864876378C1F76A0021D
:20960000649B1392C8005FC900521F601F76AB0202E88107C4E23C004876BAC41F76AB02D1
:2096200003E23E003C2B1F76AF0202E88107C4E23C004876BAC41F76AF0203E23E003C2BFA
:209640001F76A002BF560901A928E80313540460BF560A01132B103B88FEAFE2BE03AFE21B
:20966000BE02AFE2BE01AFE2BE0080E2BE00BEC5BEC4BE83BE8ABE870300303BF1FF1776AD
:20968000027608FE441E42A8481E0002461E4C06460F106946064207A98A4883C492C53C2A
:2096A00001024807481E01024607461E4C06460FF26688FE060008FE441E42A8481E0002F9
:2096C000461E4C06460F17690129460640FF4207A98A46920190C493488A82FFA92D63FF83
:2096E000C43D01024807481E01024607461E4C06460FEC6688FE060008FE441E42A8481EC0
:209700000002461E4C06460F1B690129460641FF30FF4207A98A4692C4C4039082FFA92D0D
:20972000A6062256A61E488AA692C43C01024807481E01024607461E4C06460FE86688FE50
:20974000060008FE441E42A8481E0002461E4C06460F1169488AC4C6A98846064207A98A6F
:20976000C47E01024807481E01024607461E4C06460FF16688FE060002FE421E40024207C6
:20978000A98ABF56C41A40024207A98AC4923F902552FA6082FE060002FE421E428AC41A5F
:2097A000011442064876AD9B428AC41A008001024076EC80428AC41A400082FE060012FE77
:2097C000477C461EBF564B01BF564C02470EAC1E65565800A6A9000256A31FF61756A600FA
:2097E000483F47924B9E4C9E4996C0FF085205664992C0FF4A96036FBF564A0849924A9EBD
:209800004C94FF9C4D964A92FF9C4E964A9204520469BF564F03036F4E924F964892FF9CDD
:20982000C5FF51964892FF9C3F9050964D9241964E9242964F924396515D505C46064876C7
:20984000149C92FE060008FE467D457C421E428AC49247964150C4963F024589441E012953
:2098600003564D06009BC0904498439903564B08A918000F00914498439903564C0CA91862
:209880000070009144984399462500900F914498439944C40C024207A98AC4C24718BFFF87
:2098A000428A4792C49688FE060002FE421E008F0080A9A8460F0460428AE492236F20FFB1
:2098C00000014207A983C5CC0080A988A9A8A60FF76146A3AB92FF90A92720FF0001420784
:2098E000A98AAA2BAA1A0800C4A9012920FF00014207A983C5CC0080A98820FF0080A60FD2
:20990000F66182FE06000CFE4C7D4B7C421E0002441E461E481E4A1E012920FF0001420747
:20992000A983C5CC0080A98820FF0080A60FF6610C6F2FFF0040481E0C6F2FFF0040481E70
:20994000008F00124AA8056F4C92F4610352F6614B920152146001BE5606009B0190A60F81
:2099600005605406A818FF1F461E5206A818FF1F48CA47CBA81A00C0481E1B6F01BE5606FF
:20998000009B0190A60F09605406AC2812003B560090A818FC1F461E5206AC2812003B560E
:2099A000A818FC1F009047CB48CAA81A0080481E56060090A818008046984599560600909C
:2099C000A81800404698459956A3AA1800405606AB180000009B0190AACBABCA56A3AB18DF
:2099E0000000AA180080ABCAAACB58FF03614A1A00104C920361035205600F0257894A983D
:209A000049995606A941036D4A1A8000A918000800914A9849995606A918000400914A9818
:209A20004999431A2000431A1000431A4000431A800046C420FF04014207A98AC4C248C4A4
:209A400020FF08014207A98AC4C24AC420FF0C014207A98AC4C250A3AA2BAB92FF90A9273C
:209A6000A9A944CA43CB5AFF20FF00014207A98AC4A98CFE06000AFE497D46A8441E000266
:209A8000481E4EA3AB92FF90A92720FF00014407A98AAA2BAA1A1000C4A9012920FF0001D5
:209AA0004407A983C5CC0080A98820FF0080A60FF66120FF0C014407A98AC40E481E009BC5
:209AC0000F90421E20FF1001468A44074876329B49920561038F000048A8036F0002481E14
:209AE0004EA3AB92AA2BFF90A927A9A948CA47CB5AFF20FF00014407A98AAA1A8400C4A9E2
:209B00008AFE06000AFE497D46A8441E0002481E4EA3AB92FF90A92720FF00014407A98A06
:209B2000AA2BAA1A1000C4A9012920FF00014407A983C5CC0080A98820FF0080A60FF66161
:209B400020FF0C014407A98AC40E481E009B0F90421E20FF1001468A440748764C9B4992BE
:209B60000561038F000048A8036F0002481E4EA3AB92AA2BFF90A927A9A948CA47CB5AFFF2
:209B800020FF00014407A98AAA1A8400C4A98AFE06000AFE497D46A8441E0002481E4EA36D
:209BA000AB92FF90A92720FF00014407A98AAA2BAA1A1000C4A9012920FF00014407A98394
:209BC000C5CC0080A98820FF0080A60FF66120FF0C014407A98AC40E481E009B0F90421E1C
:209BE00020FF1001468A440748766D9B49920561038F000048A8036F0002481E4EA3AB9289
:209C0000AA2BFF90A927A9A948CA47CB5AFF20FF00014407A98AAA1A8400C4A98AFE060060
:209C20000AFE497D46A8441E0002481E4EA3AB92FF90A92720FF00014407A98AAA2BAA1ADA
:209C40001000C4A9012920FF00014407A983C5CC0080A98820FF0080A60FF66120FF0C01AD
:209C60004407A98AC40E481E20FFF0FF48C0A89247C049920F90A90E4898479948C420FFBB
:209C80000C014407A98AC4C24EA3AB92FF90A92720FF00014407A98AAA2BAA1A9000C4A9F2
:209CA000012920FF00014407A983C5CC0080A98820FF0080A60FF6614EA3AB92FF90A92769
:209CC00020FF00014407A98AAA2BAA1A1000C4A9012920FF00014407A983C5CC0080A988CD
:209CE00020FF0080A60FF66120FF0C014407A98AC40E481E009B0F90421E20FF1001468A3D
:209D000044074876329B49920561038F000048A8036F0002481E4EA3AB92AA2BFF90A9276E
:209D2000A9A948CA47CB5AFF20FF00014407A98AAA1A8400C4A98AFE060004FE421E00020F
:209D4000441E48A3AB92FF90A92720FF00014207A98AAA2BAA1A1000C4A9012920FF00011E
:209D60004207A983C5CC0080A98820FF0080A60FF66120FF0C014207A98AC40E441E48A3BA
:209D8000AB92FF90A92720FF00014207A98AAA2BAA1A8400C4A984FE060008FE46A8441E23
:209DA000482B4CA3AB92FF90A92720FF20014407A98AAA2BAA1A3300C4A9012920FF200144
:209DC0004407A983C5CC0080A98820FF0080A60FF66120FF2C014407A98AC492489648CC0D
:209DE0000080A98820FF0080A60F25600F024889421E20FF3001468A44074876929BBF562C
:209E000047014CA3AB92FF90A92720FF20014407A98AAA2BAA1A0400C4A9012920FF20013D
:209E20004407A983C5CC0080A98820FF0080A60FF661026F472B479288FE06000AFE48A086
:209E400046A8441E4E06421E508A44064876BE9E49964992246120FF28014407A98AC406F1
:209E6000A84E0E6C468ABF56C40120FF28014407A98AC406488AA818FF1FC41E106F468A57
:209E8000C42B20FF28014407A98AAC281200C406488A0090A818FC1F2256C41E49928AFE63
:209EA000060006FE467D457C421E46920461009A809B026F0002A71E4B9204618076004012
:209EC000026F00BEA706A6AF7751441E0129459202520460008D2001036F008D0001428AF4
:209EE00094CC0080A98820FF0080A60FF1614AA3AB92AA2BFF90A927A9A944CA43CB5AFF86
:209F0000459202520460A9282001036FA9280001A95CA9A84207A98AC4A9012945920252E8
:209F20000460008D2001036F008D0001428A94CC0080A98820FF0080A60FF16186FE060002
:209F400002FE421E012920FF00014207A983C5CC0080A98820FF0080A60FF66100BE20FF18
:209F600008014207A98AC4C246A3AB92FF90A92720FF00014207A98AAA2BAA1AA000C4A90F
:209F800082FE060002FE421E012920FF00014207A983C5CC0080A98820FF0080A60FF6612F
:209FA00000BE20FF08014207A98AC4C246A3AB92FF90A92720FF00014207A98AAA2BAA1AFF
:209FC000A000C4A982FE060004FE421E0102441E2002440F2568012920FF00014207A98366
:209FE000C5CC0080A98820FF0080A60FF66100BE20FF08014207A98AC4C244A3AB92FF90D9
:20A00000A92720FF00014207A98AAA2BAA1AA000C4A901024407441E2002440FDE6784FE42
:20A02000060004FE41961F9080FF429641CC001FC7FF43962276058F22D3A9A8420DA98A7C
:20A04000432D01023B56C498CC991A7684FE060020FF0000058F2ED2C440026C019B00530F
:20A060000261019A06002276058F2ED2C41A02001A76060002FE421E2276428AC4CCF0FFF7
:20A080000A50C4961A7682FE060002FE421E2276428AC4CCF0FF0550C4961A7682FE0600EE
:20A0A00002FE421E2276428AC4CC0FFFA050C4961A7682FE060002FE421E2276428AC4CC8A
:20A0C000FF0FA91A00A0C4961A7682FE060002FE421E2276428AC4CC0FFF5050C4961A76B3
:20A0E00082FE060002FE421E2276428AC4CCFF0FA91A0050C4961A7682FE060004FE437C34
:20A10000421EA928000A43540A602276428AC4CCFFF0A91A000AC4961A76096F2276428A8D
:20A12000C4CCFFF0A91A000BC4961A7684FE060002FE421E227614024207A98AC41A0100F7
:20A140001A7682FE060002FE421E227614024207A98AC41A02001A7682FE060004FE437CA8
:20A16000421E227624024207A98AC4CCF00F43CAA988A61A00A024024207A98AC47E1A76A4
:20A1800084FE060004FE437C421E227628024207A98AC4CCF0FF43CAA98828024207A98A75
:20A1A000C47E1A7684FE060002FE421E2276468808024207A98AC47E0A024207A98A46A346
:20A1C000AA180F00C4CCF0FFAA980A024207A98AC45748880C024207A98AC47E4A881002CA
:20A1E0004207A98AC47E12024207A98A4AA3AA180F00C4CCF0FFAA9812024207A98AC457E7
:20A200001A7682FE060004FE432B0002421E442B20FFD0074076EC80458F30D220FFFF01DA
:20A22000C50F0A67058F30D2C4060151C41E20FFFF01C50FFA68058F30D2A928FF03C4546F
:20A24000146101024207421E268FA025A9A8420F0667439203520960442B076F058F30D246
:20A26000A928FF03C454EE60439203520960058F30D2A928FF03C4540360BF564401430A87
:20A280000002421E43920452CA68449284FE060008FE421E487619A000520661A928809624
:20A2A000989B481E516F058F08D2C406009B0390461E460604610202460F0660A928809624
:20A2C000989B481E036F4206481E058F0ED203BEC406009B0390A60F2560058F14D20129BA
:20A2E000C406A9180003009147FFAC1E4456420041FF441EC406009B7F90AC1E6556480070
:20A3000048A944064807481EC4060791A80E0109441E4406076148A300021FF61756440064
:20A3200048A9058F22D2C406009B3F9058FF0C61C406009B3F9030FFA61E48A300021FF683
:20A340001756A60048A9480688FE060012FE441E0002481E512B487619A000520461512B1F
:20A36000EFFFAE004406009003914A1E4876B8A22276058F0ED2C418FDFF1A760B0240761C
:20A38000EC804406009B7F90461E01294406A918006000914CFF37FF46984599AC281400AE
:20A3A00044060090709122563FFF46984599058F14D2C406009B7F904E1EC406A918000368
:20A3C00000914E984D99C406009007914E984D9946064E0F42614406AB2BAA280080009014
:20A3E000A8180080AB0F36602276058F22D2C42B1A762276058F0ED2C418FEFF0B02407686
:20A40000EC80058F14D24606C41E008FD0074CA8058F16D2C49201905096076FC492019028
:20A420005096010241564C005092015203614C06F6601A764406A9187F607091421E4A06E4
:20A44000487663A3519651920A6001024807481ED16FBF565101036FBF56510151922F6159
:20A4600044CC801FC6FF4F9622763F520C61058F22D24F93C4CCC0FF019DA9CBC49727F6AA
:20A480000077096F058F22D2C4CCC0FF4FCAC49627F600772276058F0ED2C41A02001A7673
:20A4A000280269FF4076EC802276058F22D2C4CCC0FF4FCAC49627F600771A76519269FF97
:20A4C00092FE060002FE412B422B2276058F32D2C418FEFF27F60077C418FDFF27F6007704
:20A4E0001A7669FF4876F4A041962276058F08D2C4CCFCFF0150C496FAF6007732F60077F9
:20A500001A760F6F487624A04876F4A041962276058F08D2C4CCFCFF0150C4961A76420A6A
:20A5200069FF487619A0005206614192046042920452E9684192046025760052FE6182FECE
:20A5400069FF060002FE412B2276058F32D2C418FEFF27F60077C41A020027F600771A7680
:20A5600069FF4876F4A041962276058F08D2C4CCFCFF0150C4961A7669FF026F257648764C
:20A5800019A0005203614192FA6182FE060002FE421E22761D6F058F08D2C418F7FFFAF6E4
:20A5A000007732F60077C418FCFF246F487653A2216F487693A21E6F058F08D2C4CCFCFF5F
:20A5C0000250C496FAF6007732F60077136F58FF42C4E261018F0000A9A8A60FE861028F37
:20A5E0000000A9A8A60FE961038F0000A9A8A60FE1611A7682FE69FF060004FE421E487693
:20A6000039A1441E058F2CD2C406009B079058FF0C61C406009B079030FFA61E44A30002D4
:20A620001FF61756A60044A9440684FE060004FE4396446F058F08D00129C406009BC0905A
:20A6400045FF421E4D6F058F08D00129C406A9180007009147FF421E436F058F08D00129F3
:20A66000C406A918006000914CFF421E396F058F08D0C406FF91A80E421E326F058F0AD020
:20A680000129C406A91800FF009147FF421E286F058F0AD0C406FF91A80E421E216F058F36
:20A6A0000AD0AC281800C4060090A81800FF2256421E166F0002421E136F03520A62035264
:20A6C000D7610052B8610152BF610252C761F36F0452D5610552DD610652E261EC6F42929B
:20A6E00084FE06001AFE481E0C6FBF5659021C6F592B1A6FBF565901176FBF565901146FEA
:20A7000058FF48C4F361018F0000A9A8A60FF161028F0000A9A8A60FEE61038F0000A9A8D1
:20A72000A60FE761EB6F5802521E1802561E058F00E750A85A2B5E06009B7F904A1E5E0698
:20A74000A918006000914C1EAC2814005E060090709122564E1E64BE0102A6874E07A61EB1
:20A7600065564A0000021FF61756A60054A90D6F19025407541E166F32025407541E126F42
:20A780004B025407541E0E6F4CC420FF0020A60FF06120FF0040A60FF06120FF0060A60F34
:20A7A000F061159A487602A05006487689A05006487694A05006487636A05006487658A0BE
:20A7C0005006487663A0595C50064876B3A050065A5C48769FA05206421E5606441E54066D
:20A7E000461E50064876C5A0008F000A500648766FA05006487641A0500648764CA0500675
:20A8000048762BA05406581E046F01024156580014025007A98AC492039003605806F660DA
:20A8200014025007A98A00BE00B6C49303910253116018025007A98AC4930C601C02500777
:20A84000A98AC493076020025007A98AC493026001B6A793026101BEA6929AFE060002FEB9
:20A86000421E428AF49282FE060006FE421E42C431FFA6070319461E0002441E4606440FD6
:20A88000076901024407441E4606440FFB6686FE060006FE447D437C421E452B0A6F450AF2
:20A8A0006402487626A4459205520368019A5B6F42064876AB7B0152F361452B0A6F450AA1
:20A8C0006402487626A4459205520368029A4B6F42064876B17BA61E0102A60FF161452B2B
:20A8E00042064876B87B008F000642064876BE7B435C42064876C57B03D442064876CC7B42
:20A90000445C42064876D37B495C42064876D37B495C42064876D37B42064876DA7B0A6F7D
:20A92000450A6402487626A4459205520368039A1A6F42064876E07B58FFF360420648760A
:20A94000E77B452B0A6F450A6402487626A4459205520368029A076F42064876B17B58FF3B
:20A96000F361009A86FE06000AFE477D44A8421E4876F37B00520761448ABF56C405009A1B
:20A98000EFFF8100AD5C86DCA45C01F6842B4A2B4A2B0D6F4A0A6402487626A44A9205525C
:20A9A0000668448ABF56C402009A6C6F42064876B17BA61E0102A60FEE6142064876B87BD5
:20A9C000008F000642064876BE7B475C42064876C57B01D442064876CC7B4D5C42064876E9
:20A9E000D37B42064876DA7B4A2B0D6F4A0A6402487626A44A9205520668448ABF56C40330
:20AA0000009A406F42064876E07B58FFF0604206008F00044876BE7B02D442064876CC7BF0
:20AA200042064876DA7B492B499202520D674206487620A4AD5C495886DCA45C9496490A51
:20AA400049920252F5684A2B42064876E77B4A2B0D6F4A0A6402487626A44A9205520668B9
:20AA6000448ABF56C402009A0D6F42064876B17B58FFF06145934692A8384896448AC42B12
:20AA800048928AFE060008FE477D46A8441E412B475D468A44064876A5A488FE060008FE71
:20AAA000477D46A8441EBF564101475D468A44064876A5A488FE060006FE467D457C441EF0
:20AAC000469202D54196455C440648763AA486FE060006FE467D457C441E469203D541966E
:20AAE000455C440648763AA486FE060008FE477D46A8441EBF564102475D468A4406487657
:20AB0000A5A488FE060008FE477D46A8441EBF564103475D468A44064876A5A488FE06009C
:20AB200006FE467D457C441E469204D54196455C440648763AA486FE060006FE467D457C0A
:20AB4000441E469205D54196455C440648763AA486FE060008FE477D46A8441EBF56410485
:20AB6000475D468A44064876A5A488FE060008FE477D46A8441EBF564105475D468A440651
:20AB80004876A5A488FE060006FE467D457C441E469206D54196455C440648763AA486FEA3
:20ABA000060008FE477D46A8441EBF564106475D468A44064876A5A488FE060006FE467D01
:20ABC000457C441E469207D54196455C440648763AA486FE060008FE477D46A8441EBF5687
:20ABE0004107475D468A44064876A5A488FE060006FE467D457C441E469240D54196455C6D
:20AC0000440648763AA486FE060008FE477D46A8441EBF564140475D468A44064876A5A44F
:20AC200088FE060006FE467D457C441E469241D54196455C440648763AA486FE060008FEC2
:20AC4000477D46A8441EBF564141475D468A44064876A5A488FE060006FE467D457C441E0E
:20AC6000469242D54196455C440648763AA486FE060008FE477D46A8441EBF564142475DA7
:20AC8000468A44064876A5A488FE060006FE467D457C441E469243D54196455C44064876AD
:20ACA0003AA486FE060008FE477D46A8441EBF564143475D468A44064876A5A488FE060028
:20ACC00006FE467D457C441E469244D54196455C440648763AA486FE060008FE477D46A8F9
:20ACE000441EBF564144475D468A44064876A5A488FE060006FE467D457C441E469245D52B
:20AD00004196455C440648763AA486FE060008FE477D46A8441EBF564145475D468A4406D8
:20AD20004876A5A488FE060006FE467D457C441E469246D54196455C440648763AA486FEC1
:20AD4000060008FE477D46A8441EBF564146475D468A44064876A5A488FE060006FE467D1F
:20AD6000457C441E469247D54196455C440648763AA486FE060008FE477D46A8441EBF56A5
:20AD80004147475D468A44064876A5A488FE060006FE467D457C441E469248D54196455C83
:20ADA000440648763AA486FE060008FE477D46A8441EBF564148475D468A44064876A5A4A6
:20ADC00088FE060006FE467D457C441E469249D54196455C440648763AA486FE060008FE19
:20ADE000477D46A8441EBF564149475D468A44064876A5A488FE060006FE467D457C441E65
:20AE000046924AD54196455C440648763AA486FE060008FE477D46A8441EBF56414A475DF5
:20AE2000468A44064876A5A488FE060006FE467D457C441E46924BD54196455C4406487603
:20AE40003AA486FE060008FE477D46A8441EBF56414B475D468A44064876A5A488FE06007E
:20AE600008FE477D46A8441EBF56414C475D468A44064876A5A488FE060008FE477D46A80D
:20AE8000441EBF56414D475D468A44064876A5A488FE060006FE467D457C441E46924FD576
:20AEA0004196455C440648763AA486FE060008FE477D46A8441EBF56414F475D468A44062D
:20AEC0004876A5A488FE060002FE421E2276428AC4CCF0FF0A50C4961A7682FE060002FED2
:20AEE000421E2276428AC4CCF0FF0550C4961A7682FE060002FE421E2276428AC4CC0FFFE8
:20AF0000A050C4961A7682FE060002FE421E2276428AC4CCFF0FA91A00A0C4961A7682FEA2
:20AF2000060002FE421E2276428AC4CC0FFF5050C4961A7682FE060002FE421E2276428AD5
:20AF4000C4CCFF0FA91A0050C4961A7682FE060004FE437C421EA928000A43540A6022763B
:20AF6000428AC4CCFFF0A91A000AC4961A76096F2276428AC4CCFFF0A91A000BC4961A76BC
:20AF800084FE060002FE421E2276428AC4CCFFF0A91A0005C4961A7682FE060002FE421E4E
:20AFA00014024207A98A00BE009AC493019101530260019A0052026101BEA69282FE06003B
:20AFC00002FE421E14024207A98A00BE009AC493029102530260019A0052026101BEA6923F
:20AFE00082FE060002FE421E227614024207A98AC41A01001A7682FE060002FE421E227654
:20B0000014024207A98AC41A02001A7682FE060002FE421E20024207A98AC40682FE06005A
:20B0200004FE437C421E227624024207A98AC4CCF00F43CAA988A61A00A024024207A98AE6
:20B04000C47E1A7684FE060004FE437C421E227628024207A98AC4CCF0FF43CAA988280250
:20B060004207A98AC47E1A7684FE060002FE421E2276468808024207A98AC47E0A02420717
:20B08000A98A46A3AA180F00C4CCF0FFAA980A024207A98AC45748880C024207A98AC47EC3
:20B0A0004A8810024207A98AC47E12024207A98A4AA3AA180F00C4CCF0FFAA981202420782
:20B0C000A98AC4571A7682FE060004FE437C421E43920660428AE4923F904496086F0252FA
:20B0E0000660428AE4CC0007C7FF4496449284FE060003E2BD041EFE03E2500303E24E023A
:20B1000003E24C0103E24A005C7D5B7C481EAFE24C00AFE24A0194E6010014AD1065AFE2BD
:20B120004C01AFE264004876BAC450E80000007790E80000007703E25200156F4876BAC4FC
:20B14000CFE60400AFE24C01AFE264004876BAC450E8000050E82100007710E74000007771
:20B1600003E2520090E80040007703E25200AFE24E0101E818E10EE850B800E35248487637
:20B18000BAC403E2540002E84116AFE250004876BAC4AFE2540100E74100AFE2520410E7AE
:20B1A0000801007703E25200AFE2540120E7080000778AE60000007703E25600AFE2520067
:20B1C0008AE6000000770077A9BF120F30FF581EAFE24A01AFE2540000E34C414876BAC476
:20B1E0008AE60000007703E25A0048064876E3A748064876EEA74806487660A748064876D3
:20B2000082A7480648768DA748065C5C487615A85B5C4806487601A85606421E5806441E5C
:20B220005A06461E4806487627A8008F000A4806487699A7480648766BA74806487676A743
:20B240004806487655A748064876D1A70052066048064876BFA70052F76148064876D1A70A
:20B2600000520461BF565D01026F5D2B5D929EFEAFE2BE04060020FE03E2500303E24E023C
:20B2800003E24C0103E24A00607D5F7C481EAFE25000AFE24A014876BAC450E80000007787
:20B2A00090E80000007703E2520090E80040007703E2520001E818E1AFE24C010EE850B844
:20B2C00000E352484876BAC403E2540002E84116AFE24E004876BAC4AFE2540100E7410012
:20B2E000AFE2520010E74000007703E25200AFE2540120E7080000778AE60000007703E24E
:20B300005600AFE252008AE6000000770077A9BF120F30FF581E0F8FFFFF5AA848064876BE
:20B32000E3A748064876EEA74806487660A74806487682A7480648768DA74806605C487692
:20B3400015A85F5C4806487601A85606421E5806441E5A06461E4806487627A8008F000A0C
:20B360004806487699A7480648766BA74806487676A74806487655A748064876D1A700525C
:20B38000066048064876BFA70052F76148064876F9A75AA34156AB005CA9AFE24A0084E2FA
:20B3A000560184E25C0384E2580200E7180010E789004876BAC403E25E00A0FE060003E22A
:20B3C000BD041CFE03E2500303E24E0203E24C0103E24A005C7D5B7C481EAFE24C00AFE240
:20B3E0004A0194E6010014AD1065AFE24C01AFE262004876BAC450E80000007790E800001D
:20B40000007703E25200156F4876BAC4CFE60400AFE24C01AFE262004876BAC450E80000C0
:20B4200050E82100007710E74000007703E2520090E80040007703E25200AFE24E0101E828
:20B4400018E10EE850B800E352484876BAC403E2540002E84116AFE250004876BAC4AFE214
:20B46000540100E74100AFE2520410E70801007703E25200AFE2540120E7080000778AE6DE
:20B480000000007703E25600AFE252008AE6000000770077A9BF120F30FF581EAFE24A01AF
:20B4A000AFE2540000E34C414876BAC48AE60000007703E25A0048064876E3A74806487633
:20B4C000EEA74806487660A74806487682A7480648768DA75C5C4806487615A85B5C4806C9
:20B4E000487601A85606421E5806441E5A06461E4806487627A848064876B3A74806487658
:20B500006BA74806487655A79CFEAFE2BE0406000CFE4A1E02D4FFD520FF0003BF5641A0EA
:20B520004876D2AA4C1E00BE4CC5000212D401D542C3432B46C2481E4A064876007904D49A
:20B54000FFD520FF0004BF5641A04876D2AA4C1E00BE4CC5000213D401D542C3432B46C251
:20B56000481E4A064876007906D4FFD520FF0005BF5641A04876D2AA4C1E00BE4CC50002A1
:20B5800014D401D542C3432B46C2481E4A06487600798CFE06000AFE4A1E408F00A0008F87
:20B5A00000FFA9280104A828008042A0BF56430201D546A8481E4E5C4A06487600798AFE47
:20B5C00006000CFE4A7D497C481E471803000129480647FFFF904B96AD5C4F9286DC4196B6
:20B5E000A45C4A5D4B934992487642C546068CFE06000CFE4B7C4A1EA928FFFFFF9B481E42
:20B60000462B452BAA2BAC2818004B270002525644A9421E48A34606C80013C948A9461EEF
:20B62000AD5C120208D588DC421EA45C4A06487619798CFE060018FE03E24E0103E24C00A1
:20B640004A1EAD5C96DCA45C07F6842BBF5656FFBF5655FFBF5654FF532BAFE24C0050E88D
:20B66000004800778EE60000007713E257005792FF9052965792C7FF5196AFE24E0050E8C7
:20B6800000B200778EE60000007713E257005792FF9050965792C7FF4F96582B0002481E6D
:20B6A000462B452B582B589208521B6700BEAD5C585896DCA45CAA2B9492FF90A9270356C4
:20B6C0005803A92DA606525644A9421E48A34606C80013C948A9461E580A58920852E86872
:20B6E000AD5C1302421E08D588DC4A06A45C4876197998FE060008FE481E0002461E442B0E
:20B70000432BAD5C140208D586DCA45C421E48064876197988FE06000AFE46A044A8421E99
:20B72000AD5C89DCA45C487691C5481E4292FF90FF9C49962C6FAC281E004930448A460723
:20B74000A9834D924876CCAB356FAC281E004930448A46071809A9834D9248760FAC2A6F41
:20B76000AC281E004930448A46070809A9834D92487634AC1F6FAC281E004930448A460775
:20B780001009A9834D92487650AC146F48C420FFA001A60FD16120FFA002A60FE26120FFBD
:20B7A000A00BA60FE961012920FFA091A60FCE61016F8AFE060006FE459644A042A808527C
:20B7C0003C6842C5448AC792C4964283428A0356D508CCCAA90EA9BD160F00770077007739
:20B7E00001E860EE8BE609000EE8686600E74000448A03E2D4004283428A0356E508DCCAA9
:20B80000A90EA9BD160F00770077007701E818E18BE609000EE850B800E74000448A03E24D
:20B82000E4004283428A0356F5084483ECCAF596428A4483FC92FD9686FE060006FE459618
:20B8400044A042A808521E6842830356CD084483C4CAC5964283428A0356DD084483D4CA63
:20B86000CD96428A4483E492D596428A4483EC92DD96428A4483F492E596428A4483FC92B8
:20B88000ED9686FE060006FE459644A042A80052156142C5448AC792C496462BBF564601D1
:20B8A000469208520B67FF9CA95CA9A84407A98ACC2B460A46920852F76886FE060006FE0F
:20B8C000459644A042A80852536842830356CD08C4CAA90EA9BD160F00770077007701E899
:20B8E00060EE8BE609000EE8686600E74000448A03E2C4004283428A0356DD08D4CAA90EFA
:20B90000A9BD160F00770077007701E860EE8BE609000EE8686600E74000448A03E2D40014
:20B920004283428A0356ED08E4CAA90EA9BD160F00770077007701E860EE8BE609000EE82C
:20B94000686600E74000448A03E2E4004283428A0356FD08F4CAA90EA9BD120F0077007782
:20B96000007700778BE60000448A03E2F40086FE06000CFEAD5D44A844C58ADDA50EA98AE1
:20B9800005F684244B2B4B9206527567616FAD5D008F54ADA9A88ADD4B0D008F5AAD421E0D
:20B9A000A55DA9A84B0DA98A48762DAD606FAD5D008F54ADA9A889DD4B0D008F5AAD421EA3
:20B9C000A55DA9A84B0DA98A48762DAD506FAD5D008F54ADA9A888DD4B0D008F5AAD421E94
:20B9E000A55DA9A84B0DA98A48762DAD406FAD5D008F54ADA9A887DD4B0D008F5AAD421E85
:20BA0000A55DA9A84B0DA98A48762DAD306FAD5D008F54ADA9A886DD4B0D008F5AAD421E75
:20BA2000A55DA9A84B0DA98A48762DAD206FAD5D008F54ADA9A885DD4B0D008F5AAD421E66
:20BA4000A55DA9A84B0DA98A48762DAD106F03520A620352CD6100529B610152A9610252AE
:20BA6000B761056F0452D4610552E2614B0A4B920652EE688CFE060004FE44A042A8488A03
:20BA8000C49208520C68428AC49204520867448ABF56C402488ABF56C409246F488AC49283
:20BAA00004520E68C49208520B67428AC49204520767448ABF56C401488AC40A136F428A1C
:20BAC000C49204520467488AC40A0C6FC49204520968448AC42B428ABF56C401488ABF56CD
:20BAE000C40184FE0600BDAAAD5A84DA70FEFA960129078FA8000356FA0A0156A4000ED091
:20BB000092A8EA2B227608D00002921E08D03002920F1A69AD5C08D0E4DCA45D920630FF1D
:20BB200008D00156A50092060ED030FF9207A98AC406C51E08D00102920708D0921E08D03F
:20BB40003002920FE866FA92075206601F76B1023992F296056F1F76B1023892F296F2924C
:20BB6000019C0356A901A98000BE69FF3A0E42C344C24876EEC70CD0921EF25C1F76B102EE
:20BB800001DCA48000BE03563A04A90E42C344C24876EEC70AD0921E26D092CCFF0F0CD052
:20BBA000A90E920F0567EA28F801EFFF2102AD5C1602421EE4DC1002A45C48764FC97E0FEF
:20BBC0000561EA28F601EFFF13021F76B102328A0202D418FDFF3207A98A009A0190C4CDDB
:20BBE000FEFFA8CAC49630D0929230D0C3FF92CA30D0FF90929633D0929233D0C3FF92CA3B
:20BC000033D0FF90929631D0929231D0C3FF92CA31D0FF909296008F4401A9A83207A98ADD
:20BC2000C4CCF8FF0550C4960AD092062CD0421E920E487635C91F76B102008F2001A61EE8
:20BC4000A9A83207A98AC47E0AD092062ED0421E9206487635C91F76B102008F2201A61E03
:20BC6000A9A83207A98AC4C20AD0920623D0421E9292FF90A90E487635C91F76B102A9881D
:20BC8000008F1001A9A83207A98AA692C493A83CC4970AD0920625D0421E92CC00FFC7FF8F
:20BCA000A90E487635C91F76B102008F1401A61EA9A83207A98AA692C493A939C4970AD0FE
:20BCC000920627D0421E92CC00FFC7FFA90E487635C91F76B102008F1601A61EA9A83207A3
:20BCE000A98AC47E0AD0920624D0421E92CC00FFC7FFA90E487635C91F76B102008F1A0181
:20BD0000A61EA9A83207A98AA692C493A939C49721D092CC00FF008F0801C7FFA988A9A8A8
:20BD20003207A98AC492A638C49621D0008F080192CCFF00A988A9A83207A98AA692C493A6
:20BD4000A83CC49720D0008F0C0192CC00FFC7FFA988A9A83207A98AC492A638C49620D089
:20BD6000008F0C0192CCFF00A988A9A83207A98AA692C493A83CC49722D0008F0E0192CC20
:20BD8000FF0FA988A9A83207A98AA692A9CCFF0FC4CD00F0A8CAC49622D0008F0E0192CCB1
:20BDA00000F0CBFFA980A9A83207A98AC4CCFF0FA9880356A70CA6CAC49626D0008F0A01AE
:20BDC00092CC00F0CBFFA980A9A83207A98AC4CCFF0FA9880356A70CA6CAC49623D0008F3E
:20BDE000100192CC00FFC7FFA988A9A83207A98AC492A638C49625D0008F120192CCFF009F
:20BE0000A988A9A83207A98AA692C493A83CC497008F3401A9A83207A98A2AD09292A9CC52
:20BE2000FF0FC4CD00F0A8CAC496008F3501A9A83207A98A29D09292A9CCFF01C4CD00FE04
:20BE4000A8CAC496008F3601A9A83207A98A2DD09292A9CCFF0FC4CD00F0A8CAC496008F13
:20BE60003701A9A83207A98A30D09292A9CCFF01C4CD00FEA8CAC496008F3901A9A8320786
:20BE8000A98AC41800FE28D0008F3C01A9A83207A98A9292FF9C7F90C4CD80FFA8CAC4966A
:20BEA000008F3E01A9A83207A98A408F0045C4A032023207A98AC42855AA34D092CC00FF93
:20BEC000C7FFA98840023207A98AA6CC0F00C4CDF0FFA8CAC49643023207A98A30D092921B
:20BEE000A9CCFF01C4CD00FEA8CAC49642023207A98A33D09292A9CCFF01C4CD00FEA8CA25
:20BF0000C49645023207A98A31D09292A9CCFF01C4CD00FEA8CAC49600BE46023207A98AAD
:20BF2000C4C280023207A98A418F0401C4A082023207A98A408F0301C4A084023207A98A3B
:20BF4000C418F8FF86023207A98AC41880FF32D092CC00FFC7FFA98848023207A98AA6CC41
:20BF60001F0087FFC4CDFFE0A8CAC49632D092CCFF00A98848023207A98AA6921F90C4CD22
:20BF8000E0FFA8CAC4967FCC00FFC7FFA9804A023207A98AC4CCFF0FA9880356A70CA6CABA
:20BFA000C4967FCCFF00A9884C023207A98AA6921F90C4CDE0FFA8CAC49627D092CCFF007B
:20BFC000A98854023207A98AA692C493A83CC49782023207A98AC4A080023207A98A418F8E
:20BFE0000401C4A032023207A98AC42B008F44011F76B102A9A83207A98AC4CCF8FF025097
:20C00000C4961A76EA9269FFF0FEBE8606001B76F0FF0500BDABBDA8BDA0BDC2BDC300E28A
:20C02000BD0003E2BD0003E2BD0103E2BD0203E2BD0330E600061EFE69FF4229165600023C
:20C040004A1E4C1E048F0080A9A84876BEC84A1E048F0080A9A84876B8C84A06E1FFE1004B
:20C06000EFFFC900448F0080AD5CA9A001B6AD5D94DCA488AD5C42C38CDD9DDCA55D44C20F
:20C08000A45C48760F9F1F76B5020896089201520C60AD5CBF564108422B408F00AE94DC30
:20C0A0004C06A45C48767DAB1F76B502090AEFFFB800448F0080AD5CA9A003B6AD5D9CDC63
:20C0C000A488AD5C42C38CDD9DDCA55D44C2A45C48760F9F1F76B502089608920152E0FF1A
:20C0E000A000BF564108408F0EA80B92008F10A844A0459648A8AD5C408F80A99CDC4C065F
:20C10000A45C48767E8FEFFF8C00448F0080AD5CA9A019B6AD5D94DCA488AD5C42C38CDD49
:20C120009DDCA55D44C2A45C48760F9F1F76B5020896089201527460A928AB34A828EF12E6
:20C140004C0F6E6054925A526B6052925A52686050925A5265604E925A5262604876025E42
:20C160005F6F448F0080AD5CA9A005B6AD5D94DCA488AD5C42C38CDD9DDCA55D44C2A45CF3
:20C1800048760F9F1F76B5020896089201524860BF564108408F80AB008F00AA44A046A851
:20C1A000AD5C408F80AA4C0694DCA45C4876B16A376F448F0080AD5CA9A01FB6AD5D94DC48
:20C1C000A488AD5C42C38CDD9DDCA55D44C2A45C48760F9F1F76B502089608920152206078
:20C1E00054920460BF560D011B6F015219600D2B176F4AC40502A60F0C64A60FB3610102B8
:20C20000A60FE1FF31FF0302A60FE1FF54FF086F1902A60FE1FF7BFF1F02A60FCB614A0679
:20C22000048F0080421EA9A84876469C448F008001D4A9A04876C6C8A92800014876B2C8D3
:20C240009EFEAFE2BE03AFE2BE02AFE2BE01AFE2BE0080E2BE00BEC5BEC4BE83BE8ABE870D
:20C260000300303BF1FF177602761B76F0FF0500BDABBDA8BDA0BDC2BDC300E2BD0003E229
:20C28000BD0003E2BD0103E2BD0203E2BD0330E600061EFE69FF4229165600024A1E4C1EAA
:20C2A000048F00A0A9A84876BEC84A1E048F00A0A9A84876B8C84A0662615A6F448F00A03D
:20C2C000AD5CA9A001B6AD5D94DCA488AD5C42C38CDD9DDCA55D44C2A45C4876117C009BD1
:20C2E00000520261019B1F76B5020897089201520D60AD5CBF564108BF564201408F80ADED
:20C3000094DC4C06A45C48767DAB1F76B5020A0A366F448F00A0AD5CA9A003B6AD5D9CDC70
:20C32000A488AD5C42C38CDD9DDCA55D44C2A45C4876117C009B00520261019B1F76B50256
:20C340000897089201521B60BF564108408F0FA80C92008F11A844A0459648A8AD5C408F85
:20C36000C0A99CDC4C06A45C48767E8F086F4AC40102A60FA4610302A60FCC61448F00A023
:20C380004A5CA9A04876267C0102048F00A0421EA9A84876307CA92800014876377C9EFE1E
:20C3A000AFE2BE03AFE2BE02AFE2BE01AFE2BE0080E2BE00BEC5BEC4BE83BE8ABE87030045
:20C3C000303BF1FF177602761B76F0FF0500BDABBDA8BDA0BDC2BDC300E2BD0003E2BD000E
:20C3E00003E2BD0103E2BD0203E2BD0330E6000669FF422916561F76AB023C0A019A487615
:20C40000377CAFE2BE03AFE2BE02AFE2BE01AFE2BE0080E2BE00BEC5BEC4BE83BE8ABE8734
:20C420000300303BF1FF177602761B76F0FF0500BDABBDA8BDA0BDC2BDC300E2BD0003E267
:20C44000BD0003E2BD0103E2BD0203E2BD0330E6000669FF422916561F76AF023C0A019AB1
:20C460004876377CAFE2BE03AFE2BE02AFE2BE01AFE2BE0080E2BE00BEC5BEC4BE83BE8A5B
:20C48000BE870300303BF1FF1776027602FE421E01024207A98AC41A230082FE060002FE8E
:20C4A000421E0A024207A98AC418FFBF01024207A98AC418FCFF82FE060002FE421E0A02B2
:20C4C0004207A983C5CC0040A98000BE20FF0040A70F0360019B026F009B0053026101BE9A
:20C4E000A69282FE060002FE421E428A009AEC93409140530360019B026F009B0053026114
:20C50000019A82FE060002FE421E428A009AE493809180530360019B026F009B0053026118
:20C52000019A82FE060002FE421E0A024207A98AC4CC001FC7FF82FE060002FE421E0B028A
:20C540004207A98AC4CC001FC7FF82FE060002FE421E01024207A98AC418DFFF010242077F
:20C56000A98AC41A200082FE060004FE421E487640B24A0632FFA61E48A300021FF617563E
:20C58000A600A9A90119441E0129428AA91800FF009147FFD496428A4492FF90DC96428AC1
:20C5A000C4CC18FF4CCAC4964206487637B284FE060006FE457D44A8421E48764EB20052CB
:20C5C0001861462B459246542A694206487684B21052FC614680A7064407A71E090242079B
:20C5E000A98AC792C496460A45924654EF66176F462B4592465413694206487674B20052DD
:20C60000FC614680A7064407A71E09024207A98AC792C496460A45924654EF6686FE060060
:20C6200006FE457D44A8421E48764EB200521561462B459246542469420648768EB200525B
:20C64000FC61428A4658FC92448AFF909496460A45924654F266146F462B45924654106907
:20C660004206487664B20052FC61428A4658FC92448AFF909496460A45924654F26686FED3
:20C68000060002FE421E01BE4606009B0190A60F066001024207A98AC41A400002BE460639
:20C6A000009B0290A60F066004024207A98AC41A020004BE4606009B0490A60F0660040272
:20C6C0004207A98AC41A010008BE4606009B0890A60F06600A024207A98AC41A200010BE4B
:20C6E0004606009B1090A60F06600B024207A98AC41A200082FE060002FE421E01BE460620
:20C70000009B0190A60F066001024207A98AC418BFFF02BE4606009B0290A60F066004025F
:20C720004207A98AC418FDFF04BE4606009B0490A60F066004024207A98AC418FEFF08BE2C
:20C740004606009B0890A60F06600A024207A98AC418DFFF10BE4606009B1090A60F06608D
:20C760000B024207A98AC418DFFF82FE060004FE421E0002441E428AE492809080520360A3
:20C78000441A0400EC92809080520360441A0100EC92409040520561EC92209020520360CC
:20C7A000441A02000A024207A98AC492809080520360441A08000B024207A98AC4928090A1
:20C7C00080520360441A1000428AEC92109010520360441A2000EC92089008520360441A58
:20C7E0004000EC92049004520360441A8000440684FE060002FE421E01BE4606009B0190E7
:20C80000A60F196102BE4606009B0290A60F136120BE4606009B2090A60F0D6140BE4606A5
:20C82000009B4090A60F076180BE4606009B8090A60F04604206487698B208BE4606009B25
:20C840000890A60F06600A024207A98AC41A400010BE4606009B1090A60F06600B024207B9
:20C86000A98AC41A400082FE0600BDB204FE421E84E24C0184E24A0050E809404876BAC4F0
:20C88000AFE800E000778FE800C000778AE60000007703E2440001294406428AA91800FFEC
:20C8A000009147FFD496428A4492FF90DC9684FEBE8B060002FE421E01024207A98AC41A06
:20C8C000080082FE06004876C6764876047706000AFE477D4697459644A844C5C796448AED
:20C8E000BF56CC03448A46CC00FFC7FFD496448A4692FF90DC96448A47CC00FFC7FFE4967E
:20C90000448A4792FF90EC96AD5C89DCA488AD5C069A88DCA45D42C2448A48769BB4448A0A
:20C920004892F496448A4992FC968AFE06000CFE4A97499648A046A841964A9242964F92BE
:20C94000439620FF0072468A48834876DC754B968CFE060008FE459644A042A84628FFFF37
:20C96000A993FF9D005245971361428A4692FF908493A87042A8479647584692088F00F016
:20C98000C7FF947046964592450B0052EF60448A4692FF90C4964C8A46CC00FFC7FFC49693
:20C9A00088FE0600BDB238FE697D46A8441E6A2B03567D01059C6B9600024A1EAD5C7D5DB5
:20C9C000A8DC69924493A45C487659B4AD5CAD5D7F93089A4197A8DCA0DD6B93A45CA55D96
:20C9E000487688B46E9601520460019AEFFF37015E926F96AD5C6F58A0DCA45C03D894927F
:20CA00007096AD5C6F58A0DCA45C04D8949271960356710870CA7296AD5CAD5D6F92ADDC0A
:20CA2000A488AD5CACDD039CA55DA0DC42C2A45C48769BB403566D086CCA73967288730E82
:20CA4000A60F0461029AEFFF0A015F88670EA60FE1FFFA00039AEFFF02016A2B0129AC281B
:20CA600018003E6FAD5C03566A02A958A0DCA45C04D89425AD5C5AFF03566A02A958A0DC6D
:20CA8000A45C03D89488AD5CA6063B56ABCAAACBA61E03566A02A958A0DCA45C05D8035633
:20CAA0009408AD5C5AFFA606ABCAAACBA61E03566A02A958A0DCA45C06D8A60694AF4C1EA5
:20CAC000AD5C8CDCA480AD5C88DCA45C01F6842448C403566A014607A98AC4C26A0A7D925C
:20CAE000C0FF6A54C066EFFFB9006A2B0129AC281800366FAD5C03566A02A958A0DCA45C51
:20CB000004D89425AD5C5AFF03566A02A958A0DCA45C03D89488AD5CA6063B56ABCAAACBB5
:20CB2000A61E03566A02A958A0DCA45C05D803569408AD5C5AFFA606ABCAAACBA61E035608
:20CB40006A02A958A0DCA45C06D8A60694AF761E76C403566A014607A98AC4C26A0A7D9204
:20CB6000C0FF6A54C866796F6A2B7D926A547569AD5C03566A01A0DCA45DAD5CA958035635
:20CB80006A01A959A0DCA45C03D904D803569C0895CA74966A80A7064607A71E7492C79682
:20CBA0006A0A7D926A54E566586F03523C605D88AC281800A6063B56A61E01295C255AFF5B
:20CBC000A606ABCAAACBA61E03565B085AFFA606ABCAAACB5AAF761E5988A6063B56A61ED1
:20CBE00058255AFFA606ABCAAACBA61E035657085AFFA606ABCAAACB56AF781E760F0660D8
:20CC00000002781E76064A1E0E6F760606607806046178064A1E076F780605607606036137
:20CC200076064A1EAD5C8ADCA480AD5C88DCA45C01F68424012948C403566A014607A98AF7
:20CC4000C4C20B6F7E92E1FF0AFF0152E1FF4FFF02528B610352AA61009AB8FEBE8B06001B
:20CC60000AFE477D4697459644A844C5C796448ABF56CC10448A46CC00FFC7FFD496448A42
:20CC80004692FF90DC96448A47CC00FFC7FFE496448A4792FF90EC96448A4E92F496448ADD
:20CCA0004DCC00FFC7FFFC9608024407A98A4D92FF90C496AD5C89DCA488AD5C099A88DC0A
:20CCC000A45D42C2448A48769BB409024407A71E4892C7960A024407A71E4992C7968AFE46
:20CCE000060002FE4297419622764193A8080079A85C4292C4961A7682FE060008FE477CD8
:20CD0000421E012944FF34FF30FF1AFF1F00441E0102A61E42921F90A92DA6063B56461E89
:20CD200022764792015208600A024407A98A4606C498CC99086F0A024407A98A460655FF8F
:20CD4000C4C0CCC11A7688FE060004FE421E012944FF34FF30FF1AFF1F00441E0A02440784
:20CD6000A98A42921F90A92DC4062256A61EA692019084FE060004FE437C421E126FBF5619
:20CD800044031E6FBF5644041B6FBF564405186FBF56440C156FBF56440D126F442B106F35
:20CDA0004392025208620252F1610052E9610152EA61F56F0352ED610452EE61F06F44921F
:20CDC00004614293487662B684FE060006FE421E012944FF34FF30FF1AFF1F00441E0102EB
:20CDE000A61E42921F90A92DA6063B56461E22764A06A942086C12024407A98A4606C498F4
:20CE0000CC99086F12024407A98A460655FFC4C0CCC14A06A940096C0C024407A98A46066D
:20CE200055FFC4C0CCC1076F0C024407A98A4606C498CC994A06A941086C10024407A98A40
:20CE40004606C498CC99086F10024407A98A460655FFC4C0CCC11A7686FE060008FE421E8D
:20CE6000012944FF34FF30FF1AFF1F00441E0102A61E42921F90A92DA6063B56461E000286
:20CE8000481E12024407A98A4606C4CECCCF58FF0361481A04000C024407A98A4606C4CE96
:20CEA000CCCF58FF0360481A010010024407A98A4606C4CECCCF58FF0361481A0200480644
:20CEC00088FE06000AFE497C421E012944FF34FF30FF1AFF1F00441E4206009B0F9030FF7F
:20CEE000481E4206009B1F9043FF0109461E2276482D460630FF4407A98A03023B5655FF9A
:20CF0000C4C0CCC1460630FF4407A98A482D490E3B56C498CC991A768AFE06000AFE421E63
:20CF2000012944FF34FF30FF1AFF1F00441E4206009B0F9030FF4A1E4206009B1F9043FF9B
:20CF40000109461E460630FF4407A98A4A2DC4062256009B0390481E48928AFE06000AFEAD
:20CF6000421E1890009B4A1E4A2DFF023B56461E01294E0640FF3B56481E420644FF34FFC7
:20CF800030FF1AFF1F00441E2276448A460655FFC4C0CCC1448A4806C498CC991A768AFEBC
:20CFA00006000AFE497C421E012944FF34FF30FF1AFF1F00441E4206009B079031FF481EC5
:20CFC0004206009B1F9042FF1409461E2276482D460630FF4407A98A0F023B5655FFC4C07D
:20CFE000CCC1460630FF4407A98A482D490E3B56C498CC991A768AFE060008FE477C421E46
:20D000000102A61E42921F90A92DA6063B56461E0129420644FF34FF30FF1AFF1F00441E9E
:20D02000227647920152086014024407A98A4606C498CC99086F14024407A98A460655FF78
:20D04000C4C0CCC11A7688FE060008FE421EA80E1AFF1F00441E0129420647FF009BFF900B
:20D06000481E482D03023B56461E2276448A55FFC4C0CCC11A024407A98A482D460655FF61
:20D08000C4CECCCFA61E420641FF009B03903B565AFFA606ABCAAACBA61E1A024407A98A0B
:20D0A000C4C2482D4206448A009B03903B56C498CC991A7688FE060004FE41961F9080FFBC
:20D0C000429641CC001FC7FF43962276058F22D3A9A8420DA98A432D01023B56C498CC99F4
:20D0E0001A7684FE060002FE41962276058F2CD2C406A918F8FF41AFC41E1A7682FE0600AD
:20D10000058F30D2C4CCFF030600058F30D2C4060151C41E060002FE421E2276116F058F3B
:20D1200008D2C418F7FFFAF6007732F60077106F058F32D2C418FEFF27F60077096F58FFEA
:20D1400042C4EE61018F0000A9A8A60FF2611A7682FE69FF06002276A9F529706850A9F4EF
:20D16000297027F600771A7669FF060022760129458F78D720FFFEFFC5C0A892CDC020FF18
:20D180003F064076EC801A76060006FE457C421E01290356450530FF1AFF1F00441E22763F
:20D1A0003C024407A98A420655FFC4C0CCC11A7686FE060002FE48769CB8488FE4CAA82885
:20D1C0000000008F0080A928F0004876EEC8058F00FB458F00F842A8A9A004D440768880E7
:20D1E000A9288C40A8280180487697A1029A487664B848760AB94876A7B80002421E1602BD
:20D200004876D7B60002421E17024876D7B601D4160248766FB601D4170248766FB600D488
:20D2200016024876EEB700D417024876EEB782FE0600009A48764DB8A928000248764DB8AA
:20D24000A928000348764DB8A928000448764DB8A928000548764DB8A928001048764DB862
:20D26000A928001248764DB8029A48764DB8A928020148764DB8A928020248764DB8A928A9
:20D28000020348764DB8A928020448764DB8A928020548764DB8A928020648764DB8A92824
:20D2A000020748764DB8039A48764DB8A928030148764DB8A928030248764DB8A92803033A
:20D2C00048764DB8A928030448764DB8A928030548764DB8A928030648764DB8049A48765B
:20D2E0004DB8A928040148764DB8069A48764DB8079A48764DB8A928070148764DB8089A8B
:20D3000048764DB8A928080148764DB8099A48764DB80A9A48764DB8A9280A0148764DB841
:20D320000D9A48764DB8A9280D0148764DB8A9280D0248764DB80E9A48764DB8A9280E01F3
:20D3400048764DB8A9280E0248764DB8A9280E0348764DB8A9280E0448764DB8A9280E0537
:20D3600048764DB8A9280E0648764DB80F9A48764DB8A9280F0148764DB8A9280F02487692
:20D380004DB8A9280F0348764DB8A9280F0448764DB8A9280F0548764DB8A9280F064876EF
:20D3A0004DB8A928101048764DB8A928101148764DB8139A48764DB8149A48764DB8129A72
:20D3C00048764DB8A928120148764DB8119A48764DB8A928110148764DB8A928110248762D
:20D3E0004DB8A928110348764DB8159A48764DB80600000200D401194876B6B8000201D415
:20D4000001194876B6B8000207D401194876B6B8060004FE03E24400018F0000A9A84876D3
:20D420007CB8487676B8487671B8A98820FFFF03A60F0861487671B8A98820FFFF03A60F87
:20D44000FA60159A48764DB805F6007702E80009857600E703E2420000D501E802FC02E8EC
:20D46000030903D469FFA606AFE2440102E8000948766AA884FE060004FE441E42A82576AB
:20D4800069FF84FE060028FE5E975D9644A042A85F2B1F76B10290023207461EA0023207E4
:20D4A000481E349260963692619600024A1E4C1E4E1E501E521E03565D0162965E926396D5
:20D4C0004406541E6C06561E642B652B662B0002581E672B5A1E5C1E2276078F0084A9A8FB
:20D4E000420F076928023207A98AC418F8FF206F078F0088A9A8420F096928023207A98AAB
:20D50000C4CCF8FF0150C496136F098F0000A9A8420F076928023207A98AC418F8FF086FCD
:20D5200028023207A98AC4CCF8FF0150C496420630FF421E28023207A98AC4920790075270
:20D5400005603592609637926196605C420681DCA4894A1E6D9202520A61629206616088F2
:20D56000620E4A07A60F03695F28FD016D9201520E6100520C61639208614A066188012903
:20D5800042FF630DA60F03695F28FE016D9203520E60629207900B61630EA61E6292C2FF90
:20D5A000A980A606A70F03615F28FF010E8F0000A9A8420F08660E8F0010A9A8420F03698D
:20D5C0005F28FB010F8F3000A9A8420F08660F8F3800A9A8420F03695F28FB010F8F3004B1
:20D5E000A9A8420F08660F8F3804A9A8420F03695F28FB010F8F0000A9A8420F06660F8F66
:20D600001800A9A8420F1F660F8F0004A9A8420F06660F8F1804A9A8420F15660F8F00089E
:20D62000A9A8420F06660F8F1808A9A8420F0B660F8F000CA9A8420F0E660F8F180CA9A838
:20D64000420F09696D92025204605F280002036FBF566D01078F0102C4920790A90E5C1E1B
:20D6600005025C0F0D60128F0000A9A8420F0866148F0000A9A8420F03695F28FB015F92F5
:20D68000E0FFDE00109A69FF487638C7029A4876C3C722766D921260008F03021F76B10235
:20D6A000A9A83207A98AC4CC2000C4FF015206608F023207A98AC41A0001880242C41F7680
:20D6C000B1023207A98AC4C288023207A98A4206C40F03615F2801025F92E0FFA1006D9236
:20D6E00002521C614A06012940FF5A1E5D92FF9CA90E5A074C1E5A06521E4C06520F0E6823
:20D70000548352064607A98A858854A0C47E01025207521E4C06520FF4678F021F76B10264
:20D720003207A98AC4CC0001C7FF015274616D92015271614A06012942FF4E1E6D920A604A
:20D740006292FF9CA90E4A074C1E42FF0109501E046F630E4E07501E108F0000A9A8420F27
:20D760000E66138FFEFFA9A8420F096842060FFF200043FF1FFF1002581E156F0F8F000003
:20D78000A9A8420F0E660F8FFE0FA9A8420F096842060FFF1E0043FF1CFF7110581E036F7B
:20D7A0005F28FB015F923760672B4E06521E5006520F3169588AC492649652060F6056C5A3
:20D7C000C79265966492C7FFA988488A03566508A6CACC96BF566701186F0102520F1560C1
:20D7E000568A8492C7FF56A86696679201520860488A0356650866CACC96672B066F488ABC
:20D800000356640866CACC9601025207521E5006520FD166029A69FF487638C722768F020D
:20D820001F76B1023207A98AC4CC0001C7FF015206608F023207A98AC418FFFE1A765F92CD
:20D8400069FFA8FE0600009A08763029BE93A840036C019B026F009B00530261019A06009C
:20D86000009A0876303BBE93A840036C019B026F009B00530261019A06002276289AA9F487
:20D88000297027F60077009AA9F4297027F600771A76006FA9F56170060002FE4196227614
:20D8A00041F46270019AA9F462701A7682FE060002FE4196316F2F76FEFF726F2F76FDFFA6
:20D8C0006F6F2F76FBFF6C6F2F76F7FF696F2F76EFFF666F2F76DFFF636F2F76BFFF606F8E
:20D8E0002F767FFF5D6F2F76FFFE5A6F2F76FFFD576F2F76FFFB546F2F76FFF7516F2F7605
:20D90000FFEF4E6F2F76FFDF4B6F2F76FFBF486F2F76FF7F456F805241881C628052E16101
:20D92000085211620852D161A680012920FF0080A70FEF61A6920152BF610252C061045223
:20D94000C1612E6F1052C4612052C5614052C661276FA61B00081462A61B0008CE61A6803D
:20D9600020FF0001A70FC061A68020FF0002A70FBE61A68820FF0004A60FBC61116FA680CB
:20D9800020FF0010A70FBC61A68020FF0020A70FBA61A68820FF0040A60FB861016F82FE04
:20D9A0000600487621BC267600002F760000009AA9F4E20CA9F4E40CA9F4E60CA9F4E80CB3
:20D9C000A9F4EA0CA9F4EC0CA9F4EE0CA9F4F00CA9F4F20CA9F4F40CA9F4F60CA9F4F80C77
:20D9E000A9F4E30CA9F4E50CA9F4E70CA9F4E90CA9F4EB0CA9F4ED0CA9F4EF0CA9F4F10C8F
:20DA0000A9F4F30CA9F4F50CA9F4F70CA9F4F90CA9F5E00C0150A9F4E00C060002FE227688
:20DA2000BF5641034192E0520D67088FBCC503564101A908000DA95DC5A8410A4192E052E0
:20DA4000F768088F00C6A4BD240D088FE4C5A4BD260D1A7682FE060006FE421E419246967B
:20DA6000487621BC4396469220521D6842060129A91800FF009147FFFF9C4496442D019AD9
:20DA800066FF459603564401A908E20CA95C019B4292FF90FF9CA92D67FFC499A92045CAF9
:20DAA000A9230C6F0D520A6810520866FF9CA92D019A66FFA820A8CAA92343920360487611
:20DAC00014BC86FE060006FE421E41924696487621BC439646922052266842060129A9185A
:20DAE00000FF009147FFFF9C4496442D019A66FF459603564401A908E20CA95C019B4292DD
:20DB0000FF90FF9CA92D67FF5FFFC4C10077007700770077007769FF4592487649BC45F42E
:20DB2000E10C1A6F0D52186810521666FF9CA92D019A66FF5EFFA820A8CEA92300770077EC
:20DB40000077007700774692FF9C69FFA92D019A66FF487649BC43920360487614BC86FEA2
:20DB6000060006FE421E42C431FFA6070319461E0002441E4606440F076901024407441EB5
:20DB80004606440FFB6686FE060020FF007374D4FFD54876B5A574D4FFD520FF00734876C9
:20DBA00085A674D4FED520FF007348769FA674D4FFD520FF00734876B9A674D4FED520FF85
:20DBC00000734876D3A676D4FFD520FF00734876B5A576D4FFD520FF0073487685A676D4F0
:20DBE000FFD520FF007348769FA676D4FFD520FF00734876B9A676D4FFD520FF0073487681
:20DC0000D3A6060020FF007375D400D54876CFA5060006FE44A042A820FF007374D54A8A1C
:20DC2000487634A5459642C5C79632024876A2BD010276D54A07A98A20FF0073487634A5C2
:20DC4000469644C5C79686FE060004FE41964296FF90439642CC00FFC7FF449675D420FFCA
:20DC60000073435D48764DA575D420FF0073445D48764DA584FE060006FE457C421EAD5CFF
:20DC800075D584DCA45C487667A5469645920461461A0100036F4618FEFF420675D4465D96
:20DCA00048764DA586FE060006FE457C421EAD5C75D584DCA45C487667A546964592046170
:20DCC000461A0200036F4618FDFF420675D4465D48764DA586FE060006FE457C421EAD5C7A
:20DCE00075D584DCA45C487667A5469645920461461A0400036F4618FBFF420675D4465D36
:20DD000048764DA586FE060006FE457C421EAD5C75D584DCA45C487667A54696459204610F
:20DD2000461A0800036F4618F7FF420675D4465D48764DA586FE060006FE457C421EAD5C19
:20DD400075D584DCA45C487674A5469645920461461A0100036F4618FEFF420675D4465DC8
:20DD600048765AA586FE060006FE457C421EAD5C75D584DCA45C487674A546964592046195
:20DD8000461A0200036F4618FDFF420675D4465D48765AA586FE060006FE457C421EAD5CAC
:20DDA00075D584DCA45C487674A5469645920461461A0400036F4618FBFF420675D4465D68
:20DDC00048765AA586FE060006FE457C421EAD5C75D584DCA45C487674A546964592046135
:20DDE000461A0800036F4618F7FF420675D4465D48765AA586FE060006FE447D437C421E96
:20DE00000B6F452B176FBF564501146FBF564502116F452B0F6F42C420FF0074A60FF26149
:20DE200020FF8074A60FF06120FF0075A60FEF61F16F227643920960452D019A058F68D71A
:20DE400066FF5EFFC4C0076F452D019A058F68D766FFC49844920860452DA928000166FF7E
:20DE60005EFFC4C0066F452DA928000166FFC4981A76439244934876C3BF86FE060006FE3D
:20DE8000421E078F8002A9280077C4543D60116F078FBF0144A81B6F078FC50144A8176FF3
:20DEA000078FCB0144A8136F078FBF0144A80F6F42C420FF0074A60FEC6120FF8074A60F6F
:20DEC000EC6120FF0075A60FEC61EF6F2276452B459204521867455C4483A9A8420785883E
:20DEE000A98A73D044A0947E455C4483A9A842078588A98A72D044A0947E45080200459216
:20DF00000452EA681A7686FE06000AFE421E0D6F0002461E186F0102461E156F0202461E1B
:20DF2000126F0002461E0F6F42C420FF0074A60FF06120FF8074A60FEF6120FF0075A60F7C
:20DF4000EE61F06F058F68D7C4924896462D62FF01904996AC92089CA92D489262FF019044
:20DF60004A96499206604A920460BF564708026F472B46C5A70631FFA61E078F9401A70675
:20DF800030FFA6070156A40044A82276472DC49262FFFF90A9883B024207A98AC47E1A76B0
:20DFA0008AFE060006FE449743960052066044920460BF564508026F452B078F940142A8D1
:20DFC0002276452DC49262FFFF90A9F43B74078F9A0142A8C49262FFFF90A9F4BB74078FE2
:20DFE000A00142A8C49262FFFF90A9F43B751A7686FE060008FE477C421E012903564703F3
:20E000004409441E035647034609461E227644064207A98A4C060191C4A3AB180000AA18CD
:20E02000FEFFABCAAACBA61E44064207A98AC4C246064207A98A4E060191C4A3AB18000011
:20E04000AA18FEFFABCAAACBA61E46064207A98AC4C21A7688FE06000AFE497C421EA928EB
:20E060008096989BA61E4EA300021FF61756A600A9A90119441E0C024207A98A4492FF90BB
:20E08000C4960A6F0702481E0E6F0602481E0B6F0502481E086F44C4A606F5610102A60F33
:20E0A000F561F76FA9288096989B5AFF00021FF617565000480630FF4156AB0046A94992D4
:20E0C00001520760428A4606012940FFE496096F0302A61E428A00021FF61756A600E43F31
:20E0E000428A42834692E49EDD968AFE0600BDB20AFE497C421E000250A31FF617565400CD
:20E10000A9A90119441E0C024207A98A4492FF90C4960A6F0702481E0E6F0602481E0B6F9B
:20E120000502481E086F44C4A606F5610102A60FF561F76F30FFA61E54A300021FF617560F
:20E1400052005D56A60046A9499201520760428A4606012940FFE496096F0302A61E428A88
:20E1600000021FF61756A600E43F428A42834692E49EDD968AFEBE8B060002FE421E0102BA
:20E180004207A98A4692C4984606A949066C01024207A98AC41A40004606A841066C2002B9
:20E1A0004207A98AC41A20004606A840066C21024207A98AC41A200082FE060002FE421EBC
:20E1C00001024207A98A46925EFFC4C04606A949066C01024207A98AC418BFFF4606A84109
:20E1E000066C20024207A98AC418DFFF4606A840066C21024207A98AC418DFFF82FE0600D0
:20E2000004FE421E428AD4CC3F02A90E441E20024207A98AC447036C431A020021024207F3
:20E22000A98AC447036C431A0100440684FE060002FE421E428A46CC3F02D4964606A841E3
:20E24000066C20024207A98AC41A40004606A840066C21024207A98AC41A400082FE0600A7
:20E2600004FE421EA9288096989BA61E48A300021FF61756A600A9A90119441E0C02420724
:20E28000A98A4492FF90C49684FE0600BDB204FE421E00024AA31FF617564C00A9A901190A
:20E2A000441E0C024207A98A4492FF90C49684FEBE8B060006FE421E42C431FFA60703197F
:20E2C000461E0002441E4606440F076901024407441E4606440FFB6686FE06000AFE497D5F
:20E2E00048A8461EBF56410601D5422B49924396488A46064876C3B44A968AFE06000AFEAE
:20E30000497D48A8461EBF56410201D5422B49924396488A46064876C3B44A968AFE0600D3
:20E3200006FE459644A042A820FFB70B455D48765FC1448A0390C4CDFCFFA8CAC49620FFF7
:20E34000D00748764BC10602455D4207A98A20FFD30B48765FC1448A039081FFC4CDF3FFB7
:20E36000A8CAC49620FFD00748764BC11202455D4207A98A20FFED0B48765FC1448A039089
:20E3800083FFC4CDCFFFA8CAC49620FFD00748764BC11802455D4207A98A20FFF30B4876FD
:20E3A00070C1448A039085FFC4CD3FFFA8CAC49620FFD00748764BC11A02455D4207A98AB2
:20E3C00020FF250C487670C1448A039089FFC4CDFFF3A8CAC49620FFD00748764BC11C02E8
:20E3E000455D4207A98A20FF0B0C487670C1448A039087FFC4CDFFFCA8CAC49620FFD007A5
:20E4000048764BC11E02455D4207A98A20FF830C487670C1448A03908BFFC4CDFFCFA8CA9B
:20E42000C49620FFD00748764BC12402455D4207A98A20FF830C487670C1448AC4CDFF3F44
:20E44000A8880356A90EA6CAC49620FFD00748764BC186FE060006FE421E42C431FFA60721
:20E460000319461E0002441E4606440F076901024407441E4606440FFB6686FE06000AFE67
:20E48000497D48A8461EBF564102422B4D924396495D488A46064876C3B44A968AFE06007E
:20E4A0000AFE497D48A8461EBF564102BF5642014D924396495D488A46064876C3B44A96F9
:20E4C0008AFE06001CFE5B7D5A7C461EBF565C02AD5C5F935C92419791DC4296A45C5A921D
:20E4E0004693487621B6AD5CBF56410BAD5D20FF0072BF56420891DC99DDA45CBF564314FB
:20E50000A55D4876DC759CFE060008FE4897479646A044A8419620FFE803485D448A4876A4
:20E5200030C2468A0390C4CDFCFFA8CAC49620FFB80B48761CC247880202417E4407485D2E
:20E54000A98A20FFF003487630C2468A039081FFC4CDF3FFA8CAC49620FFB80B48761CC216
:20E5600047880402417E4407485DA98A20FFF803487630C2468A039083FFC4CDCFFFA8CA64
:20E58000C49620FFB80B48761CC247880602417E4407485DA98A20FFFC03487630C2468A4C
:20E5A000039085FFC4CD3FFFA8CAC49620FFB80B48761CC247880802417E4407485DA98A70
:20E5C00020FF0004487630C2468A039087FFC4CDFFFCA8CAC49620FFB80B48761CC288FE23
:20E5E000060003E2BD0406FE461E44A8058F08D2C406009B039058FF076102BEC406009BD1
:20E600000390A60F556084E2460002E8411650E800104876BAC484E24601007710E7400031
:20E6200084E246038CE6000002E841168DE6040050E818104876BAC484E24601007710E74A
:20E640004000007720E700010077A0E514AD196584E2460002E8411650E800104876BAC44F
:20E6600084E24601007710E7400000778FE800E000778CE6000000770077A9BF120F156F8D
:20E6800084E2460002E8411650E800104876BAC484E24601007710E7400000778CE60000C5
:20E6A00000770077A9BF120F013BA985461E46921F76B1023A96448AC4CC000FC7FF389624
:20E6C000008F5D01A9A84407A98AC4920F9039964406321E008F0002A9A84407A98AC4926A
:20E6E000C3FFA9CCC001C2FF3496008F0002A9A84407A98AC4CC8003C3FFC2FF3696008F46
:20E700000102A9A84407A98AC4CC000CC3FFC2FF3596008F0102A9A84407A98AC4CC8001CB
:20E72000C3FFC2FF3796009A86FEAFE2BE04060006FE421E42C431FFA6070319461E000249
:20E74000441E4606440F076901024407441E4606440FFB6686FE06000CFE4B7D48A8461EE8
:20E7600090E503E24A00AD5CBF5641028ADC422BA45C4F9243964B5D46064876C3B44C96FC
:20E78000488A4A06C41E4C928CFE06000CFE4B7D48A8461E90E503E24A00AD5CBF564104DA
:20E7A0008ADCBF564203A45C4F9243964B5D46064876C3B44C96AFE24A00A0E514AD04614E
:20E7C000488A4A06C41E4C928CFE060008FE4897479646A044A848880202417E475D4407B1
:20E7E000A98A080248769DC3468A0390C4CDFCFFA8CAC49620FF8813487689C3489241968E
:20E800000602475D448A48769DC3468A039081FFC4CDF3FFA8CAC49620FF8813487689C36A
:20E8200048880402417E4407475DA98A0A0248769DC3468A039083FFC4CDCFFFA8CAC496E7
:20E8400020FF8813487689C348880802417E4407475DA98A0C024876B7C3468A039085FF0C
:20E86000C4CD3FFFA8CAC49620FF8813487689C388FE06000AFE03E2480203E2460103E265
:20E8800044004AA820FF0000AFE24800AFE2440194E6010014AD0864AFE2460094E601007A
:20E8A00014AD0262019A00520261019BC4978AFE06000CFE03E24A0303E2480203E24601C7
:20E8C00003E244004CA820FF0000AFE24600AFE2440120E70900AFE24A0094E6010014AD28
:20E8E0001663AFE24800AFE2460120E70900007794E6190014AD0B63AFE2440120E70900BF
:20E90000007794E6190014AD0263019A00520261019BC4978CFE06000CFE03E24A0303E2CF
:20E92000480203E2460103E244004CA820FF0000AFE25000AFE2440194E6010014AD2465A9
:20E94000AFE24A0094E6010014AD1E63AFE24601AFE2500094E6010014AD1665AFE24A00D4
:20E9600094E6010014AD1063AFE24801AFE2500094E6010014AD0865AFE24A0094E601002E
:20E9800014AD0263019A00520261019BC4978CFE0600BD3ABDB2BDAABDA202FE0129A9BFBC
:20E9A000120F58FF5B61A85C7F91A8088000421EA493D6FFA85CA9BF160F6761A85D7F9105
:20E9C000A8088000A859A958A593D6FFA85DA493A571A8180001A697A418FF00A518FF0031
:20E9E0007FDCA492A59EA7964D64A90801FF3E62A193A09236FFA859A958420635FF0EF6E7
:20EA0000A11FA95BA3010AF6A11F2D56A204A32DA03640FF0BF6A11F33FF009B30FF54FFB0
:20EA2000A20CA39540FFA70801001FF677FF200940FFA70801001FF677FF5AFFA7922265BA
:20EA4000A90801FF1363A9A946FF7F91A85BA95AA625A79596FFA20CA395A9BD120F82FE59
:20EA6000BE82BE86BE8BBE8E0600009B57FFA8087FFF5AFFA693F260A8280080AA71AB92CC
:20EA8000ED6F20FF0000EA6F5AFFA493A818000196FFA85CA9A9A8087FFFA81C0080A4CB85
:20EAA000DD6F06FE457D4497439642A8079081FFDCCDE3FFA8CADC96428ADC18FDFF428A98
:20EAC000DC18FEFF428A4492D496428A4592CC9642C54992C796428AAA2BAC281900DCCCBF
:20EAE0000200C0FFA927A9A93B565AFFDCCC1C00C1FFA988AC281A00A6063B56AACBABCA7F
:20EB0000AC281800AA2BA61EDC920190A927A9A93B565AFFA606ABCAAACBA61E0129D425E8
:20EB20005AFFA606ABCAAACBA61E42830356CC085AFFA606ABCAAACBC4AFC51E86FE060061
:20EB40000AFE44A8421E4192FF9047960129420647FFFF904896AC281800420622560190C0
:20EB60004996422DFF35C4964792F0520A684925A71E03564708A988A706A6AF461E0A6F41
:20EB80004925A71E03564708A988A706A6AF48AF461E8AFE06001B76F0FF0500BDABBDA82C
:20EBA000BDA0BDC2BDC300E2BD0003E2BD0003E2BD0103E2BD0203E2BD0330E6000602FEB0
:20EBC00069FF4229165641F5E00C4192FE90C0FF4296411B000E036842088000257669FF3A
:20EBE00048762EBC006F1B76F0FF0500BDABBDA8BDA0BDC2BDC300E2BD0003E2BD0003E22A
:20EC0000BD0103E2BD0203E2BD0330E6000669FF42291656257669FF48762EBC006F1B76E7
:20EC2000F0FF0500BDABBDA8BDA0BDC2BDC300E2BD0003E2BD0003E2BD0103E2BD0203E24A
:20EC4000BD0330E6000602FE69FF4229165648763BBCA90E421E429248763EBC48762EBC99
:20EC6000006F04FE439642A8442B2276078F0084A9A8420F096928021F76B1023207A98A4D
:20EC8000C418F8FF266F078F0088A9A8420F0B6928021F76B1023207A98AC4CCF8FF015022
:20ECA000C496176F098F0000A9A8420F096928021F76B1023207A98AC418F8FF0A6F280274
:20ECC0001F76B1023207A98AC4CCF8FF0150C4961A76420630FF421E4392085205604428E7
:20ECE00000024492206F109A69FF487638C743924876C3C722761F76B10242C48802320718
:20ED0000A98AC4C21A7688023207A98A4206C40F03614428010244920560439269FF487690
:20ED200038C7449284FE69FF060022761A021F76B1023207A98A408FFFFFC4A02276008F4E
:20ED40004401A9A83207A98A00BEC4CCF8FF0550C496008F5201A9A83207A98AC4C2008F09
:20ED60004401A9A83207A98AC4CCF8FF0250C4961A762276008F4401A9A83207A98AC4CC15
:20ED8000F8FF0550C496008F6001A9A83207A98AC4C2008F4401A9A83207A98AC4CCF8FF82
:20EDA0000250C4961A762276008F4401A9A83207A98AC4CCF8FF0550C496008F6201A9A875
:20EDC0003207A98AC4C2008F4401A9A83207A98AC4CCF8FF0250C4961A761A76009A69FF5B
:20EDE0000600AD28000469FF1F5616561A5610E6000240291F76000002291B7648767FC9C3
:20EE0000005242612276A92884C9A828080001091B61C87684C904290F6F009BA92401DF6B
:20EE2000046C0429A82401DFA61EA1F78624A706A1810109A71EA92403635CFF043BA95916
:20EE400001DF0900ECFFA928FFFFA828FFFF010905613F8FFFFF48768EC81A76487681C959
:20EE6000A928FFFFA828FFFF01090E61FF76FFFF066F01DFBDC3A71E673EBEC5A92401DF9A
:20EE8000A82458FFF760487623C948761AC802FE41962276008F44011F76B102A9A8320799
:20EEA000A98AC4CCF8FF0550C496008F0601A9A83207A98A41923F90C4CDC0FFA8CAC496D8
:20EEC000008F5A01A9A83207A98AC4CCE0FF1550C496008F4401A9A83207A98AC4CCF8FF45
:20EEE0000250C4961A76009A69FF82FE060004FE4196422B1F76B10228023207A98AC492D4
:20EF000007904396227628023207A98A41920790C4CDF8FFA8CAC49628023207A98A418836
:20EF2000C4920790A980A606A70F0461A928FA01026F009A429600520660419269FF487694
:20EF400064AD42961A7684FE69FF060008FE479642A8008FFFFF44A846A8482B48541D697F
:20EF6000428A489201F0A958940E4407441E44A3AA180000A80E0156AB0044A944064607C5
:20EF8000461E46A3A80EAA1800000156AB0046A9480A47924854E56646063FFF44CA43CB03
:20EFA00088FE060002FE41962276025205610652036108521E6018021F76B1023207A98A3A
:20EFC000C41A010028023207A98AC49207900752056069FF487686C6046F69FF487641C8FD
:20EFE000227618021F76B1023207A98AC418FEFF1A76009A69FF82FE060006FE421E000254
:20F00000441EBF564501459220521A66AC281F00420622565AFF440630FFABCAAACB441E99
:20F02000420630FF421E4A06440F06664156440001024207421E450A45922052EA6944062E
:20F0400004614C064207421E420686FE06000077006FBDB21F76B502A95920920D61AB28E8
:20F06000FFFFAA28FFFFA928FFFFA828FFFFAB0F03617F76FFFF1F76B50230C5673E1F7699
:20F08000B50224060461A71EA192673E1F76B50222060361A71E673E487618C8BE8B06005E
:20F0A00022761A021F76B1023207A98A408FFFFFC4A02276008F4401A9A83207A98A00BED0
:20F0C000C4CCF8FF0550C496008F5201A9A83207A98AC4C2008F4401A9A83207A98AC4CCB4
:20F0E000F8FF0250C4961A761A76009A69FF0600A9BF120F58FF2064A85C37FFA81A008065
:20F10000A82FA493D6FFA85CFF91A80881FF1464A808C1FF0B6207615DFFA82DAA930031EC
:20F120005B560600AA9300310600A828FFFFA928FFFF5AFF060033560600BDB2BDAABDA2E4
:20F1400008FEA48200D1CB5A156FAD5C01290356A103A30788DC0209A45CA98308024876CC
:20F16000EEC842060661448A46834876EEC8CB5A01D9A292A154EA6688FEBE82BE86BE8B54
:20F18000060002FE419641F4E10C82FE060002FE421E428AE49282FE060002FE421E100250
:20F1A0004207A98AC40682FE060004FE437C421E58024207A98A4392C49884FE0600AC28FF
:20F1C000FFFF420F0960A9A9440FB156AC00B656AC01AC922076B156AC00B256AC01AC92EC
:20F1E0002076AC28FFFF420F0360A9A9440FB156AC00B656AC01AC9220760052ABA8A4C500
:20F200000761A98881DE855C877C0E00FEFFA988A60F0F6100530D61FF9DA85CBF76FEFF1E
:20F22000859287960E00FEFF859287960C00F8FFA4A9060041C142C04406AACFABCE5AFF6C
:20F2400042062076419942984406AACBABCA5AFF4206207641F342F24406AA71AB705AFF70
:20F26000420620760002AB28FFFFAA28FFFF0119AB0F0460009A00D4056FA4A9C492A4A903
:20F2800002DC48766788060004FE421E488701294456420045FF441E48767DC9227644061A
:20F2A00069FF84FE06002A021F76B1023207A98AC448036C019A026F029A060004FE441EF1
:20F2C00042A844064207A98A4892487697C784FE0600A697009B0FF6A61F2076A697009BF0
:20F2E0000FF6A61FA89220761F76B50232A806001F76B50230A8060006001F562276C0B992
:20F30000292868001A764800E2C62A021F76B1023207A98AC4060600009A0600019A0600C3
:02F320000600E5
:20F322006001080084C93CFF80AC00000000000000007A440000A04000E07E44000020410D
:20F3420000E0814400007041CD4C84440000A041CDBC86440000C8419A2989440000F04176
:20F3620066968B4400000C4233038E4400002042CD6C90440000344266D6924400004842E9
:20F38200004095440000544266B6964400006042CD2C984400006C4233A399440000784234
:20F3A200CD1C9B440000824233939C44000088429A099E4400008E4200809F4400009442C1
:20F3C20066F6A04400009A42CD6CA2440000A04233E3A3440000A6429A59A5440000AC425F
:20F3E20000D0A6440000B2426646A8440000B842CDBCA9440000BE423333AB440000C442FA
:20F402009AA9AC440000CA420020AE440000D0426696AF440000D642CD0CB1440000DC4294
:20F422003383B2440000E2429AF9B3440000E8420070B5440000EE4266E6B6440000F44231
:20F44200CD5CB8440000FA4233D3B944000000439A49BB440000044333F3BC440000084369
:20F46200CD9CBE4400000C436646C0440000104300F0C144000014439A99C34400001843EC
:20F482003343C54400001C43CDECC644000020436696C8440000254333A3CA4400002A43A5
:20F4A20000B0CC4400002F439AB9CE440000344300C0D044FFFF00A800000000FFFF09A813
:20F4C20000000000FFFF0AA800000000FFFF0BA800000000FFFF13A800000000FFFF14A856
:20F4E20000000000FEFF1EA8000000000000F5FF94A8000000000000000000000000000017
:20F5020000000000000000000000FFFF4EAD00000000FFFF4FAD00000000FFFF50AD0000FB
:20F522000000FFFF51AD00000000FFFF52AD00000000FFFF53AD00000000FFFF49AD0000DE
:20F542000000FFFF4AAD00000000FFFF4BAD00000100FFFF4CAD00000200FFFF4DAD0000CC
:20F562000000FFFF60AD00000100FEFF62AD000000000000FEFF64AD000000000000FEFF66
:20F582007CAC000000000000FEFF7EAC000000000000FAFF54AD0000000000000000000020
:20F5A20000000000FAFF5AAD0000000000000000000000000000FFFF66AD00000000FFFF3A
:20F5C20067AD00000000FEFF70AD00006DC90800FEFF72AD00006DC90800FFFF68AC000051
:06F5E20000000000000023
:20F5E8002301080000F00000C1C081C1400101C3C003800241C201C6C006800741C70005B6
:20F60800C1C581C4400401CCC00C800D41CD000FC1CF81CE400E000AC1CA81CB400B01C96D
:20F62800C009800841C801D8C018801941D9001BC1DB81DA401A001EC1DE81DF401F01DD3E
:20F64800C01D801C41DC0014C1D481D5401501D7C017801641D601D2C012801341D30011FF
:20F66800C1D181D0401001F0C030803141F10033C1F381F240320036C1F681F7403701F5ED
:20F68800C035803441F4003CC1FC81FD403D01FFC03F803E41FE01FAC03A803B41FB00396F
:20F6A800C1F981F840380028C1E881E9402901EBC02B802A41EA01EEC02E802F41EF002D5E
:20F6C800C1ED81EC402C01E4C024802541E50027C1E781E640260022C1E281E3402301E1FD
:20F6E800C021802041E001A0C060806141A10063C1A381A240620066C1A681A7406701A50E
:20F70800C065806441A4006CC1AC81AD406D01AFC06F806E41AE01AAC06A806B41AB00696E
:20F72800C1A981A840680078C1B881B9407901BBC07B807A41BA01BEC07E807F41BF007D3D
:20F74800C1BD81BC407C01B4C074807541B50077C1B781B640760072C1B281B3407301B1FC
:20F76800C071807041B00050C190819140510193C053805241920196C0568057419700552E
:20F78800C19581944054019CC05C805D419D005FC19F819E405E005AC19A819B405B01996C
:20F7A800C059805841980188C04880494189004BC18B818A404A004EC18E818F404F018D5D
:20F7C800C04D804C418C0044C184818540450187C047804641860182C042804341830041FE
:20F7E800C18181804040110002000100FF00FF000000110000001300090000000200FF00FE
:20F80800000011000000110002000100FF00FF0000000600000013000E0000000200FF0095
:0CF82800000006000000111100000000AC
:20F83400F0000800E4CA04FE437C421E2276428A012903564308C4A3AB18FFF0AACBABCAB8
:20F85400C41E1A7684FE060004FE447D437C421E2276AA2B442703564301A9163B565AFF9A
:20F8740003564301A92D039A66FF5EFFA98820024207A98AC406A689ABCAAACBA71E200209
:20F894004207A98AC4C31A7684FE060004FE437C421E227624024207A98AC406A918FEFF56
:20F8B40043AFA61E24024207A98AC4C21A7684FE060002FE421E227620FF80014207A98A2A
:20F8D4000102C498CC991A7682FE060002FE421E227620FF80014207A98AC406A918FEFF9E
:20F8F400C41E1A7682FE060002FE421E227620FF80014207A98A0202C498CC991A7682FE13
:20F91400060002FE421E227620FF80014207A98AC406A918FDFFC41E1A7682FE060002FE3A
:20F93400421E2276428AC406A918F0FF0A50C41E1A7682FE060004FE437C421E03D500D456
:20F954004076118001D403D542064076118001D4420640763380420640766E8042064076A0
:20F974005380435C420640760080420640766180420640764680480640767C8007F600776C
:20F9940069FF84FE060002FE421E00D400D54076118001D442064076118000D442064076DD
:20F9B400338082FE060002FE421E00D403D54076118001D403D542064076118001D442064E
:20F9D4004076338082FE060002FE421E227620FF80014207A98AC406A918FEFFC41E1A7616
:20F9F40082FE060002FE421E227620FF80014207A98A0102C498CC991A7682FE0600011965
:06FA1400C356FFFF0600CF
:02FA1A000000EA
:00000001FF
