:20000000AA0800000000000000000000000000000000080006C80200080000504800BCCA30
:20002000CC7A080004502276289AA9F4297027F60077009AA9F4297027F600771A76006F97
:2000400006FE421E012944FF31FF30FF18FF7F00441E0102A61E42921F90A92DA6063B561B
:20006000461E4A060560448A4606E41E046F448A4606D41E86FE060006FE421E42C431FFA8
:20008000A6070319461E0002441E4606440F076901024407441E4606440FFB6686FE060086
:2000A0000AFE48A046A8EFFF6202488ACCCC0003C7FF55601F76B102260A059B2692C80090
:2000C000ADCA00520F60E1024607A98ABF56C401E2024607A98AC42B262BE3024607A98AA2
:2000E000C42BE1024607A98AC492015216601B024607A98AC42B1C024607A98AC42B4E8A9E
:20010000C42B508ACC18FFEF488A3FF6842B008F67AC08F6842B0F6FE2024607A98AC49207
:2001200001520960E1024607A98AC49204604E8ABF56C4091C024607A98AC492015208617C
:200140001C024607A98AC4920252E0FF30029F024607A98ABF56C401EFFF2902CCCC000397
:20016000C7FF01523660CCCC0030CBFF015231614E8AC42B1F76B102262B508ACC1A001029
:20018000C6024607A98AC49201520F611F76A902039201520A611B024607A98ABF56C401F4
:2001A0001C024607A98AC42B1C024607A98AC492015208611C024607A98AC4920252E0FFDB
:2001C000F6019F024607A98ABF56C401EFFFEF01CC92FF90E1FFEB01CCCC0030CBFF0152B1
:2001E000E0FFE501BB024607A98AC492E0FFDF01E3024607A98AC492E0FFD9014E8ABF5687
:20020000C401E1024607A98AC42B0002441E422B412B488AE4A3F4069756A918FFFFFF91FB
:20022000AB18FFFFAA18FFFFC80030CA0052E0FFBE01508AE41800FFEFFFB901BC02460703
:20024000A98AC49201520B60BB024607A98AC4920660508AE4CC00FFAA50E496488AE4A308
:20026000F40697564A1E28024A18FFFF4607A98AAB18FFFFAA18FFFF4918FF00C4A94A0687
:20028000D41EEFFF94014E8ABF56C4021F76B1022D2B2F2BEFFF8B014E8ABF56C4041402F7
:2002A0004807A98A01E860EE0EE868660A02C4E2C401460700E74000A98A03E2C4000A02EE
:2002C0004807A98AC4CC8000C6FF01521B6012024807A98A013BC4CCFF7FA908A00FA9858B
:2002E000A9BD160F007701E860EE0EE868660C0289E60900460700E74000A98A03E2C4002B
:20030000206F0A024807A98AC4471B6D12024807A98A013BA928A00FC4CDFF7FA89EA98558
:20032000A9BD160F007701E860EE0EE868660C0289E60900460700E74000A98A03E2C400EA
:200340000A024607A98A02E80109AFE2C40050E8004C4876DEC512E8D02314AD12630A02B4
:200360004607A98A02E80109AFE2C40050E8004C4876DEC524024607A98A03E2C400086F09
:2003800024024607A98A02E8D02303E2C40024024607A98AAFE2C40012E8401214AD0663C0
:2003A000BB024607A98ABF56C40116024807A71E9D024607A98AC792C4961B024607A98A8B
:2003C000BF56C4011C024607A98AC42BEFFFEF001A024807A98AC492E1FFE900BB02460712
:2003E000A98AC492E0FFE300E3024607A98AC492E0FFDD004E8ABF56C4051B024607A98AE8
:20040000BF56C4021C024607A98ABF56C4011A024607A98ABF56C401EFFFC9004E8ABF566F
:20042000C4031F76B1022F2BEFFFC1004E8ABF56C4061F76B1022F2B2E024807A98AC4E2F3
:20044000C400468A03E2D4002D024807A98AC492FF90A9889D024607A98AC47EEFFFA70092
:200460001B024607A98AC4920252E0FFA000E3024607A98ABF56C4013B024807A98AC448AC
:200480000B6C4E8ABF56C4071B024607A98ABF56C402EFFF8C004E8ABF56C409EFFF87000C
:2004A0003C024807A98AC4920390015244613C024807A98AC4CC0C00C1FF01523C613C0251
:2004C0004807A98AC4CC0003C7FF015234613C024807A98AC4CC000CC9FF01522C613D0216
:2004E0004807A98AC4920390015225613D024807A98AC4CC0C00C1FF01521D613D0248073C
:20050000A98AC4CC0003C7FF015215613F024807A98AC492FF900F603E024807A98AC4CC1D
:2005200000FFC7FF08603F024807A98AC4CC0078CAFF3C611C024607A98AC492035236607E
:20054000BB024607A98ABF56C401E3024607A98ABF56C4011B024607A98ABF56C4021C02AF
:200560004607A98ABF56C404216F528AC492045211620452E1FF92FE0052E1FF98FD0152B3
:20058000E1FF5EFE0252E1FF80FE0352E1FF48FF0D6F0552E1FF1EFF0852E1FF49FF0A5243
:2005A000E1FF60FF0B52E1FF7DFF009A8AFE06000AFE4AA048A81F024A07A98AC44F1C6DF8
:2005C0001F024A07A98A013BA928A00FC4CDFF7FA89EA985A9BD160F007701E860EE0EE808
:2005E0006866200289E60900480700E74000A98A03E2C400226F1F024A07A98AC4CC0080FB
:20060000CEFF01521A601F024A07A98A013BC4CCFF7FA908A00FA985A9BD160F007701E8D8
:2006200060EE0EE86866200289E60900480700E74000A98A03E2C40021024A07A98AC4CC85
:2006400000FFC7FF015222601C024807A98AC49201521C601E024A07A98A01E860EE0EE86A
:2006600068661E02C4E2C401480700E74000A98A03E2C4001C024807A98ABF56C4021A0238
:200680004807A98ABF56C401336F1C024807A98AC49202522D6021024A07A98AC4CC00FF4F
:2006A000C7FF266014024A07A98A01E860EE0EE868660A02C4E2C401480700E74000A98A39
:2006C00003E2C4001E024A07A98A01E860EE0EE868661E02C4E2C401480700E74000A98A9E
:2006E00003E2C4001C024807A98ABF56C4031C024807A98AC4920352E0FF0E011B02480730
:20070000A98ABF56C4021E024A07A98A01E860EE0EE868661E02C4E2C401480700E740002B
:20072000A98A03E2C4000A024807A98A1E024807AFE2C400A98AAFE2C40194E6010014ADC6
:200740001A651E024807A98AAFE2C40012E8D02314AD09651E024807A98A02E8D02303E2A3
:20076000C400096F1E024807A98AC4C41E024807A98AC4C21A024807A98ABF56C401200251
:200780004807A98AAFE2C400A0E514AD076320024807A98A90E503E2C400DE024807A98AAE
:2007A0002002AFE2C4004807A98AAFE2C40194E6010014AD0F620C024807A98A2002AFE2FA
:2007C000C4004807A98AAFE2C40194E6010014AD20650C024807A98ADE02AFE2C4004807A8
:2007E000A98AAFE2C40194E6010014AD0A63DE024807A98AC4C420024807A98AC4C2096F3B
:200800000C024807A98AC4C420024807A98AC4C21C024807A98AC49204527D61BB02480760
:20082000A98AC4927860008F80AAA9A8480F38601E024807A98AAFE2C40012E8401214AD5A
:2008400009631E024807A98AAFE2C400A0E514AD1262D2024807A98AAFE2C40012E8401284
:2008600014AD5963D2024807A98AAFE2C400A0E514AD5165807680A9408F0FA8008F00AA76
:2008800042C2019A44A046A8408F80AB008F80AA4876FB611F76A202001A00043C6F008F89
:2008A00080ABA9A8480F37601E024807A98AAFE2C40012E8401214AD09631E024807A98ABC
:2008C000AFE2C400A0E514AD1262D2024807A98AAFE2C40012E8401214AD1D63D2024807AE
:2008E000A98AAFE2C400A0E514AD15658076C0A9408F10A8008F00AA42C2029A44A046A81F
:20090000408F80AA008F80AB4876FB611F76A202001A00081C024807A98AC49202521160F4
:2009200020024807A98AAFE2C40012E8000014AD086520024807A98A02E8000003E2C4005F
:20094000009A8AFE060004FE44A042A8488ABF56C4084C8ABF56C40FBB024207A98ABF56E0
:20096000C4011B024207A98ABF56C4021C024207A98ABF56C404E3024207A98ABF56C4018C
:20098000009A84FE06001AFE599646A044A8AD5C90DCA45CC87600F107F68424AD5C98DC96
:2009A000A45CC87610F107F68424599201520660048F008048A8EFFFFE00048F00A048A89D
:2009C000EFFFF9005E8ADC18FDFF5E8ABF56D4285E8ADC18FEFF48065E8A4876E86EEFFF4E
:2009E000030104025E07A98A48064876F46EEFFFFB001F76B1022D92E0FFF600AD5C0F0208
:200A0000421E08D590DC4806A45C48767D9E1F76B102BF562D01EFFFE7001F76B1022E929E
:200A20000E60AD5C0F02421E08D598DC4806A45C48767D9E1F76B102BF562E010A025E0759
:200A4000A98A48064876006F0E025E07A98AC42810270F025E07A98AC428F40110025E071C
:200A6000A98AC418FF7F10025E07A98AC4CC0080A988A61AD00710025E07A98AC47E016F0B
:200A800011025E07A98AC418FF7F11025E07A98AC4CC0080A988A61AA00F11025E07A98A4B
:200AA000C47E016F0E025E07A98A480648760C6FEFFF9A0080024407A98AC49207601202FC
:200AC0005E07A98AC41800FF126F80024407A98AC49201520C6012025E07A98AC4CC00FFD2
:200AE000AA50A98812025E07A98AC47E12025E07A98AC4CCFFF8A98084024407A98AC49227
:200B0000079087FFA7CAA98812025E07A98AC47E12025E07A98A48064876186F1F76A002B2
:200B200011920A605992015207609F024407A98ABF56C401586F1F76A002129254605992C9
:200B4000025251609F024407A98ABF56C4014B6F1F76B1022F924760BF562F01446F8C02A7
:200B60004407A98A01E861EE0EE86966AFE2C4004876DEC521028EE600005E07A98A13E220
:200B8000C40022025E07A98AC4CCF8FFA98084024407A98AC4920790A7CAA98822025E0709
:200BA000A98AC47E20025E07A98A480648763C6F1A6F468AC49203520D620352CA6100520A
:200BC000E1FF02FF0152E1FF0EFF0252E1FF13FF0A6F0452E1FF23FF0552E1FF6DFF0752E1
:200BE000BF61016F9AFE060006FE44A042A8452B3C024207A98A90E503E2C400452B459266
:200C000002527066AC281E000129455C4532A9A84207A98AA9A94407A71E30D0C7929496C4
:200C20003E024207A98345304407A98AF492C5983F024207A98345304407A98AFC92C59895
:200C400040024207A98345304407A98A08D09492C5C053024207A98345304407A98A19D0C1
:200C60009492C59845304407A98A16D00356450194C44207A98A4AD094C20356450145321F
:200C80004207A61EA9A94407A98AE406A68A36D0941E455C4532A9A84207A98AA9A9440723
:200CA000A71E50D018DFC792949653024207A98345304407A98A19D09492C5983C02420725
:200CC000A98345304407A98AAFE2C500AFE2E40110E74000007703E2C500450A4592025257
:200CE00095694483D5C434024207A98AC4C210024407A98AC4C442024207A98AC4C21202EC
:200D00004407A98AC4C444024207A98AC4C214024407A98AC4C446024207A98AC4C286FE9B
:200D2000060004FE44A042A8D5C456024207A98AC4C2448354024207A98AC5C4C4C2080238
:200D40004407A98AC4C468024207A98AC4C284FE060004FE44A042A808024407A98AC4C4B9
:200D60005A024207A98AC4C284FE060004FE44A042A808024407A98AC4C45E024207A98AD1
:200D8000C4C284FE060004FE441E42A8580284E244004207A98A03E2C40084FE060004FE44
:200DA000441E42A85C0284E244004207A98A03E2C40084FE060004FE03E2440042A844C415
:200DC0006A024207A98AC4C284FE060006FE46A044A84406421E4A83468A48764BBF468A68
:200DE0004683C4CCFFFBC5964A8A4A83C4CCFFFBC59686FE060008FE4697459644A042A8A9
:200E00001F76C423219247961F76C42322924896469247964592489631024C07A98A47CC82
:200E20000008CAFFC49630024C07A98A47CC0020CCFFC49633024C07A98A48CC0800C2FFDF
:200E4000C49632024C07A98A48CC0400C1FFC4962C0200BE4C074747026C01BEA98AC47EDD
:200E6000019B47CC001000BECBFFA99F026101BE2D024C07A98AC47E2E024C07A98A48CC00
:200E80000200C0FFC4962F0200BE4C074748026C01BEA98AC47E34024C07A98A489201909D
:200EA000C49635024C07A98A48CC2000C4FFC496560200BE4C07484F026C01BEA98AC47E28
:200EC000570200BE4C074746026C01BEA98AC47E580200BE4C074743026C01BEA98AC47EE2
:200EE00072024207A98A48CC0010CBFFC49673024207A98A48CC0020CCFFC49600BE484B1F
:200F0000026C01BE75024207A98AC47E00BE474A026C01BE76024207A98AC47E00BE474474
:200F2000026C01BE78024207A98AC47E00BE4742026C01BE7A024207A98AC47E72024407DF
:200F4000A98A48CC1000C3FFC49673024407A98A48CC0040CDFFC49600BE4749026C01BE36
:200F600076024407A98AC47E00BE4741026C01BE78024407A98AC47E00BE4745026C01BE15
:200F80007A024407A98AC47E009A88FE060004FE44A042A8448A4283F406C51E080244075A
:200FA000A98A4283C406D51E0A024407A98A4283C406E51E448A4283C406F51E448308021F
:200FC0004207A98AD5C4C4C244830A024207A98AE5C4C4C212024407A98AC4C40C02420787
:200FE000A98AC4C214024407A98AC4C40E024207A98AC4C216024407A98AC4C41002420791
:20100000A98AC4C21A024407A98AC4C418024207A98AC4C21C024407A98AC4C41A02420750
:20102000A98AC4C21E024407A98AC4C412024207A98AC4C220024407A98AC4C41402420734
:20104000A98AC4C222024407A98AC4C416024207A98AC4C284FE060004FE44A83702440799
:20106000A98AC40E421E1D024876E48838024407A98AC40E421E1B024876E488390244070B
:20108000A98AC40E421E1C024876E4883B024407A98AC40E421E19024876E4883C024407E8
:2010A000A98AC40E421E0E024876E4883E024407A98AC40E421E0C024876E48884FE0600E1
:2010C00006FE467D457C44974396216F440E421E0F024876E488450E421E22024876E48856
:2010E000460E421E05024876E488166F440E421E3B024876E488450E421E27024876E48867
:20110000460E421E09024876E488066F0152DF610252ED61016F86FE060004FE449743968C
:2011200042A8C2024207A98AC49202520C6020FF0073445C4876DCBF20FF0073435C4876F5
:20114000F4BF116FC2024207A98AC49201520B6020FF0073445C48767CBF20FF0073435CAC
:20116000487694BF84FE060004FE4497439642A8C2024207A98AC49202520C6020FF00734E
:20118000445C48760CC020FF0073435C48760CC0116FC2024207A98AC49201520B6020FF77
:2011A0000073445C4876ACBF20FF0073435C4876ACBF84FE060008FE479642A890E503E2EA
:2011C0004600A4024207A98AC406461E479201520560048F008044A8066F02520460048F29
:2011E00000A044A8A2024207A98AAFE246014406AFE2C40048765DAC88FE060004FE43969E
:2012000001520560048F008042A8066F02520460048F00A042A842064876BDAC84FE0600D8
:2012200004FE44A042A84A8AAFE2D4004876998926024807A98A03E2C4004A8AAFE2F40019
:20124000487699892A024807A98A03E2C4004A8AAFE2E400487699896C024207A98A03E25F
:20126000C4000E024A07A98AAFE2C400487605896E024207A98A03E2C4000C024A07A98A4E
:20128000AFE2C4004876058970024207A98A03E2C4004A8AAFE2C400487699896C02440754
:2012A000A98A03E2C4000A024A07A98AAFE2C400487605896E024407A98A03E2C400080280
:2012C0004A07A98AAFE2C4004876058970024407A98A03E2C40084FE060004FE4396430E9C
:2012E000421E19024876E48884FE060004FE4497439601522360196F0002421E0F0248767C
:20130000E488406F0002421E22024876E4883A6F0002421E05024876E488346F0002421EC1
:201320000E024876E4882E6F4492E7610152EB610252EF610352F361256F02522360196FD9
:201340000002421E0F024876E4881C6F0002421E22024876E488166F0002421E0502487609
:20136000E488106F0002421E0E024876E4880A6F4492E7610152EB610252EF610352F36163
:20138000016F84FE060004FE4396430E421E0E024876E48884FE06004876F58A4876435A6F
:2013A00020FF00004876605A019A009B4876605A019A009B4876775A029A009B4876775A5D
:2013C000019A48768E5A019A009B4876975A029A009B4876975A019A009B4876D85A019A40
:2013E000009B4876E45A009A4876F05A009A4876F95A009A4876025B009A48760B5B029AFA
:20140000009B4876D85A029A009B4876E45A060002FE42A8BC024207A98AC42BBA024207F0
:20142000A98AC42B78024207A98ABF56C401C5024207A98AC42BC3024207A98AC42BC30293
:201440004207A98AC42B84024207A98AC42BCE024207A98AC42BCF024207A98AC42B800237
:201460004207A98AC42B26024207A98AC42BAF024207A98AC42B1B024207A98AC42BAE021A
:201480004207A98AC42BAC024207A98AC42BAD024207A98AC42BB0024207A98ABF56C401A6
:2014A00082FE0600019A009B48766759019A019B48766759019A029B48766759029A009B50
:2014C00048766759029A019B48766759029A029B48766759029A039B48766759060004FE61
:2014E000449743960D6F440E421E11024876E4880C6F440E421E11024876E488066F00529C
:20150000F3610152F761016F84FE060004FE449743960D6F440E421E10024876E4880C6F39
:20152000440E421E0B024876E488066F0152F3610252F761016F84FE060004FE4396430ED6
:20154000421E0C024876E48884FE060004FE4297419601521160429201520460BF5643AA68
:20156000056F00520360BF564355448F0080435CA9A048763BAC419202520F6042920152F8
:201580000460BF5643AA036FBF564355048F00A0A9A8435C48763BAC84FE060006FE467DAF
:2015A000457C441E0D6F460E421E44064876E4880D6F460E421E4A064876E488076F45926D
:2015C0000152F2610252F661016F86FE060004FE449743961C02421E435C445D2802487664
:2015E000BF5A84FE060004FE449743962102421E435C445D0D024876BF5A84FE060004FE61
:201600004396430E421E1D024876E48884FE060004FE4396430E421E28024876E48884FE0D
:20162000060004FE4396430E421E1B024876E48884FE060004FE4396430E421E1C024876E1
:20164000E48884FE060006FE4697459644A042A8459201520F601C024407A98AC4CCF3FF55
:201660000450A9881C024407A98AC47E428ABF56C408469201520F601C024C07A98AC4CC8C
:20168000F3FF0450A9881C024C07A98AC47E4A8ABF56C40886FE060004FE44A042A8A2023A
:2016A0004207A98AAD02AFE2C4004207A98A8602C4E2C401420700E70800A98A03E2C40027
:2016C000A4024207A98AA4024407AFE2C400A98AAD024207AFE2C401A98A10E7400088022D
:2016E0004FE800E0C4E2C401420700E70800A98A03E2C400A0024207A71EA0024407A98A84
:20170000C792C496A2024207A98AC4C4A2024407A98AC4C214024207A98AC4920A60A402CE
:201720004207A98AC4C4A4024407A98AC4C2076FA4024407A98A90E503E2C40034024207C4
:20174000A98AAD02AFE2C4004207A98A8C02C4E2C401420700E70800A98A03E2C4003C028B
:201760004207A98A3C024407AFE2C400A98AAD024207AFE2C401A98A10E740008E02C4E2EE
:20178000C401420700E70800A98A03E2C40090024207A98A02E8401203E2C40092024207A0
:2017A000A98A90E503E2C40094024207A98A03E2C40096024207A98A02E8D02303E2C40083
:2017C00098024207A98A02E8401A03E2C400AC024407A98AC42BAD024407A98AC42BAE021F
:2017E0004407A98AC42B8E024407A98A90E503E2C4008C024407A98A03E2C40086024407C8
:20180000A98A03E2C40088024407A98A03E2C40090024407A98A03E2C40092024407A98A70
:2018200003E2C40094024407A98A03E2C40096024407A98A03E2C40098024407A98A03E286
:20184000C40084FE060002FE42A8A2024207A98AAD02AFE2C4004207A98A8602C4E2C401BF
:20186000420700E70800A98A03E2C400A4024207A98AAD024207AFE2C400A98A4FE800E09B
:201880008802C4E2C401420700E70800A98A03E2C40034024207A98AAD024207AFE2C40040
:2018A000A98A8C02C4E2C401420700E70800A98A03E2C4003C024207A98AAD024207AFE2A5
:2018C000C400A98A8E02C4E2C401420700E70800A98A03E2C40090024207A98A02E84012B8
:2018E00003E2C40092024207A98A90E503E2C40094024207A98A03E2C40096024207A98A42
:2019000002E8D02303E2C40098024207A98A02E8401A03E2C40082FE060018FE2276058F76
:2019200000F8A9A84076D18007F6007769FF058F00F8640248766BC35796487692CA025242
:20194000FD60009A48768CC85796AD5C98DCA45CC87620F100F68424088FEC4F4EA8069ABF
:201960004E8A487646C7487692CA0252FD604876C4CA4C1EAD5D000298DD421E432BA55DF2
:20198000019A009B4E8A487685BB487692CA0252FD604876C4CA4C1E1A761E8F8084A9A828
:2019A00048762D50A928AA34A828EF121EBE003100B600D501D442C2441E8476008046A930
:2019C000A60648C3BF5649084876C59DAD5C96DCA45C07F6842B048F00801EBEA9A8AD5C5A
:2019E00008D542C296DCA45C48767D9E012920FF409C48762D504876045098FE060012FE9D
:201A000050A04EA8519650C5AD888CDEA65C03F6842482024E07A98A4CCDFEFFC492019099
:201A2000A8CA4C9688024E07A98AAFE2C40050E80048AA2B8EE60000AC2818000002A6BFCF
:201A4000120FAA18000000900091A627AB18FFFF525644A9421E4A064CA3A91800FFA81840
:201A6000FFFFAB18FFFFAA18FF00C80061CA4CA94A1E86024E07A98AAFE2C40050E80048B1
:201A80004CA38EE60000AB18FF00AA1800FFA9BF120FA90E009137FFABCAAACB4C1E84027F
:201AA0004E07A98A4CCDE3FFC492079081FFA8CA4C9683024E07A98A4CCDFDFFC4920190D9
:201AC00080FFA8CA4C968A024E07A98AAFE2C40050E800484AA38EE60000AB18FF00AA1865
:201AE00000FFA9BF120FA90E009137FFABCAAACB4A1E4918FF004C181FFF519201521C60FA
:201B0000008F020300BE000242A8432B00D510D446C2481E84760080A60648767F8A048F72
:201B2000008010BEA9A8AD5C08D542C28CDCA45C4876988A1D6F02521B60008F020700BE23
:201B4000000242A8432B00D510D446C2481E84760080A60648767F8A048F008010BEA9A8E5
:201B6000AD5C08D542C28CDCA45C4876988A92FE060010FE4B964AA801522560BB024A07D6
:201B8000A98AC492015244600002501E4E2B4D2B008F090300BE42A800D5432B0ED446C2F4
:201BA00084760080481EA60648767F8A048F00800EBEA9A8AD5C08D542C290DCA45C48768E
:201BC000988A266F02522460BB024A07A98AC49201521E600002501E4E2B4D2B008F09070E
:201BE00000BE42A800D5432B0ED446C284760080481EA60648767F8A048F00800EBEA9A88D
:201C0000AD5C08D542C290DCA45C4876988A90FE06000CFE4B964AA801521C60008F0803B4
:201C200000BE000242A8432B00D510D446C2481E84760080A60648767F8A10BE280208D5A3
:201C400042C24A0784760080A98AA6064876988A1D6F02521B60008F080700BE000242A853
:201C6000432B00D510D446C2481E84760080A60648767F8A10BE280208D542C24A078476BE
:201C80000080A98AA6064876988A8CFE060012FEAD884EA856C5519650A08CDEA65C03F6E3
:201CA0008424AF024E07A98AC49202522F6036024E07A98A3802AFE2C4004E07A98A3A02F7
:201CC000AFE2C4014E07A98A3602AFE2C4025007A98A380212E3C4035007A98A10E7800016
:201CE0003A02500716E3C401A98A10E74000AFE2C40110E74000007750E8004800778EE6BA
:201D00000000007713E24B002A6FAF024E07A98AC49201521E6036024E07A98A3802AFE288
:201D2000C4004E07A98A3A02AFE2C4014E07A98A10E74000AFE2C40110E74000007750E8CA
:201D4000004800778EE60000007713E24B00076FAF024E07A98AC49202604B2B34024E0731
:201D6000A98AAFE2C40050E8004800778EE60000007713E24C004A2B492B519201521C601D
:201D8000008F030300BE000242A8432B00D511D446C2481E84760080A60648767F8A048FEE
:201DA000008011BEA9A8AD5C08D542C28CDCA45C4876988A1D6F02521B60008F030700BE9F
:201DC000000242A8432B00D511D446C2481E84760080A60648767F8A048F008011BEA9A861
:201DE000AD5C08D542C28CDCA45C4876988A92FE060012FE50A04EA8519650C5AD888CDE8A
:201E0000A65C03F6842496024E07A98A01E861EE0EE86966AFE2C4004876DEC58EE60000D8
:201E2000007713E24B0090024E07A98A01E861EE0EE86966AFE2C4004876DEC58EE60000AA
:201E4000007713E24C009A024E07A98A02E80109AFE2C4004876DEC58EE60000007713E21C
:201E60004A0094024E07A98A02E80109AFE2C4004876DEC58EE60000007713E24900519244
:201E800001521C60008F040300BE000242A8432B00D511D446C2481E84760080A6064876B9
:201EA0007F8A048F008011BEA9A8AD5C08D542C28CDCA45C4876988A1D6F02521B60008FCA
:201EC000040700BE000242A8432B00D511D446C2481E84760080A60648767F8A048F0080B7
:201EE00011BEA9A8AD5C08D542C28CDCA45C4876988A92FE060012FE50A04EA8519650C508
:201F0000AD888CDEA65C03F6842498024E07A98AAFE2C40050E8004800778EE60000007726
:201F200013E24B0092024E07A98AAFE2C4008EE60000007713E24C00519201521C60008F83
:201F4000050300BE000242A8432B00D511D446C2481E84760080A60648767F8A048F008039
:201F600011BEA9A8AD5C08D542C28CDCA45C4876988A1D6F02521B60008F050700BE000259
:201F800042A8432B00D511D446C2481E84760080A60648767F8A048F008011BEA9A8AD5C98
:201FA00008D542C28CDCA45C4876988A92FE060012FE50A04EA8519650C5AD888CDEA65CCF
:201FC00003F684244E8AAFE2C4008EE60000007713E24C00AFE2D40050E8009C00778EE6E3
:201FE0000000007713E24B0000024A1E519201521C60008F0A0300BE000242A8432B00D585
:2020000011D446C2481E84760080A60648767F8A048F008011BEA9A8AD5C08D542C28CDCFB
:20202000A45C4876988A1D6F02521B60008F0A0700BE000242A8432B00D511D446C2481E85
:2020400084760080A60648767F8A048F008011BEA9A8AD5C08D542C28CDCA45C4876988A2E
:2020600092FE060012FE50A04EA8519650C5AD888CDEA65C03F684240C024E07A98AAFE26F
:20208000C4008EE60000007713E24B000E024E07A98AAFE2C4008EE60000007713E24A003A
:2020A0000A024E07A98AAFE2C4008EE60000007713E24C00492B519201521C60008F0B0348
:2020C00000BE000242A8432B00D511D446C2481E84760080A60648767F8A048F008011BEF1
:2020E000A9A8AD5C08D542C28CDCA45C4876988A1D6F02521B60008F0B0700BE000242A8B7
:20210000432B00D511D446C2481E84760080A60648767F8A048F008011BEA9A8AD5C08D523
:2021200042C28CDCA45C4876988A92FE060012FE50A04EA8519650C5AD888CDEA65C03F631
:20214000842419024E07A98A4988C492A63C497E4E8AAFE2F4008EE60000007713E24B00DC
:2021600008024E07A98AAFE2C4008EE60000007713E24A004E8AAFE2E4008EE60000007716
:2021800013E24C004918FF00519201521C60008F0D0300BE000242A8432B00D511D446C273
:2021A000481E84760080A60648767F8A048F008011BEA9A8AD5C08D542C28CDCA45C487689
:2021C000988A1D6F02521B60008F0D0700BE000242A8432B00D511D446C2481E8476008025
:2021E000A60648767F8A048F008011BEA9A8AD5C08D542C28CDCA45C4876988A92FE060071
:2022000012FE50A04EA8519650C5AD888CDEA65C03F684241C024E07A98AC49203520C60CD
:202220009D024E07A98A4ACDFF80C4927F9087FFA8CA4A96036F4A18FF8024024E07A98AA3
:20224000AFE2C4008EE60000007713E249001C024E07A98A4CCDC7FFC492079082FFA8CA9B
:202260004C961B024E07A98A4CCDF9FFC492039080FFA8CA4C961A024E07A98A4CCDFEFF50
:20228000C4920190A8CA4C9620024E07A98AAFE2C40050E800484876B7C9AC2818000090CA
:2022A0000091AB18FFFFAA180000525644A9421E4A064CA3A91800FFA818FFFFAB18FFFF97
:2022C000AA18FF00C80061CA4CA94A1E1E024E07A98AAFE2C40050E800484876B7C9A9A9E0
:2022E00000914CA337FFAB18FF00AA1800FFABCAAACB4C1E4C183FFF4A18FF7F5192015299
:202300001C60008F010300BE000242A8432B00D502D446C2481E84760080A60648767F8A90
:20232000048F008002BEA9A8AD5C08D542C28CDCA45C4876988A1D6F02521B60008F010755
:2023400000BE000242A8432B00D502D446C2481E84760080A60648767F8A048F008002BE8C
:20236000A9A8AD5C08D542C28CDCA45C4876988A92FE060010FE4B964AA8015225609F02EA
:202380004A07A98AC492015244600002501E4E2B4D2B008F060300BE42A800D5432B0ED4A6
:2023A00046C284760080481EA60648767F8A048F00800EBEA9A8AD5C08D542C290DCA45C3C
:2023C0004876988A266F025224609F024A07A98AC49201521E600002501E4E2B4D2B008F74
:2023E000060700BE42A800D5432B0ED446C284760080481EA60648767F8A048F00800EBEC9
:20240000A9A8AD5C08D542C290DCA45C4876988A90FE06000EFE499648A046A801523160FC
:202420000002421E2202487611500002421E0F02487611500002421E050248761150048F4A
:20244000008090E591E5A9A848765DACA928FFFFFF9B4E1E4C2B4B2B4E1A00004D1A005513
:202460004C1A00004B1A0000048F0080A9A8AD5C12BE08D58EDC42C2A45C4876988A326F88
:20248000025230600002421E2702487611500002421E3B02487611500002421E09024876C5
:2024A0001150048F00A090E591E5A9A848765DACA928FFFFFF9B4E1E4C2B4B2B4E1A00005B
:2024C0004D1A00554C1A00004B1A0000048F00A0A9A8AD5C12BE08D58EDC42C2A45C48760F
:2024E000988AA0024607A98AC42B82024607A98AC42B1E024607A98A90E503E2C4002002D6
:202500004607A98A03E2C4003C024607A98A03E2C40048024607A98A03E2C400AD024607BC
:20252000A98AC42BAC024607A98AC42B3C025607A98AC42BBB024607A98ABF56C401E302A3
:202540004607A98ABF56C4011C024607A98ABF56C404D0024607A98ABF56C401AF0246077C
:20256000A98AC49202521A60A0024807A98AC42B0002421E0E0248761150499201520860CA
:20258000448F00A055D4A9A048763BAC076F448F008055D4A9A048763BAC548ABF56C40812
:2025A0008EFE060004FE44A042A81B024207A98AC4921E60AC024207A98AC42BAD0242073B
:2025C000A98AC42BAE024207A98AC42B9F024207A98AC42BD0024207A98AC42BBA02420770
:2025E000A98AC42BB0024407A98ABF56C4011C024207A98AC4920352126143024807A98A30
:20260000C49201520761C6024207A98AC49201520660E3024207A98ABF56C4011B024207B5
:20262000A98AC49201520A604A8AC4920B5206609F024207A98ABF56C40184FE060004FEE6
:20264000437C421E2276428ACCCCF0FF43CACC961A7684FE060008FE487D477C421EA9282A
:20266000FF81A828F701461E01290356470142071009441E2276448A460655FFC4CECCCFEC
:20268000A61EAC28140003564B0F5AFFA606ABCAAACBA61E480E3B565AFFA606ABCAAACB52
:2026A000A61E4E0601195AFFA606ABCAAACBC41E1A7688FE060002FE421E2276428AC41A59
:2026C00080001A7682FE060004FE437C421E019A432D66FFA9880D024207A98AC47E84FE53
:2026E000060004FE437C421E4358428A949284FE060008FE03E24400479602E801014876E8
:20270000DEC5C4E24701007700E74000007703E24600013B078FBF05C485421EAFE24600D2
:2027200088E600000077078FC005A9BF120FC4AE3BFFC8003CC988FE06002276058F60D768
:20274000C41A01001A76060006FE421E42C431FFA6070319461E0002441E4606440F0769CA
:2027600001024407441E4606440FFB6686FE06000AFE4A1E80760001408F0006008F01044F
:2027800042C2BF56430246A000D548A805D44A0648767F8A8AFE060010FE50A04EA86E024E
:2027A0004E07A98AAFE2C4008EE6000000770077A9BF120F4C93A83C4C9770024E07A98AB1
:2027C000AFE2C4008EE6000000770077A6BF120F4C92A693A8384C966E025007A98AAFE258
:2027E000C4008EE6000000770077A9BF120F4B93A83C4B9770025007A98AAFE2C4008EE6C1
:20280000000000770077A6BF120F4B92A693A8384B966C024E07A98AAFE2C4008EE60000AE
:2028200000770077A9BF120F4A93A83C4A976C025007A98AAFE2C4008EE6000000770077D0
:20284000A6BF120F4A92A693A8384A9626025407A98AAFE2C4008EE6000000770077A6BF4B
:20286000120F4992A693A83849962A025407A98AAFE2C4008EE6000000770077A9BF120F6A
:202880004993A83C499700BE0002008F010600D542A818D4432B46C284760080481EA60695
:2028A00048767F8A048F008018BEA9A8AD5C08D542C28CDCA45C4876988A90FE06000EFE45
:2028C0004E974D9600024C1E4A2B492B01294E254D0D4C1E4A2B492B008F020600BE00023A
:2028E00000D542A818D4432B46C284760080481EA60648767F8A048F008018BEA9A8AD5C21
:2029000008D542C28CDCA45C4876988A8EFE0600BDAAAD5A84DA68FEAD5DE2A8E2C5E2DDD0
:20292000A50EA98A59F684240AD0AFE2920050E8004800778EE60000007713E2F2000CD018
:20294000AFE2920050E8004800778EE60000007713E2FA000ED0AFE2920050E8004800778B
:202960008EE6000008D013E2920009D0922B00BE008F0306000200D542A817D4432B46C276
:2029800084760080481EA60648767F8A048F008017BEA9A8AD5C08D542C2E6DCA45C487641
:2029A000988AE8FEBE860600BDAAAD5A84DA68FEAD5DE2A8E2C5E2DDA50EA98A59F68424BC
:2029C00010D0AFE2920050E8004800778EE60000007713E2F20012D0AFE2920050E80048A6
:2029E00000778EE60000007713E2FA0014D0AFE2920050E8004800778EE6000008D013E247
:202A0000920009D0922B00BE008F0406000200D542A817D4432B46C284760080481EA60689
:202A200048767F8A048F008017BEA9A8AD5C08D542C2E6DCA45C4876988AE8FEBE860600DA
:202A4000BDAAAD5A84DA68FEAD5DE2A8E2C5E2DDA50EA98A59F684241CD0AFE2920050E826
:202A6000004800778EE60000007713E2F2001ED0AFE2920050E8004800778EE600000077D2
:202A800013E2FA0020D0AFE2920050E8004800778EE6000008D013E2920009D0922B00BE16
:202AA000008F0506000200D542A817D4432B46C284760080481EA60648767F8A048F0080F4
:202AC00017BEA9A8AD5C08D542C2E6DCA45C4876988AE8FEBE860600BDAAAD5A84DA68FEE2
:202AE000AD5DE2A8E2C5E2DDA50EA98A59F6842416D0AFE2920050E8004800778EE600008B
:202B0000007713E2F20018D0AFE2920050E8004800778EE60000007713E2FA001AD0AFE200
:202B2000920050E8004800778EE6000008D013E2920009D0922B00BE008F0606000200D573
:202B400042A817D4432B46C284760080481EA60648767F8A048F008017BEA9A8AD5C08D5B8
:202B600042C2E6DCA45C4876988AE8FEBE860600BDB2BDAAAD5A86DAAD089000AD8808D1EF
:202B8000A60878FFA9A008D09AA8A65D92C5F21EAD88E2DE25F68524A65CF2C559F68424DA
:202BA00026D0AFE2920050E8004800778EE600000AD013E292004CD0AFE2920050E8004871
:202BC00000778EE600000BD013E292004ED0AFE2920050E8004800778EE600000CD013E22B
:202BE000920050D0AFE2920050E8004800778EE600000DD013E29200008F070600BE0002D5
:202C000000D542A817D4432B46C284760080481EA60648767F8A048F0080A9A8AD5C17BEFF
:202C2000A40874FF08D542C2A45C4876988AAD0870FFBE86BE8B06001AFE58A8599658C5D9
:202C4000AD5D92DDA55C09F68424AFE2520050E8004800778AE60000007703E25600AFE2C6
:202C6000500050E8004800778AE60000007703E25400599204605A280806036F5A280F0605
:202C80005A8000BE000218D400D542C3432B46C2481E84760080A60648767F8A048F0080F8
:202CA00018BEA9A8AD5C08D542C296DCA45C4876988A9AFE060024FEAD8864A092DEA65D45
:202CC000AD8862A862C59CDE09F68524A65C64C509F68424AFE24E0051E8801E00778AE6FD
:202CE0000000007703E26000AFE2580051E8801E00778AE60000007703E25E00008F090619
:202D000000BE000200D542A818D4432B46C284760080481EA60648767F8A048F008018BE96
:202D2000A9A8AD5C08D542C2A0DCA45C4876988AA4FE0600BDB2BDAAAD5A86DAAD08DC0185
:202D4000AD8808D1A60812FFA9A008D09AA8A65D92C5F21EAD88A6082CFEE5F68524A65C46
:202D6000F2C5E5F68424008D5C01AFE2920051E8801E00778AE600000AD003E2920076D0B7
:202D8000AFE2920051E8801E00778AE600000CD003E29200008F0A0600BE000200D542A8E1
:202DA00018D4432B46C284760080481EA60648767F8A048F0080A9A8AD5C18BEA40828FE49
:202DC00008D542C2A45C4876988AAD0824FEBE86BE8B0600BDB2BDAAAD5A86DAAD08DC01F9
:202DE000AD8808D1A60812FFA9A008D09AA8A65D92C5F21EAD88A6082CFEE5F68524A65CA6
:202E0000F2C5E5F68424008D5801AFE2920051E8801E00778AE600000AD003E2920072D01E
:202E2000AFE2920051E8801E00778AE600000CD003E29200008F1D0600BE000200D542A82D
:202E400018D4432B46C284760080481EA60648767F8A048F0080A9A8AD5C18BEA40828FEA8
:202E600008D542C2A45C4876988AAD0824FEBE86BE8B060010FE03E2500103E24E008AE640
:202E80000000007703E24C00AFE250008AE60000007703E24A00008F0C0600BE000200D55D
:202EA00042A818D4432B46C284760080481EA60648767F8A048F008018BEA9A8AD5C08D553
:202EC00042C28CDCA45C4876988A90FE060008FE48768E6320FFF40148769563408F200B99
:202EE00009D4A9A048766263479602E8980209E8989948766A63013BA985A9BD120F0077B3
:202F000000770077007789E60000007703E2460000D400D520FF807448763CC0408F807402
:202F200002D4A9A04876106320FF807448764C6320FF881348769563BF56410E140209D4FA
:202F4000441EA9A000D548761C6309D420FF807448765563012920FF50C348769563AFE2AB
:202F600046008CE6000000770077A9BF120F88FE06000CFE4C974B964A964C924996008F9C
:202F80000D0600BE000200D542A81BD4432B46C284760080481EA60648767F8A048F0080D4
:202FA0001BBEA9A8AD5C08D542C28ADCA45C4876988A8CFE06000AFE4A1E80768306408F69
:202FC0000006008F010442C2BF56430246A000D548A805D44A0648767F8A8AFE060014FEBE
:202FE0004EA04CA84A1E0002481E462B452B4C06501E532B4E0632614C0602602F6F4A0677
:20300000A91883060091521E20FF8306520F2660532B57925354196900BE508A5358AA2B2E
:203020009492FF90A92703565303A92DA606525644A9421E48A34606C80061CA48A9461E66
:20304000530A57925354EA664EC54892C7964E8A4792D4964E8A4692CC9694FE060010FE16
:2030600003E2500103E24E0050E800B200778AE60000007703E24C00AFE2500050E800B2A3
:2030800000778AE60000007703E24A00008F100600BE000200D542A818D4432B46C2847623
:2030A0000080481EA60648767F8A048F008018BEA9A8AD5C08D542C28CDCA45C4876988A4B
:2030C00090FE06000CFE4C2B4B2B4A2BBF564901008F110600BE000200D542A81BD4432B0F
:2030E00046C284760080481EA60648767F8A048F00801BBEA9A8AD5C08D542C28CDCA45CE6
:203100004876988A8CFE0600BDB2BDAABDA2AD5A8CDAAD084202AD88A60812FFA65BAD887A
:20312000A6082CFEA9A0A65DAD881AD19AA818D1A608D2FD9A1E1AD092C5A65CAD8818D08B
:20314000E5F6832492C5A608BFFDE5F68524D2C5A60E59F68424A983C2C50AF685241CD01E
:203160006892019092CDFEFFA8CA1CD092961CD06792019080FF92CDFDFFA8CA1CD092960C
:203180001CD06692019081FF92CDFBFFA8CA1CD092961CD092CCF7FF1CD092961CD0649225
:2031A000019083FF92CDEFFFA8CA1CD092961CD06092019084FF92CDDFFFA8CA1CD0929674
:2031C0001CD05F92019085FF92CDBFFFA8CA1CD09296009A008D7B01929303530260019A3F
:2031E0001ED0019092CDFFF78AFF1ED0A8CA9296408D40011CD09A92019092CD7FFF86FFD1
:203200001CD0A8CA9296408D41011CD09A92019092CDFFFE87FF1CD0A8CA9296408D4201F8
:203220001CD09A92019092CDFFFD88FF1CD0A8CA92961CD092CCFFFB1CD09296408D440113
:203240001CD09A9201908AFF92CDFFF71CD0A8CA9296408D48011CD09A9201908BFF92CDB9
:20326000FFEF1CD0A8CA9296408D49011CD09A9201908CFF92CDFFDF1CD0A8CA929695D067
:20328000009A929303530260019A1ED0019092CDFFEF8BFF1ED0A8CA929663D11CD09A92F2
:2032A000019092CDFFBF8DFF1CD0A8CA929664D11DD09A92019092CDFDFF80FF1DD0A8CA36
:2032C000929665D11DD09A92019092CDFBFF81FF1DD0A8CA929666D11DD09A92019092CD46
:2032E000F7FF82FF1DD0A8CA929667D11DD09A92019083FF92CDEFFF1DD0A8CA929668D15F
:203300001DD09A92019084FF92CDDFFF1DD0A8CA92966AD11DD09A92019085FF92CDBFFF36
:203320001DD0A8CA92966BD11DD09A92019086FF92CD7FFF1DD0A8CA92966CD11DD09A92E1
:20334000019087FF92CDFFFE1DD0A8CA92966DD11DD09A92019088FF92CDFFFD1DD0A8CA4A
:2033600092961CD092CCFF7FA98870D00356920F1CD0A6CA92961DD092CDFEFF6FD09292C2
:2033800001901DD0A8CA929673D11ED09A92019087FF92CDFFFE1ED0A8CA929674D11ED089
:2033A0009A92019088FF92CDFFFD1ED0A8CA929675D11ED09A92019089FF92CDFFFB1ED026
:2033C000A8CA929662921ED001908DFF92CDFFBF1ED0A8CA929663921ED001908CFF92CD51
:2033E000FFDF1ED0A8CA929613D11DD09A92019089FF92CDFFFB1DD0A8CA929614D11DD09F
:203400009A9201908AFF92CDFFF71DD0A8CA929615D11DD09A9201908BFF92CDFFEF1DD036
:20342000A8CA929616D11DD09A9201908CFF92CDFFDF1DD0A8CA929617D11DD09A92019080
:203440008DFF92CDFFBF1DD0A8CA92961DD092CCFF7F1DD092961ED092CCFDFF1ED0929600
:203460001ED092CCFEFF1ED092961ED092CCFBFF1ED092961ED092CCF7FF1ED092961ED04B
:2034800092CCEFFF1ED092961ED092CCDFFF1ED092961ED092CCBFFF1ED092961ED092CC1E
:2034A0007FFF1ED092961ED092CCFF7F1ED092961FD0922B008F170600BE000200D542A8C1
:2034C00018D4432B46C284760080481EA60648767F8A048F0080A9A8AD5C18BEA408CEFD7D
:2034E00008D542C2A45C4876988AAD08BEFDBE82BE86BE8B060010FE50A04EA800024C1E68
:203500004A2B492B508AAA2BAC281000C427525644A9421E4E8AAA2B0002C427C80061CAC2
:20352000A61EA7A9548AAC2820000002AA2BC427525644A9421EA7A3A606C80061CAAC2831
:203540003000A7A9568AA61EAA2B0002C427525644A9421EA7A3A606C80061CAAC283200A1
:20356000A7A9568AA61EAA2B0002C427525644A9421EA7A3A606C80061CA4CA94A1E00BE9C
:203580000002008F130600D542A8432B1AD446C284760080481EA60648767F8A048F0080F8
:2035A0001ABEA9A8AD5C08D542C28CDCA45C4876988A90FE06001CFEAD5D4AA84AC598DD82
:2035C000A50EA98A05F68424AD5C92DCA45C07F6842B509251944F9459964C924D944B9408
:2035E0005A9658925BCDFCFF0390A8CA5B9657925BCDF3FF039081FFA8CA5B9656920390E4
:203600005BCDCFFF83FFA8CA5B96559203905BCD3FFF85FFA8CA5B96549203905BCDFFFC6C
:2036200087FFA8CA5B965392039089FF5BCDFFF3A8CA5B96599203908BFF5BCDFFCFA8CAB4
:203640005B965BCCFF3FA98803565A0EA6CA5B96008F180600BE000200D542A81AD4432B39
:2036600046C284760080481EA60648767F8A048F00801ABEA9A8AD5C08D542C29BDCA45C52
:203680004876988A9CFE0600BDB2BDAAAD5A86DAAD08DC01AD8808D1A60812FFA9A008D0ED
:2036A0009AA8A65D92C5F21EAD88A6082CFEE5F68524A65CF2C5E5F684240AD06A92929693
:2036C0000BD06B929296D2D092920CD09296D1D092920DD09296008F190600BE000200D513
:2036E00042A81BD4432B46C284760080481EA60648767F8A048F0080A9A8AD5C1ABEA40837
:2037000028FE08D542C2A45C4876988AAD0824FEBE86BE8B060010FE4F964EA84C964EC57A
:20372000C7924B96CC924A9600BE008F1A06000200D542A81BD4432B46C284760080481E9E
:20374000A60648767F8A048F00801BBEA9A8AD5C08D542C28CDCA45C4876988A90FE0600F3
:20376000BDB2BDAABDA2AD5A8ADAAD083802AD80AD88A9A00CD1A7082CFEA60812FF0CD0BE
:203780009AA8A75DA6880AD192C59A1EAD5B0AD0E5F6862492C5A308D2FDE5F68524A35C10
:2037A000C2C559F684240ED07F92039082FF92CDE7FFA8CA0ED09296408D1D010FD09A92D5
:2037C00092CDF9FF039080FF0FD0A8CA92960ED092CDFEFF008D0002929201900ED0A8CA39
:2037E0009296408D01020ED09A92019092CDFDFF80FFA8CA0ED09296408D02020ED09A9209
:20380000019092CDFBFF81FFA8CA0ED092960ED07692019084FF92CDDFFFA8CA0ED0929617
:203820000ED07492019085FF92CDBFFFA8CA0ED092960ED07392019086FF92CD7FFFA8CAB2
:203840000ED092960ED07292019087FF92CDFFFEA8CA0ED092960ED07592019088FF92CD39
:20386000FFFDA8CA0ED092960ED06B9201908AFF92CDFFF7A8CA0ED092960ED06A920190A7
:203880008BFF92CDFFEFA8CA0ED09296408DD4010ED09A9201908CFF92CDFFDFA8CA0ED084
:2038A0009296408D7A010ED09A92019089FF92CDFFFBA8CA0ED09296408D1A010ED09A92B2
:2038C00001908DFF92CDFFBFA8CA0ED092960ED092CCFF7FA988008D1B010356920F0ED0CA
:2038E000A6CA92960FD092CDFEFF008D1C01929201900FD0A8CA9296408D26010FD09A921E
:20390000019082FF92CDF7FFA8CA0FD09296408D28010FD09A92019083FF92CDEFFFA8CAF4
:203920000FD09296408D29010FD09A92019084FF92CDDFFFA8CA0FD09296408D2A010FD0DD
:203940009A92019085FF92CDBFFFA8CA0FD09296408D27010FD09A92019086FF92CD7FFF9D
:20396000A8CA0FD09296408D31010FD09A92019088FF92CDFFFDA8CA0FD09296408D3201D8
:203980000FD09A92019089FF92CDFFFBA8CA0FD09296EED10FD09A9201908AFF92CDFFF7F8
:2039A000A8CA0FD0929694D10FD09A92019087FF92CDFFFEA8CA0FD092960FD092CCFF7F77
:2039C000A9884FD00356920F0FD0A6CA929610D092CDFEFF50D09292019010D0A8CA92969B
:2039E0004CD10FD09A9201908CFF92CDFFDFA8CA0FD092964BD10FD09A9201908BFF92CD2C
:203A0000FFEFA8CA0FD092964DD10FD09A9201908DFF92CDFFBFA8CA0FD09296008F1B06B3
:203A200000BE000200D542A818D4432B46C284760080481EA60648767F8A048F0080A9A8EE
:203A4000AD5C18BEA408CCFD08D542C2A45C4876988AAD08C8FDBE82BE86BE8B0600BDB295
:203A6000BDAAAD5A86DAAD08DC01AD8808D1A60812FFA9A008D09AA8A65D92C5F21EAD8817
:203A8000A6082CFEE5F68524A65CF2C5E5F68424AD5CA40828FE0002C41ED42BDC2B008D3C
:203AA0003C01AFE292008EE600000AD013E29200008D3001AFE292008EE600000BD013E2AC
:203AC000920056D0AFE292008EE600000CD013E292004AD0AFE292008EE600000DD013E2B1
:203AE000920000BE008F1C0600D542A818D4432B46C284760080481EA60648767F8A048FBE
:203B00000080A9A8AD5C18BEA40828FE08D542C2A45C4876988AAD0824FEBE86BE8B0600F8
:203B200010FE507D4F7C4E974D964C93A83C4C974C924E93A8384C9650934B92A8384B966F
:203B40004F924B93A83C4B9753924996008F1F0600BE000200D542A81CD4432B46C2847689
:203B60000080481EA60648767F8A048F00801CBEA9A8AD5C08D542C28CDCA45C4876988A7C
:203B800090FE06000CFE4CA94A1E008F280600BE000242A800D5432B1BD446C2847600800F
:203BA000481EA60648767F8A048F00801BBEA9A8AD5C06D542C28CDCA45C4876988A8CFE35
:203BC00006000CFE4CA94A1E008F290600BE000242A800D5432B1BD446C284760080481EF6
:203BE000A60648767F8A048F00801BBEA9A8AD5C06D542C28CDCA45C4876988A8CFE060055
:203C00000AFE4AA8008F220600BE000242A800D5432B20D446C284760080481EA6064876C0
:203C20007F8A2002048F008008D5421EA9A84A8A4876988A8AFE060012FE03E2500103E24B
:203C40004E0052A84876B7C94C3FAFE250004876B7C94B3F4A2B008F2C0600BE000200D5DF
:203C600042A8432B11D446C284760080481EA60648767F8A048F008011BEA9A8AD5C08D593
:203C800042C28CDCA45C4876988A92FE06000AFE4A1E408FF456008FFFFFA9280104A82886
:203CA000008042A0BF56430201D546A803D4481E4A0648767F8A8AFE06000AFE4A1EA92861
:203CC00056F4A828261800B600BE06D401D5421E432B46C348C24A0648767F8AA92856F455
:203CE000A828011800B600BE421E07D401D5432B46C348C24A0648767F8AA92856F4A828D3
:203D0000071800B600BE421E08D401D5432B46C348C24A0648767F8AA92856F4A82808185B
:203D200000B600BE421E09D401D5432B46C348C24A0648767F8AA92856F4A8280A1000B6A9
:203D400000BE421E0AD401D5432B46C348C24A0648767F8AA92856F4A828121800B600BE70
:203D6000421E0BD401D5432B46C348C24A0648767F8AA92856F4A8281A1000B600BE421EAD
:203D80000CD401D5432B46C348C24A0648767F8AA92856F4A8281D1800B600BE421E0DD400
:203DA00001D5432B46C348C24A0648767F8AA92856F4A8281F1800B600BE421E0ED401D5E7
:203DC000432B46C348C24A0648767F8AA92856F4A828EC1C00B600BE421E0FD401D5432B5D
:203DE00046C348C24A0648767F8A8AFE060006FE46A8441E060208D5421E468A440648769A
:203E0000988A86FE060006FE46A8441E070208D5421E468A44064876988A86FE060006FED4
:203E200046A8441E080207D5421E468A44064876988A86FE060006FE46A8441E090208D52C
:203E4000421E468A44064876988A86FE060006FE46A8441E0A0202D5421E468A440648760F
:203E6000988A86FE060006FE46A8441E0B0208D5421E468A44064876988A86FE060006FE70
:203E800046A8441E0C0204D5421E468A44064876988A86FE060006FE46A8441E0D0205D5CA
:203EA000421E468A44064876988A86FE060006FE46A8441E0E0204D5421E468A44064876A9
:203EC000988A86FE06001AFE4CA04AA8481E619201520560048F00804EA8046F048F00A080
:203EE0004EA84C06E1FFE6014A060360EFFFE20148060091501E48060090521E20FFF4562B
:203F0000500FE0FFD701EFFF9C014A8A5D9248764B71608AC42BEFFFCD014A8A5D924876AD
:203F20007771608ABF56C401EFFFC4014A8AF49206520860648AC42B608ABF56C402EFFF78
:203F4000B901648ABF56C401AD5C9ADCA45CC87608F107F68424AD5C0F0208D5421E9ADCB7
:203F6000A45C4E0648767D9EEFFFA401648AC49224604A8AC49201520A60C4921F76B50230
:203F80000F985D924876A371EFFF9401C4920252E0FF9001C4921F76B5020F985D92487626
:203FA000D1711F76B5020F2B4C8A48766F73608ABF56C404EFFF7E014A8AC49201520B60A7
:203FC0005D9248765B724A8A1F76B502C4920E98EFFF7001C4920252E0FF6C015D92487649
:203FE00089724A8A1F76B502C4920E98AD5C9ADCA45CC87618F107F68424AD5C0F0208D548
:204000009ADC421EA45C4E0648767D9E1F76B5020E2B4C8A4876FB73608ABF56C408EFFF5D
:2040200049014A8A5D924876FF71608ABF56C405EFFF40014A8A5D9248762D7261920152E8
:2040400015601F76B502BF56080180760FA8408F00A9008F11A842C244A046A8408F80A946
:20406000008F80AA4876C952076F025205601F76B502BF5609011F76B50208920152046077
:20408000082BEFFF170109920152E0FF1301807610A8408F40A9008F12A842C244A046A881
:2040A000408FC0A9008F80AB4876C9521F76B502092BEFFFFF004A8A5D924876B772EFFF30
:2040C000F9004A8A5D924876E57261920152166080760FA8408F00A9008F11A842C244A0FE
:2040E00046A8408F80A9008F80AA487694541F76B502BF560A01EFFFDD000252E0FFDA0037
:204100001F76B502BF560B01807610A8408F40A9008F12A842C244A046A8408FC0A9008FE6
:2041200080AB48769454EFFFC5004A8A5D9248761373608ABF56C40AEFFFBC004A8A5D92BA
:20414000487641731F76A6023FCC0007C7FF015215613FCC0007C7FF025210613FCC000760
:20416000C7FF03520B613FCC0007C7FF045206613FCC0007C7FF055223601F76AC023B9261
:204180005B601F76AA021C9203525660807680A9408F0FA8008F00AA42C2019A44A046A81B
:2041A000408F80AB008F80AA4876FB611F76AD02BF560F011F76A202011A80003D6F1F76B4
:2041C000A7023FCC0007C7FF015215613FCC0007C7FF025210613FCC0007C7FF03520B615F
:2041E0003FCC0007C7FF045206613FCC0007C7FF055222601F76B0023B921E601F76AE02A2
:204200001C92035219608076C0A9408F10A8008F00AA42C2029A44A046A8408F80AA008F09
:2042200080AB4876FB611F76B102BF560F011F76A202011A0001608ABF56C40B3A6F52C4EA
:204240002FFF3830A60F2164A60FE1FF70FF2FFF3220A60F0F64A60FE1FF35FF2FFF3C109F
:20426000A60FE1FF6DFF2FFF1220A60FE1FFDBFE206F2FFF2030A60FE1FFDEFE2FFF26306D
:20428000A60FE1FF1AFF156F2FFF4E30A60FE1FF3EFE2FFF0438A60FE1FF41FE2FFFD639F4
:2042A000A60FE1FF65FE2FFFD839A60FE1FF40FE9AFE060010FE4F964CA04AA80002481E1D
:2042C000462B452B4A064E1E502B502B4F925054176900BE035650034E8A5058AA2BA92DB1
:2042E000A6069427525644A9421E48A34606C80061CA48A9461E500A4F925054EC6648C4A6
:204300004C8A4606C4C2D41E90FE060010FE4F964CA04AA80002481E462B452B4A064E1E99
:20432000502B502B4F925054176900BE035650034E8A5058AA2BA92DA6069427525644A9F1
:20434000421E48A34606C80061CA48A9461E500A4F925054EC6648C44C8A4606E4C2F41E67
:2043600090FE060010FE4F964CA04AA80002481E462B452B4A064E1E502B502B4F92505458
:20438000176900BE035650034E8A5058AA2BA92DA6069427525644A9421E48A34606C800AD
:2043A00061CA48A9461E500A4F925054EC66080248C44C07A98A46C5C4C2D4C390FE0600F4
:2043C00010FE4F964CA04AA80002481E462B452B4A064E1E502B502B4F925054176900BE4E
:2043E000035650034E8A5058AA2BA92DA6069427525644A9421E48A34606C80061CA48A96F
:20440000461E500A4F925054EC660C0248C44C07A98A46C5C4C2D4C390FE060010FE4F96B8
:204420004CA04AA80002481E462B452B4A064E1E502B502B4F925054176900BE0356500334
:204440004E8A5058AA2BA92DA6069427525644A9421E48A34606C80061CA48A9461E500AFC
:204460004F925054EC661A0248C44C07A98A46C5C4C2D4C390FE060010FE4F964CA04AA82A
:204480000002481E462B452B4A064E1E502B502B4F925054176900BE035650034E8A505832
:2044A000AA2BA92DA6069427525644A9421E48A34606C80061CA48A9461E500A4F92505497
:2044C000EC661E0248C44C07A98A46C5C4C2D4C390FE060010FE4F964CA04AA80002481EE3
:2044E000462B452B4A064E1E502B502B4F925054176900BE035650034E8A5058AA2BA92D8F
:20450000A6069427525644A9421E48A34606C80061CA48A9461E500A4F925054EC6622026B
:2045200048C44C07A98A46C5C4C2D4C390FE060010FE4F964CA04AA80002481E462B452B13
:204540004A064E1E502B502B4F925054176900BE035650034E8A5058AA2BA92DA6069427A8
:20456000525644A9421E48A34606C80061CA48A9461E500A4F925054EC66260248C44C070F
:20458000A98A46C5C4C2D4C390FE060010FE4F964CA04AA80002481E462B452B4A064E1E56
:2045A000502B502B4F925054176900BE035650034E8A5058AA2BA92DA6069427525644A96F
:2045C000421E48A34606C80061CA48A9461E500A4F925054EC66300248C44C07A98A46C5FC
:2045E000C4C2D4C390FE060010FE4F964CA04AA80002481E462B452B4A064E1E502B502B3E
:204600004F925054176900BE035650034E8A5058AA2BA92DA6069427525644A9421E48A3B9
:204620004606C80061CA48A9461E500A4F925054EC66340248C44C07A98A46C5C4C2D4C3C5
:2046400090FE060010FE4F964CA04AA80002481E462B452B4A064E1E502B502B4F92505475
:20466000176900BE035650034E8A5058AA2BA92DA6069427525644A9421E48A34606C800CA
:2046800061CA48A9461E500A4F925054EC66380248C44C07A98A46C5C4C2D4C390FE0600E1
:2046A00010FE4F964CA04AA80002481E462B452B4A064E1E502B502B4F925054176900BE6B
:2046C000035650034E8A5058AA2BA92DA6069427525644A9421E48A34606C80061CA48A98C
:2046E000461E500A4F925054EC663C0248C44C07A98A46C5C4C2D4C390FE060006FE46A8A7
:2047000008024607A98A0129C40647FFA988A618FFFF11024607A98AC47E08024607A98A89
:20472000AC281800C4A3D4065B5612024607A98AAB18FF7FAB18FF7FC4CC0080AB9812021E
:204740004607A98AC43F12024607A98AC4CCFF7FA9800A024607A98AC4CC8000C6FF8EFF1D
:20476000A7CAA98812024607A98AC47E0A024607A98AC40647FFA988A618FFFF13024607D6
:20478000A98AC47E0C024607A98AC492C7FFA9800B024607A98AC492C7FFA738A988140202
:2047A0004607A98AC47E0D024607A98AC492FF90A98815024607A98AC47E0C024607A98A2B
:2047C000C4A3D4065B5616024607A98AAB18FFFFC43F0E024607A98AC40647FFA988A618FC
:2047E000FFFF17024607A98AC47E18024607A98AC4CCF0FFA9800F024607A98AC4CC000F6E
:20480000C7FF0F90A7CAA98818024607A98AC47E86FE060006FE46A822024607A98A01296B
:20482000C40647FFA988A618FFFF2A024607A98AC47E22024607A98AAC281800C4A3D406BC
:204840005B562B024607A98AAB18FFFFC43F2C024607A98AC4CC00F0A98024024607A98A39
:20486000C40647FFA988A618FF0FA618FF0FA692A7CAA9882C024607A98AC47E2C0246071A
:20488000A98AC4CCFF0FA98025024607A98AC4CCF000C3FF8BFFA7CAA9882C024607A98A5B
:2048A000C47E2D024607A71E25024607A98AC4CC00FFC7FFA988A78A2D0246075AFFC493EB
:2048C000A4A9A692A83CC49726024607A98AC40647FFA988A618FFFF2E024607A98AC47E7D
:2048E00086FE060002FE42A8C4CC00FF0150C496428AC492FF90A91A0001C496428ACC188B
:2049000000FF428ACCCCFFF0A91A0003CC96428ADC1803FF428ADC18FFFD428ADC18FFFBE5
:20492000428ADCCCFF0FA91A0080DC9682FE060002FE42A8C4CC00FF0150C496428AC49274
:20494000FF90A91A0004C496428ACCCC00FF1050CC96428ACC92FF90A91A0009CC96428ACF
:20496000D4CC00FF1050D496428AD406FF90A81800FFA91A00252051D41E82FE060002FE09
:2049800042A8AF024207A98AC492025214608C024207A98A02E8E0380AE80000AFE2C4018E
:2049A0004876DEC5DE024FE800E04207A98A03E2C4002C6FAF024207A98AC4920152146095
:2049C0008C024207A98A02E8E0340AE80000AFE2C4014876DEC5DE024FE800E04207A98AB3
:2049E00003E2C400136F8C024207A98A02E8E0380AE80000AFE2C4014876DEC5DE024FE8C0
:204A000000E04207A98A03E2C40082FE060008FE479646A044A81C024407A98AC49203520F
:204A20005D60479201522D60D2024407A98AD402AFE2C4004407A98A90E80092AFE2C401A5
:204A400094E6010014AD1162D2024407A98AD602AFE2C4004407A98A90E80092AFE2C4014A
:204A600094E6010014AD3A65BB024407A98ABF56C401468ABF56C4084C8AC41A00802E6FC4
:204A800002522C60D2024407A98AD402AFE2C4004407A98A90E80092AFE2C40194E6010060
:204AA00014AD1162D2024407A98AD602AFE2C4004407A98A90E80092AFE2C40194E60100EA
:204AC00014AD0C65BB024407A98ABF56C401468ABF56C4084C8ACC1A010088FE06000AFE8D
:204AE0004AA048A8AFE2C40012E8E81B14AD0D62AFE2D40012E8E81B14AD0762AFE2E40059
:204B000012E8E81B14AD2465807680A9408F0FA8008F00AA42C2019A44A046A8408F80AB05
:204B2000008F80AA4876FB618076C0A9408F10A8008F00AA42C2029A44A046A8408F80AA18
:204B4000008F80AB4876FB614E8AC41A00108AFE060006FE46A044A81C024407A98AC49265
:204B6000015207611C024407A98AC49203524E60DA024407A98A02E890400BE800E0AFE20D
:204B8000C40194E6010014AD4165DC024407A98A02E890400BE800E0AFE2C40194E60100B4
:204BA00014AD3465DA024407A98A02E890440BE800E0AFE2C40194E6010014AD2763DC02B6
:204BC0004407A98A02E890440BE800E0AFE2C40194E6010014AD1A63468ABF56C408BB0249
:204BE0004407A98ABF56C401008F80AAA9A8440F05604A8AC41A0100096F008F80ABA9A865
:204C0000440F04604A8AC41A020086FE060006FE46A044A81B024407A98AC49254617002B1
:204C20004407A98AAFE2C40012E8A01514AD0A626E024407A98AAFE2C40012E8A01514AD12
:204C40004265468ABF56C408BB024407A98ABF56C401D8024407A98AC49224601F76B50269
:204C60000C0A0C92035219681F76A902BF561001008F80AAA9A8440F05604A8ACC1A0020A8
:204C8000096F008F80ABA9A8440F04604A8ACC1A00401F76B5020C2BD8024407A98ABF56F0
:204CA000C401008F80AAA9A8440F05604A8AC41A0400096F008F80ABA9A8440F04604A8AA9
:204CC000C41A080070024407A98AAFE2C40012E8F81B14AD0A616E024407A98AAFE2C4002D
:204CE00012E8F81B14AD1A60468ABF56C408CF024407A98ABF56C401008F80AAA9A8440F35
:204D000005604A8ACC1A0002096F008F80ABA9A8440F04604A8ACC1A000486FE060008FEEA
:204D200048A81F76B80206CC0080CEFF01520D6124CC0080CEFF015208611F76B90202CC3D
:204D40000080CEFF015218608076C0A9408F10A8008F00AA42C2029A44A046A8408F80AAB1
:204D6000008F80AB4876FB611F76B102BF560F01488ACC1A00101F76B60206CC0080CEFFBE
:204D800001520D6124CC0080CEFF015208611F76B70202CC0080CEFF01521860807680A906
:204DA000408F0FA8008F00AA42C2019A44A046A8408F80AB008F80AA4876FB611F76AD02B2
:204DC000BF560F01488ACC1A000888FE060006FE46A044A81C024407A98AC49203523E60A7
:204DE0000A024407A98A02E80109AFE2C40050E8004C4876DEC5D2024407A98AAFE2C40153
:204E000094E6010014AD11620A024407A98AD202AFE2C4004407A98A90E80092AFE2C40152
:204E200094E6010014AD1A65BB024407A98ABF56C401468ABF56C408008F80AAA9A8440F94
:204E400005604A8ACC1A0800096F008F80ABA9A8440F04604A8ACC1A100086FE060006FE99
:204E600046A044A81C024407A98AC49203524260AF024407A98AC49202522260A40244072B
:204E8000A98AAFE2C400A0E514AD3460D2024407A98AA202AFE2C4004407B0E80028A98A27
:204EA00003E2C400D2024607A98AA2024607AFE2C400B0E80028A98A03E2C4001B6FAF02D8
:204EC0004407A98AC49201521560A4024407A98AAFE2C400A0E514AD0D60D2024407A98AB8
:204EE000A202AFE2C4004407B0E80028A98A03E2C40086FE06000CFE4B964AA048A81C0265
:204F00004807A98AC4920352E0FF94004B9201524760508AC492019001524260D202480741
:204F2000A98A02E80109AFE2C40050E8004C4876DEC5D4024807A98AAFE2C40194E60100E7
:204F400014AD1562D2024807A98A02E80109AFE2C40050E8004C4876DEC5D6024807A98A3B
:204F6000AFE2C40194E6010014AD636550025207A98ABF56C401807680A9408F0FA842C276
:204F8000019A008F00AA44A046A8408F80AB008F80AA4876FB61508ACC1A02004A6F4B9246
:204FA00002524760508AC4CC0200C0FF01524160D2024807A98A02E80109AFE2C40050E800
:204FC000004C4876DEC5D4024807A98AAFE2C40194E6010014AD1562D2024807A98A02E883
:204FE0000109AFE2C40050E8004C4876DEC5D6024807A98AAFE2C40194E6010014AD196503
:2050000050025207A98ABF56C4018076C0A9408F10A842C2029A008F00AA44A046A8408F78
:2050200080AA008F80AB4876FB61508ACC1A04008CFE06000CFE4B964AA048A8BB02500745
:20504000A98AC49245601C025007A98AC49203523F608E025007A98AAFE2C40012E8801B2C
:2050600014AD0A62D2025007A98AAFE2C40012E8001114AD2D634B9201521560807680A930
:20508000408F0FA8008F00AA42C2019A44A046A8408F80AB008F80AA4876FB61528AC41A59
:2050A0004000166F025214608076C0A9408F10A8008F00AA42C2029A44A046A8408F80AAD9
:2050C000008F80AB4876FB61528AC41A80008CFE06000CFE4B964AA048A81C024807A98ACD
:2050E000C49203526E600A024807A98A1E02AFE2C4004807A98AAFE2C40194E6010014AD20
:205100001C621E024807A98AAFE2C40012E8D02314AD13621E024807A98AAFE2C40012E806
:20512000401214AD0A641E024807A98AAFE2C40012E8401214AD45631F76B5020D0A0D9240
:2051400008523F680D2B1D025007A98AC4CCFFF3A988A61A00041D025007A98AC47E008F7C
:2051600080AAA9A8480F1560807680A9408F0FA8008F00AA42C2019A44A046A8408F80AB9F
:20518000008F80AA4876FB61528AC41A0020196F008F80ABA9A8480F14608076C0A9408FD6
:2051A00010A8008F00AA42C2029A44A046A8408F80AA008F80AB4876FB61528AC41A0040C5
:2051C0008CFE060004FE44A042A8AC024207A98AC4920152196172024207A98AC492015289
:2051E0001361AD024207A98AC49201520D6173024207A98AC49201520761AE024207A98ACB
:20520000C49201525760AC024407A98AC4920152196172024407A98AC49201521361AD0221
:205220004407A98AC49201520D6173024407A98AC49201520761AE024407A98AC4920152FE
:2052400039603C024807A98AC49201520D6133024807A98AC4920152076132024807A98A60
:20526000C4920152276059024807A98ABF56C40150024807A98ABF56C401AC024207A98A6F
:20528000C42BAD024207A98AC42BAE024207A98AC42BAC024407A98AC42BAD024407A98AA2
:2052A000C42BAE024407A98AC42B3C024807A98AC42B84FE06002276289AA9F4297027F6FE
:2052C0000077009AA9F4297027F600771A76006F08FE44A8AD5C44C544C4448302E8830FA5
:2052E00088DCAFE2C700AFE2D601AFE2E502A45C48766EC54602448A4407A9834876A682AE
:2053000008024407A98A0A02AFE2C4014407A98A4483AFE2C402AD5CAFE2F50002E8030982
:2053200085DCA45C48766EC506E80005080203E242004407A98A0A02AFE2C4014407A98A99
:205340004483AFE2C402AD5CAFE2F50002E8D31F86DCA45C4876A1C518024407A98AAFE215
:20536000C400AD5C02E8F21102E8911287DCA45C48764FC5009B489200B600BE0052026113
:2053800001BEA6920260019B0053026101B644024407A98AC47F009B459200BE00B600526C
:2053A000026101BEA6920260019B0053026101B645024407A98AC47F009B469200BE00B639
:2053C0000052026101BEA6920260019B0053026101B647024407A98AC47F009B479200BE7A
:2053E00000B60052026101BEA6920260019B0053026101B648024407A98AC47F490244073F
:20540000A98AC42B88FE060004FE44A042A8AF024207A98AC49202522A60D0024207A98A5F
:20542000C4922560AC024407A98AC4921660AD024407A98AC492116072024407A98AC4925D
:205440000C6073024407A98AC49207603C024807A98ABF56C4013E6F1B024207A98AC492FA
:2054600039603C024807A98AC42B346FAF024407A98AC49202522A60D0024407A98AC49238
:205480002560AC024207A98AC4921660AD024207A98AC492116072024207A98AC4920C60ED
:2054A00073024207A98AC49207603C024807A98ABF56C4010F6F1B024407A98AC4920A60CB
:2054C0003C024807A98AC42B056F3C024807A98AC42B84FE060008FE44A8D0024407A98A30
:2054E000C49201522961AC024407A98A00BE00B6C492026101B672024407A98A009AC49386
:2055000000530261019AA770026101BE477E73024407A98A00BE00B6C492026101B6AD02B6
:205520004407A98A009AC49300530261019AA770026101BE467E7A024407A98A00BE009A5C
:20554000C49300530260019A0052026101BE457E6A0202E890404407A98A0BE800E000BE38
:20556000009AAFE2C40194E6010014AD0262019A0052026101BECA024407A98AC47E00B64A
:2055800001BE47920B604692096045920760CA024407A98AC492026000BEA692026101B677
:2055A000C6024407A98AC47F479201520660C7024407A98ABF56C401469201520660C80254
:2055C0004407A98ABF56C401C9024407A71E4592C79688FE060006FE46A044A80E024407A7
:2055E000A98AAFE2C400A0E514ADE0FF84000A024407A98A0C02AFE2C4004407A98A0E02FF
:20560000AFE2C40100E7080044074FE800D0A98A03E2C4006F6F0E024407A98A02E8E034AD
:205620000AE80000AFE2C40194E6010014AD39651B024607A98AC4920B609A024407A98AD0
:2056400002E8E0380AE8000003E2C4000F6F9A024407A98A02E8E0340AE8000003E2C4007C
:2056600014024407A98ABF56C4013C024607A98AAFE2C40012E8000014AD0D63140244071D
:20568000A98AC49201520760AF024407A98ABF56C4013A6FAF024407A98ABF56C402346F68
:2056A0009A024407A98A02E8E0340AE8000003E2C400AF024407A98ABF56C401256F9A02FE
:2056C0004407A98A02E8E0340AE8000003E2C400AF024407A98ABF56C401166F9A0244073E
:2056E000A98A90E503E2C400AF024407A98AC42B0B6FAF024607A98AC4928E610152E061B7
:205700000252ED61016F86FE060008FE46A044A8EFFFEB0281024407A98AC42B800244077D
:20572000A98AC42BAA024407A98AC42B84024407A98AC42BC4024407A98AC42B1A024407A1
:20574000A98AC42BA0024407A98AC42B82024407A98AC42BA2024407A98A90E503E2C400E7
:20576000A4024407A98A03E2C40064024407A98A03E2C400EFFFC90281024407A98ABF5600
:20578000C40A84024407A98AC42BA0024407A98AC42B82024407A98AC42BA2024407A98A26
:2057A00090E503E2C400A4024407A98A03E2C400AC024407A98AC42BAD024407A98AC42BC7
:2057C000AE024407A98AC42BEFFF9F0281024407A98ABF56C414CA024407A98AC49221600E
:2057E0006A024407A98A02E8C0500CE800B4AFE2C40194E6010014AD14626A024407A98A2B
:2058000002E890400BE800E0AFE2C40194E6010014AD076584024407A98ABF56C401056FAB
:2058200084024407A98AC42BC6024607A98AC4920660448A46834876DC7A0F6F9A02440761
:20584000A98A02E8E0340AE8000003E2C400AF024407A98ABF56C4011B024607A98AC49280
:205860000152E0FF1502AF024407A98AC4920252E0FF0E0214024407A98ABF56C401EFFFBB
:20588000070281024407A98ABF56C41484024407A98AC42BA0024407A98AC42B8202440740
:2058A000A98AC42BA2024407A98A90E503E2C400A4024407A98A03E2C400AC024407A98A8D
:2058C000C42BAD024407A98AC42BAE024407A98AC42B80024407A98AC42BEFFF1602640245
:2058E0004407A98A90E503E2C40080024407A98AC4920960AA024407A98AC40A8402440784
:20590000A98AC42BAA024407A98AC4923C524E69AA024407A98ABF56C43D80024407A98A60
:20592000BF56C401DA024407A98A02E890400BE800E0AFE2C40194E6010014AD3365DC029E
:205940004407A98A02E890400BE800E0AFE2C40194E6010014AD2665DA024407A98A02E8DB
:2059600090440BE800E0AFE2C40194E6010014AD1363DC024407A98A02E890440BE800E08B
:20598000AFE2C40194E6010014AD066384024407A98AC42B0B6F84024407A98ABF56C401C1
:2059A000056F84024407A98AC42B82024407A98AC42B84024407A98AC492015219608102E6
:2059C0004407A98ABF56C4D4A0024407A98AC42BA2024407A98A90E503E2C400AD02440753
:2059E000A98AC42BAC024407A98AC42B226F80024407A98AC4921D6081024407A98ABF56F0
:205A0000C4D3A0024407A98ABF56C40124024407A98AC4C4A2024407A98AC4C2AD02440727
:205A2000A98ABF56C401AC024407A98ABF56C401A4024407A98A90E503E2C400AE02440716
:205A4000A98AC42BEFFF61011A024407A98AC492506181024407A98ABF56C4DD64024407CB
:205A6000A98A90E503E2C400A0024407A98ABF56C40182024407A98AC42B1E024407A98A4C
:205A8000C4C4A2024407A98AC4C2AF024407A98AC492025204600202481E036F0102481E54
:205AA00068024407A98AC4C45A024407A98AC4C288E2480020024407A98A4FE801E0AFE21B
:205AC000C4004876DEC5A4024407A98A03E2C400AC024407A98AC42BAD024407A98ABF5677
:205AE000C401AE024407A98ABF56C401EFFF0D0181024407A98ABF56C4DEA0024407A98A05
:205B0000C42B82024407A98AC42BA2024407A98A90E503E2C400A4024407A98A03E2C40098
:205B2000AC024407A98AC42BAD024407A98AC42BAE024407A98AC42BEFFFE700810244076E
:205B4000A98ABF56C417C3024407A98AC42BA0024407A98ABF56C40182024407A98ABF56DF
:205B6000C4011E024407A98AC4C4A2024407A98AC4C21E024407A98A2002AFE2C400440732
:205B8000A98A2E02AFE2C401440700E70800A98A03E2C400AF024407A98AC49202522560D8
:205BA00064024407A98A6602AFE2C4004407A98A6602AFE2C4014607A98A640212E3C40168
:205BC000440710E74000A98A03E2C40066024407A98A90E503E2C40066024607A98A03E296
:205BE000C4000202481E1A6F64024407A98A6602AFE2C4004407A98A6402AFE2C4014407C8
:205C000010E74000A98A03E2C40066024407A98A90E503E2C4000102481E200288E2480030
:205C20004407A98A4FE801E0AFE2C4004876DEC5A4024407A98A03E2C400AC024407A98A1F
:205C4000BF56C401AD024407A98ABF56C401AE024407A98AC42B586F81024407A98ABF5669
:205C6000C418448A4876767E1B024407A98AC4920960BB024407A98AC42BBC024407A98A08
:205C8000C42B80024407A98AC42B3E6F1C024407A98AC4880202A60F0C64A60FE1FFD6FEFF
:205CA000A606E1FFF0FD0102A60FE1FF1AFE2C6F0302A60FE1FF44FF0402A60FCE61246FC6
:205CC00081024407A98ABF56C41E64024407A98A90E503E2C400448A4876767E800244077D
:205CE000A98AC42B116F1B024407A98AC488A606E1FF12FD0102A60FE1FF40FD0202A60FF2
:205D0000E1FF66FDDE6F88FE060006FE44A8AF024407A98AC492025204600202461E036F60
:205D20000102461E3C024407A98AAFE2C40011E800FC14AD7065D0024407A98AC492015267
:205D40004461AC024407A98AC49201523E60AD024407A98AC4920152386081024407A98ABC
:205D6000BF56C42882024407A98ABF56C401A0024407A98ABF56C401BA024407A98ABF56FD
:205D8000C4011E024407A98AC4C4A2024407A98AC4C2200288E246004407A98A4FE801E008
:205DA000AFE2C4004876DEC5A4024407A98A03E2C400AC024407A98ABF56C401AD02440760
:205DC000A98ABF56C401546FD0024407A98AC49201524E6082024407A98AC42BA20244076C
:205DE000A98A90E503E2C40080024407A98AC42BAA024407A98AC42BA4024407A98A03E241
:205E0000C400AC024407A98AC42BAD024407A98AC42B2E6F81024407A98ABF56C429BA022B
:205E20004407A98ABF56C40182024407A98AC42BA0024407A98AC42BA2024407A98A90E573
:205E400003E2C40080024407A98AC42BAA024407A98AC42BA4024407A98A03E2C400AC0216
:205E60004407A98AC42BAD024407A98AC42BAE024407A98AC42B1B024407A98AC492286003
:205E800081024407A98AC42B82024407A98AC42B80024407A98AC42BBB024407A98AC42B08
:205EA000C4024407A98AC42B64024407A98A90E503E2C40068024407A98AC4C45A02440796
:205EC000A98AC4C2AF024407A98AC42B066F81024407A98ABF56C4FF86FE06000AFE46A025
:205EE00044A8421E20FF8106420F3460448A00BEC440026C01BEC4024607A98AC47E448AB8
:205F000000BEC441026C01BEC3024607A98AC47E448A00BEC442026C01BEC4025007A98AFB
:205F2000C47E448A00BEC443026C01BEC3025007A98AC47E448A009B00BEC492309030520F
:205F40000260019B0053026101BE51025207A98AC47E20FF8206420F6A60448A009AC4407F
:205F6000026C019A4896489201520560CF024607A98AC42BC7024607A98AC42BC802460719
:205F8000A98AC42B448A009AC441026C019A4796479201520560CF025007A98AC42BC702E8
:205FA0005007A98AC42BC8025007A98AC42B448A009AC442026C019A49964992015205603C
:205FC00050025207A98AC42B4C025207A98AC42B4A025207A98AC42B4D025207A98AC42B9A
:205FE0004B025207A98AC42B54025207A98AC42B55025207A98AC42B53025207A98AC42B66
:20600000CB024607A98AC42BCC024607A98AC42B59025207A98AC42B008F80A801F6842BD4
:20602000448AC4920752036048764C798AFE060006FE459644A042A800520E61448AC40A65
:20604000448AC49205520B68C492019CC496428ABF56C401046FC42B448AC42B86FE0600B6
:206060000AFE499648A046A81B024607A98AC49201520560AF024607A98AC42BAF02480798
:20608000A98AC4920252E1FF9D01C6024607A98AC492E0FF9201CF024607A98AC492E0FF0F
:2060A0008C01CE024607A98AC492E0FF8601C6024807A98AC49201521060AF024607A98AB3
:2060C000BF56C4019A024607A98A02E8E0340AE8000003E2C400356FAF024807A98AC49204
:2060E0000B609A024607A98A02E8E0380AE8000003E2C400266FAF024807A98AC49201520B
:206100001060AF024607A98ABF56C4019A024607A98A02E8E0340AE8000003E2C400116FCF
:20612000AF024807A98AC49202520B60AF024607A98AC42B9A024607A98A90E503E2C400BD
:206140001B024607A98AC492E0FFC00081024607A98AC42BAF024607A98AC42BA0024607AC
:20616000A98AC42B84024607A98AC42B82024607A98AC42B68024607A98AC4C45A024607FA
:20618000A98AC4C280024607A98AC42BAA024607A98AC42B3356A61E28024607A98AC4A9D6
:2061A000D4C24E8AE418FF00EC180000F4180000FC18000064024607A98A90E503E2C4004E
:2061C00026024607A98AC42BBC024607A98AC42BBB024607A98AC42BC3024607A98AC42B9B
:2061E000C4024607A98AC42B78024607A98ABF56C40179024607A98AC42B18024607A98A12
:20620000C42B14024607A98AC42B0A024607A98A03E2C4000E024607A98A03E2C4000C028E
:206220004607A98A03E2C40014024807A98AC42B1A024607A98AC42B9F024607A98AC42B13
:2062400024024607A98A03E2C4009D024607A98AC42B468A03E2D400D8024607A98AC42B0F
:20626000D9024607A98AC42B3C024607A98A03E2C40020024607A98A03E2C4001E024607B5
:20628000A98A03E2C40048024607A98A03E2C400CA024607A98AC4920152E0FF9300E40262
:2062A0004607A98AC40AE4024607A98AC4920F52E0FF8800E4024607A98AC42BCF02460799
:2062C000A98ABF56C4017D6FC3024607A98AC4921460C4024607A98AC4920F60BC024607A0
:2062E000A98AC4920A60BC024607A98AC42BA0024607A98AC42B116FC3024607A98AC49252
:2063000001520B60C4024607A98AC4920660BC024607A98ABF56C401C4024607A98AC49209
:2063200001520E6126024607A98AC4920152086178024607A98AC492146049921260BB0213
:206340004607A98ABF56C401C3024607A98AC42BBC024607A98AC42B79024607A98AC42B98
:20636000C4024607A98AC4920152086178024607A98AC4920D6049920B60BB024607A98A85
:20638000BF56C401E2024607A98ABF56C401BC024607A98AC49201521460BB024607A98A4D
:2063A000C4920F60BA024607A98AC42B4883468A4876767B066FBB024607A98ABF56C40117
:2063C0008AFE0600BDB2BDAAAD5A8ADAAD08D601AD880ED00ED1A60818FF92A00BD09AC53F
:2063E000A093A859A65D10D092A89A960CD003E29200AD88A60832FEE5F68524A65CD2C599
:20640000E5F684240E6F4A0210D09207A98ABF56C4010F6F4A0210D09207A98AC42B096FCD
:206420002E0210D09207A98AC492EE610152F361300210D09207A61E10D031029207A98AE6
:20644000C492A68AC470015207604D0210D09207A98ABF56C4012F0210D09207A98AC492C0
:20646000015207604B0210D09207A98ABF56C4012D0210D09207A98AC4921A600CD0AFE277
:20648000920012E8781914AD13650BD092921060C28AC40AC28AC49214520C684C0210D073
:2064A0009207A98ABF56C401C28AC42B036FC28AC42B008D6A01929201520661008D6B017F
:2064C00092920152296084D092920152056185D09292015221603C0210D09207A98AC492FE
:2064E00001520F61330210D09207A98AC49201520861320210D09207A98AC49201520C60F1
:20650000540210D09207A98ABF56C40110D03C029207A98AC42B320210D09207A98A10D006
:206520003C02C4889207A98AC480A606A70F0E60330210D09207A98A10D03C02C48892070D
:20654000A98AC480A606A70F0C61550210D09207A98ABF56C40110D03C029207A98AC42B3F
:20656000AD082AFEBE86BE8B060006FE46A044A81F76B502262B269202522566012903561E
:2065800026014407A98AAFE2C40012E8281914AD0F64035626014407A98A02E8481C0CE852
:2065A0000000AFE2C40194E6010014AD0865270A279204520469468ABF56C401260A26929D
:2065C0000252DE69448AAFE2C40012E8781914AD2F6502E8201CAFE2C4010CE8000094E633
:2065E000010014AD2563AFE2D40012E8781914AD1F6502E8201CAFE2D4010CE8000094E622
:20660000010014AD1563AFE2E40012E8781914AD0F6502E8201CAFE2E4010CE8000094E601
:20662000010014AD0563262B272B468AC42B86FE060006FE44A042A8048F0080A9A8487650
:206640004B8DA90E461E80BE009B8090A60F0C60428AC40A428AC49204520868C42B448AFE
:20666000BF56C401036F428AC42B048F00A0A9A848764B8DA90E461E80BE009B8090A60F40
:206680000C604A8AC40A4A8AC49204520A68C42B4C8ABF56C401056F4A8AC42B4C8AC42B5F
:2066A00086FE060002FE42A8C8024207A98AC49201520761C7024207A98AC49201520660BB
:2066C000CF024207A98ABF56C40182FE060006FE4697459644A042A8CA024207A98AC492E5
:2066E00001520461459201520E601F76B502280A28920F521469282BCE024207A98ABF5680
:20670000C4010D6FCE024207A98AC42B086F448ABF56C4010C6F448AC42B096FCA02420719
:20672000A98AC492F5610152F761016F86FE060004FE4497439642A84C024207A98AC49215
:20674000015213614B024207A98AC49201520D614D024207A98AC492015207615302420718
:20676000A98AC4920152066046024207A98AC4921B6154024207A98AC492015215615502F9
:206780004207A98AC49201520F61439201520C611F76AD020C920152076159024207A98A5B
:2067A000C4920152066050024207A98ABF56C40184FE060008FE03E2460103E24400479662
:2067C00042A844024207A98AC4920152226146024207A98AC49201521C6145024207A98A34
:2067E000C4920152166147024207A98AC4920152106148024207A98AC49201520A614792E7
:20680000015207614A024207A98AC492015216604E024207A98AC40A4E024207A98AC4921A
:20682000055214694E024207A98ABF56C4064F024207A98ABF56C401096F4E024207A98AEE
:20684000C42B4F024207A98AC42B88FE060004FE437C421E2276428ACCCCF0FF43CACC9686
:206860001A7684FE060008FE487D477C421EA928FF81A828F701461E012903564701420781
:206880001009441E2276448A460655FFC4CECCCFA61EAC28140003564B0F5AFFA606ABCA71
:2068A000AACBA61E480E3B565AFFA606ABCAAACBA61E4E0601195AFFA606ABCAAACBC41EC6
:2068C0001A7688FE060006FE447D437C421E0356430145962276452D03023B5655FFA61E88
:2068E0000A024207A98AAA2B4427A606C4CECCCFA61EA9A93B565AFFA606ABCAAACBA61E9D
:206900000A024207A98AC4C21A7686FE060004FE437C421E2276428AC4CCFBFF43CAC496D9
:206920001A7684FE060002FE421E2276428AC41A80001A7682FE060004FE437C421E428A1A
:20694000019A432D66FFE49684FE060006FE447D437C421E22764492FF9C0356A90843CAC1
:206960004596428AD4CCC0F045CAD4961A7686FE060002FE421E227602024207A98AC41A37
:2069800000801A7682FE060004FE437C421E227609024207A98AC4CCE0FF43CAA988090269
:2069A0004207A98AC47E1A7684FE060006FE457C421E0129450E40FF42070709441E45928E
:2069C000019082FF46962276448A462D209A66FFC4981A7686FE060008FE467D457C421E71
:2069E0000129450E40FF42070709441E4592019082FF47962276472D0F9A448A469366FF99
:206A00005EFF67FFC4CEA9CBC4971A7688FE060006FE457C421E0129450E40FF42070709FC
:206A2000441E4592019082FF46962276462D448A409A66FF5EFFC4C01A7686FE060002FE1C
:206A4000419641F4E10C82FE060002FE421E428AC41A000282FE060002FE421E46C4800239
:206A60004207A98AC4C282FE060002FE421EAD5C428386DCC506C4CACCCBC51E82FE0600A5
:206A800002FE421E428AE49282FE060002FE421E10024207A98AC40682FE060004FE437CCF
:206AA000421E50024207A98A4392C49884FE060004FE437C421E58024207A98A4392C498C7
:206AC00084FE060004FE421E432B428AE4CCFF7F4396A91A0040E49684FE060004FE421E24
:206AE000432B428AE4CCFF7F43962050E49684FE060004FE421E432B428AE4CCFF7F439640
:206B00001050E49684FE060002FE421E428A4606D41E82FE060002FE421E428AC40682FEAD
:206B2000060004FE437C421E428A4392C7FFFC96428A4392FF90F49684FE060002FE42971A
:206B4000419622764193A8080079A85C4292C4961A7682FE060002FE42974196A908707040
:206B6000A95C4193A8087070C4CCF3FFA85C42CAC49682FE060002FE4196A9087070A95CCD
:206B8000C418FEFF82FE060004FE421E012944FF31FF30FF18FF7F00441E448A42921F901F
:206BA000C4A3A91622565AFF009BAB92A82F0190A927A9A984FE060006FE421E012944FF23
:206BC00031FF30FF18FF7F00441E0102A61E42921F90A92DA6063B56461E4A060560448A1A
:206BE0004606E41E046F448A4606D41E86FE060002FE421E09024207A98AC41A200082FED9
:206C0000060002FE421E09024207A98AC418DFFF82FE060002FE421E20024207A98AC41A6B
:206C2000006021024207A98AC41A002082FE060004FE447D437C421E20024207A98AC4CCC1
:206C4000E0FF43CAA98820024207A98AC47E21024207A98AC4CCE0FF44CAA988210242077E
:206C6000A98AC47E84FE060004FE421E20024207A98AC4CC001FC7FF439684FE060004FE3F
:206C8000421E21024207A98AC4CC001FC7FF439684FE060004FE437C421E428A4392FC96CB
:206CA00084FE060002FE421E4283AA2B00BE00B6D5CC0010A92720FF0010AB0F026001B65B
:206CC000A793026101BEA69282FE060004FE437C421E09024207A98AC4CC67F943CAA988C4
:206CE00009024207A98AC47E84FE060004FE437C421E09024207A98AC4CCF8FF43CAA988D6
:206D000009024207A98AC47E84FE060002FE421E09024207A98AC41A002082FE060002FEB7
:206D2000421E09024207A98AC41A000882FE060004FE437C421E438808024207A98AC47E4C
:206D400084FE060002FE421E09024207A98A20FF0000C44B026C019A00520261019BA89202
:206D600082FE060004FE437C421E428A4392EC9684FE060004FE437C421E09024207A98A19
:206D8000C4CCFFFE43CAA98809024207A98AC47E84FE060002FE421E01024207A98AC41A1A
:206DA000230082FE060002FE421E0A024207A98AC418FFBF01024207A98AC418FCFF82FED2
:206DC000060002FE421E0A024207A98AC41A00800A024207A98AC41A00600B024207A98A18
:206DE000C41A002082FE060002FE421E0B024207A98AC418FFDF0B024207A98AC41A0020E5
:206E000082FE060002FE421E0A024207A98AC418FFDF0A024207A98AC41A002082FE06003E
:206E200002FE421E0A024207A98AC418FF7F0A024207A98AC41A008082FE060002FE421E44
:206E40000A024207A98AC4CC001FC7FF82FE060002FE421E0B024207A98AC4CC001FC7FF51
:206E600082FE060004FE437C421E420648760F871052FC61438809024207A98AC47E84FEFA
:206E8000060002FE421E428AEC9282FE060002FE421E01024207A98AC418DFFF01024207D7
:206EA000A98AC41A200082FE060006FE421E42C431FFA6070319461E0002441E4606440F51
:206EC000076901024407441E4606440FFB6686FE060014FE48A046A8441E48762C884B966B
:206EE0004E2B4F2B00024A1E44064876F3861402487646870102421E16024876E4884C2BF7
:206F000057924C544069066F4F0A20FFF40148764687440648760F87105204694F92C8526A
:206F2000F4684F92C75205694F2B019AEFFFA3004F2B066F4F0A20FFF401487646874406B6
:206F400048760F87105204604F92C852F4684F92C75205694F2B019AEFFF8D004F2B4C8082
:206F6000A7064607A71E09024407A98AC792C4964C0A57924C54CE66066F4F0A20FFF40121
:206F800048764687440648760F87005204614F92C852F4684F92C75204694F2B019A6A6F65
:206FA0004F2B066F4F0A20FFF40148764687448AE446046D4F92C852F6684F92C7520469C1
:206FC0004F2B019A576F4F2B44064876E5861402487646870002421E16024876E48820FF85
:206FE000000C48767C854A1E1C6F20FF000C48767C85521E4A0F04664A065203086F4A064A
:20700000AB28FFFFAA28FFFF5203AB07541E590E4876EE88540F0566BF56500150922A6F0C
:207020004406487619870052E1614D2B58924D541F69066F4E0A20FFF401487646874406D3
:2070400048761987005204604E92C852F4684E92C75204694E2B019A0D6F448A4D58FC92CF
:20706000488AFF9094964D0A58924D54E966502B509294FE060004FE421E487632874396AD
:207080004344036C009A0E6F4343036C029A0A6F4342036C019A066F4345036C039A026FD0
:2070A000009A84FE060002FE068F0906A9A8487667B900D40302487613B90002421E030211
:2070C000487628B800D403024876C0B703D403024876A4B8068F0904A9A8487667B900023B
:2070E000421E0202487628B8020201D44876C0B703D402024876A4B80102421E1602487652
:2071000028B8088F000CA9A8487667B901D416024876C0B70002421E16024876CD8582FE91
:20712000060006FE20FF00724876C486A9284078A8287D0107BE008F0096421E44A820FF80
:20714000007246C24876F7B320FF00724876D28620FF00724876018720FF00724876BB863F
:2071600086FE060002FE421E4876B58582FE060006FE457D44A8421E4876A38846964593F8
:20718000448A4876B68886FE060004FE4497439642A84388440EA60F0661C4920460BF56F3
:2071A000C4011F6F4388440EA60F0761C49201520460BF56C402156F4388440EA60F07609D
:2071C000C49202520460BF56C4030B6F4388440EA60F0760C49203520460C42B019A026F08
:2071E000009A84FE060004FE441E4806421E44064876CD85019A84FE060004FE421E00027A
:20720000441E018FA086ACA86556420044A9440684FE060002FE4196035641084193D7FF23
:20722000A9CBA89282FE060003E2BD0403E2BD0514FE03E2440090E503E2460003E24800C5
:2072400002E80102AFE2440050E800284876DEC503E24A0002E8E12CAFE24A020AE80100B5
:2072600051E8801E20E789004876DEC5B1E8801E007703E246004B2B31BE013B4B85A60F47
:207280006067013B03564B02008F82AC0156A400AFE24601AFE2C40094E6010014AD4D6473
:2072A0004B92008F82AC019C0356A9020156A400AFE2C40094E6010014AD3F6203564B02C0
:2072C000008F80AC0156A400C4064E1E4B92019C008F80AC0356A9020156A400C406501E56
:2072E00003564B02008F82AC0156A400C406521E4B92019C008F82AC0356A9020156A400C0
:20730000C406541EAFE24603AFE25202AFE24E04AFE2500524E352D029E3545920E70900B7
:2073200000E798004876DEC5AFE24E0110E74000007703E24800076F4B0A4B85A60FA36857
:2073400002E8F81B94FEAFE2BE05AFE2BE04060003E2BD0403E2BD050EFE03E2440090E5FA
:2073600003E2460003E2480002E80102AFE2440050E800284876DEC503E24A0002E8D02C1D
:20738000AFE24A010DE8008094E6010014AD046502E8F81B656F02E8E12CAFE24A00AFE2C3
:2073A0004A020AE8010051E8801E20E789004876DEC5B1E8801E007703E2460002E8E130F2
:2073C0000AE801004876DEC503E24C00AFE800E0AFE24C01AFE809E0007700E7080002E803
:2073E00001004876DEC5CFE60500AFE24C01AFE24C02AFE24C00AFE809E0AFE800E0AFE849
:2074000012E000E7080002E8010200E34C844876DEC5AFE821E0007720E74901007710E7BC
:207420004000007703E24E0002E8980AAFE24E010FE870CA10E7090002E8B02B0FE8000009
:207440004876DEC503E2480002E8401CAFE248010CE8989920E70800007703E248008EFE1A
:20746000AFE2BE05AFE2BE04060004FE088F011EA9A8487667B9088F011CA9A8487667B995
:20748000068F060CA9A8487667B9068F0214A9A8487667B9048F0080A9A848760E9D048FDC
:2074A00000A0A9A848760E9DA92800E1A828F505038F90D0448F0080421E44A8A9A014D434
:2074C0004876219DA92800E1A828F505038F90D0448F00A0421E44A814D4A9A04876219D56
:2074E000048F0080A9A848761685048F00A0A9A848761685008F50C3448F008042A8A9A0CA
:2075000048761D85008F50C3448F00A042A8A9A048761D854876BD8A84FE060010FE4E7DFD
:207520004D7C4C1E4E924F96559250964D0E421E5406441E5806461E5A06481EBF56490821
:207540004F5C505D4C064876C59D90FE060010FE4F7D46A8441E502B509208521367468AA2
:2075600003565003A92DC4A3D406AD5C50588EDCA45C5B56AB92FF909496500A50920852F0
:20758000EF68AD5C5406421E8EDC4F5D4406A45C48767D9E90FE060002FE0E02048F0080E1
:2075A000421EA9A8487626850E02048F00A0421EA9A848762685448F008001D4A9A0487625
:2075C0003F85448F00A001D4A9A048763F8582FE060002FE2BFF0139487667B9010200D435
:2075E00000D5421EF4024876A08BA928000AA828C801487667B9010200D400D5421EF50222
:207600004876A08B82FE060002FE000201D400D5421E1C024876A08B000201D400D5421EDC
:207620000D024876A08B000201D400D5421E0C024876A08B000201D400D5421E0B02487678
:20764000A08B000201D400D5421E21024876A08B000201D400D5421E10024876A08B0002DE
:2076600001D400D5421E11024876A08B000201D400D5421E19024876A08B0002421E01D4BD
:2076800000D51D024876A08B000201D400D5421E1B024876A08B000201D400D5421E1C02D1
:2076A0004876A08B000201D400D5421E39024876A08B000201D400D5421E3A024876A08B80
:2076C000000201D400D5421E17024876A08B000201D400D5421E28024876A08B000201D4A6
:2076E00000D5421E0F024876A08B0002421E01D400D522024876A08B000201D400D5421E36
:2077000005024876A08B000201D400D5421E3B024876A08B000201D400D5421E2702487654
:20772000A08B000201D400D5421E09024876A08B000201D400D5421E0E024876A08B000217
:2077400001D400D5421E04024876A08B000201D400D5421E07024876A08B82FE060006FEA8
:20776000467D457C441E465C48763FB9455C44064876C0B74A06421E4406487628B886FE8F
:20778000060004FE068F0602A9A8487667B90102421E487628B801D401024876C0B703D430
:2077A00001024876A4B8068F0600A9A8487667B90102421E0002487628B801D4000248764A
:2077C000C0B703D400024876A4B820FF00734876F285A92800E1A828F505018FA086421EE6
:2077E00044A820FF007301D448766CC1408F007300D4A9A04876678674D4A9A048763B8631
:20780000008F0006A9A04876578600D4A9A04876AB8620FF00734876FB850302421E20FF8F
:207820000073487658C200D402D520FF00734876098620FF00734876E98584FE060006FE29
:20784000452B20FF007401D400D548763CC0408F007402D4A9A04876188404D4A9A0487626
:20786000788420FF00744876848420FF88134876468720FF00744876AA8402D420FF007486
:2078800007D54876978400D420FF00744876B584452B45920852226607520C601402BF56BC
:2078A0004108441E02D5455C20FF0074487624840B6F45881402417E02D5441E455C20FF97
:2078C000007448762484455C20FF007400D548765484450A45920852E06920FF007400D4FF
:2078E00007D54876DD84408F007400D4A9A048768D8400D4A9A04876F98400D420FF00749F
:207900004876C78486FE060008FE477C441E02E8F065C4E247010DE800E100E7080002E8CD
:20792000D1234876DEC54876B7C9A9A90119461E421E44064876758500D44406487682859F
:20794000440648766A85440648765F8544064876538588FE060006FE467D457C441E00D41A
:20796000450E48763FB90002421E450E487628B84406487667B900D4450E4876C0B701D452
:20798000450E4876A4B84692459348768F85495C450E4876FDB7049B499248769C8549925A
:2079A0004876AC8586FE060008FE477D46A8441E0102421E16024876E48844064876F3860E
:2079C000482B479248541069440648760F871052FC66468A48584406945C48762387480A80
:2079E00047924854F266440648760F870052FC6088FE060002FE421E4876438682FE060075
:207A000002FE421E48769386A90E82FE060002FE421E4876FB8582FE060004FE437C421EAD
:207A20004876578684FE060004FE437C421E48763B8684FE060004FE437C421E4876A386F3
:207A400084FE060004FE437C421E4876898684FE060002FE421E4876778682FE060002FE87
:207A6000421E48762586A90E82FE060002FE421E4876808682FE060002FE421E4876308682
:207A800082FE060004FE421E428AD49243964341036D4340036C019A026F009A84FE0600DF
:207AA000A9F5057220902052056020FF007248763887060002FE421E4876318582FE0600BC
:207AC0000AFE4AA048A8461E4E06421E5006441E488A4A834606487660A08AFE060002FEBD
:207AE000421E4876378582FE060006FE457C441E450E421E44064876979D86FE060002FE86
:207B0000421E465C4876498582FE060002FE41964876108582FE060002FE421E48767C8582
:207B200082FE06000AFEA928AB34A828EF1200BE008F0004421E01D5BF56430246C248A85D
:207B40008476008019D4A60648767F8A048F0080A9A84876386E048F0080A9A848764E6EA5
:207B6000048F00A0A9A84876386E048F00A0A9A848764E6E048F0080A9A84876CAAB048FF5
:207B800000A0A9A84876CAAB0102048F0080421EA9A848760DAC0102048F00A0421EA9A89C
:207BA00048760DACA928AB34A828EF1200BE008F0004421EBF56430201D546C248A88476FA
:207BC000008019D4A60648767F8A408F0001008F000F01028476008042A0432B00D546A8C7
:207BE00017D4481EA60648767F8A408F0001008F000F01028476008042A0432B00D546A8C3
:207C000018D4481EA60648767F8A408F0001008F000F01028476008042A0432B00D546A8A1
:207C20001BD4481EA60648767F8A408F0001008F000F01028476008042A0432B00D546A87E
:207C40001AD4481EA60648767F8A008F810684760080408F000642A8BF564302008F010420
:207C6000A60646A000D548A805D448767F8A408F0001008F000F01028476008042A0432BD2
:207C800000D546A81CD4481EA60648767F8A1F02008F010100BE408F0004421E44A8048F36
:207CA0000080A9A846C200D448A002D5BF5649084876C59D8AFE060004FE437C421E438858
:207CC0000D024207A98AC47E84FE060004FE437C421E4358428A949284FE0600009A087601
:207CE0003029BE93A840036C019B026F009B00530261019A060006FE44A8421EA80E30FF4F
:207D000018FF0D00461E2276468A4406C41E1A7686FE06002276289AA9F4297027F6007709
:207D2000009AA9F4297027F600771A76006F02FE058F80D3C406A9180F010091421EA9BF05
:207D40000200008F0020A91800200091A40F0360421A0100A9BF0200008F0010A9180010B3
:207D60000091A40F0360421A0200420682FE060002FE421E058F7ED3C41E82FE060002FE83
:207D80004196227601520960A9F52270A9CCFEFF0250A9F42270076FA9F52270A918FCFF33
:207DA000A9F422701A7682FE06002276A9F52970A9CCBFFF2850A9F4297027F600771A76AA
:207DC00069FF06002276559AA9F42570AA9AA9F425701A76060002FE4196285042962276B1
:207DE000A9F52970A9CCFFF042CAA9F4297027F600771A7669FF82FE060002FE4196285045
:207E000042962276A9F52970A9CCF8FF42CAA9F4297027F600771A7669FF82FE060002FEFB
:207E2000421E428AC418BEFF82FE060002FE421E88024207A98AC40682FE060004FE421EDF
:207E4000432B428AE4CCFF7F43962050E49604024207A98AC418EFFF84FE060002FE421EC3
:207E6000428A4606D41E82FE060002FE421E428AC40682FE060002FE4196A9087070A95C89
:207E8000C41A010082FE060006FE421E012944FF31FF30FF18FF7F00441E0102A61E4292BA
:207EA0001F90A92DA6063B56461E4A060560448A4606E41E046F448A4606D41E86FE0600C2
:207EC00004FE421E012944FF31FF30FF18FF7F00441E0102448AA61E42921F90A92DA606E2
:207EE0003B56F41E84FE060006FE421E42C431FFA6070319461E0002441E4606440F07691D
:207F000001024407441E4606440FFB6686FE060004FE439642A81F76A002AFE21A00AFE2EF
:207F20002A0150E800D290E809B24876DEC51F76A00203E22E00AFE22A00AFE21A02D0E80E
:207F400001B250E810D24876DEC51F76A00203E23000AFE22C00AFE21C0290E801B250E8D8
:207F600010D24876DEC51F76A00203E23200AFE22C00AFE21C02D0E801B250E810D24876C1
:207F8000DEC51F76A00203E23400439201521B602EC4DA024207A98AC4C230C4DC02420760
:207FA000A98AC4C222C4D4024207A98AC4C226C4D6024207A98AC4C21EC4D2024207A98A54
:207FC000C4C21C6F02521A6032C4DA024207A98AC4C234C4DC024207A98AC4C224C4D40258
:207FE0004207A98AC4C228C4D6024207A98AC4C220C4D2024207A98AC4C284FE060004FE75
:2080000000020119421E20FF000C48761F8F48761CBA4876888E1F76A0023C1E4876A98E5F
:208020004876A5B50002421E1702487628B801D417024876C0B717024876518F008F80AA7C
:20804000E5F6842B008F80ABE5F6842B008F00AA59F6842B008F00A927F6842B008F40A99F
:2080600027F6842B4876B28B487607BF412BE3D406D5A9280006A828C60148769C8CBF564E
:208080004101ECD404D52BFFC33848769C8C4876268A4876838D4876BD8A048F0080A9A855
:2080A0004876008F048F00A0A9A84876008F487613BE487650BE48765F8E102920290AD43C
:2080C00020FF080C69FF4876758C4876108CA9280509649B088F49B148766C8EA9280709E4
:2080E000669B088F77B248766C8E4D8F0000088F1396A9A048766C8E638F0401088F26B383
:20810000A9A048766C8E648F0501088F57B3A9A048766C8EA9280509649B48766EBE20FFDC
:20812000204E4876658FA9280709669B48766EBE20FF204E4876658F0D8F0000A9A8487669
:208140006EBE20FF204E4876658F238F0401A9A848766EBE20FF204E4876658F248F0501CA
:20816000A9A848766EBE20FF204E4876658F009A48762C8F20FF204E4876658F019A4876DA
:208180002C8F20FF204E4876658F4876DA8A48765F8E4876BD59008F00A948766374008FE8
:2081A0000AA948768974008F40A948766374008F4AA948768974008F80AA4876F959008FAF
:2081C00080AB4876F9591F76A802312B302B1F76A9020C2B0A2B0D2B0B2B102B112B0F2BA3
:2081E0001F76A8023D2B1F76A902142B1F76A8023A2B019A00D400D5009B48765158029AD3
:2082000000D400D5009B4876515890E51F76A30203E2060003E2080003E20A000002421EDB
:208220001D024876358F1F76A0020428FFFFBF56410104D401D520FFD20B48762CC520FF6D
:2082400010274876658F05D401D5BF56410120FFD20B48762CC520FF10274876658F058FE8
:2082600000F8A9A84076DF8007F6007720FF080C69FF48760F8F009A4876B08EA9280003CB
:208280004876DC8E079A4876EE8E4876C68E008F0C4044A84406018F0000421EA9A84876B9
:2082A000B4A40052036048767B8E1F76A0020C920152E0FFD4010D920152E0FFD00190E5F7
:2082C0001F76A30203E2060003E2080003E20A00008FC0A8408F04A8149A4876D0C21F7698
:2082E000A00204CC0C00008FA4A8408F9EA8C1FF4876098020FFB80B4876658F029A149B2A
:20830000008F8AA8408F05A8487660C41F76A00205CCC000C5FF0C611F76A2021F0A1F9232
:208320000A521868BF561F0BBF562501136F1F76AB02AFE228001F76A202AFE2120120E786
:2083400008001F76AB0203E226001F76A202252B1F2B039A008F94A8408F06A8149B4876A3
:2083600060C41F76A00206CCC000C5FF0C611F76A202200A20920A521868BF56200BBF5699
:208380002601136F1F76AF02AFE228001F76A202AFE21C0120E708001F76AF0203E22600EE
:2083A0001F76A202262B202B1F76B0022F92025217601F76AC0230920152E0FF9E0020FF21
:2083C000D20B412B04D401D548762CC51F76AC02302B20FFB80B4876658FEFFF8E0020FF2A
:2083E000D20BBF56410104D401D548762CC51F76AC02BF56300120FFB80B4876658F049A31
:20840000149B008F1AA8408F07A84876D7C41F76A002008FA7A8408FA1A807924876098078
:2084200020FFB80B4876658F049A149B008F1EA8408F07A84876E8C41F76A002008FA7A809
:20844000408FA1A807924876098020FFB80B4876658F049A149B008F22A8408F07A84876AE
:20846000F9C41F76A002008FA7A8408FA1A807924876098020FFB80B4876658F049A149B51
:20848000008F26A8408F07A848760AC51F76A002008FA7A8408FA1A807924876098020FF48
:2084A000B80B4876658F049A149B008F2AA8408F07A848761BC51F76A002008FA7A8408F99
:2084C000A1A807924876098020FFB80B4876658F1F76A00207920C611F76A202210A21928B
:2084E0000A520A68BF56210BBF562701056F1F76A202272B212B1F76AC022F920252176016
:208500001F76B00230920152E0FF9E0020FFD20B412B05D401D548762CC51F76B002302B1A
:2085200020FFB80B4876658FEFFF8E0020FFD20BBF56410105D401D548762CC51F76B00233
:20854000BF56300120FFB80B4876658F059A149B008F1CA8408F08A84876D7C41F76A00291
:20856000008FA8A8408FA2A808924876098020FFB80B4876658F059A149B008F20A8408F1A
:2085800008A84876E8C41F76A002008FA8A8408FA2A808924876098020FFB80B4876658F1D
:2085A000059A149B008F22A8408F08A84876F9C41F76A002008FA8A8408FA2A80892487693
:2085C000098020FFB80B4876658F059A149B008F26A8408F08A848760AC51F76A002008F01
:2085E000A8A8408FA2A808924876098020FFB80B4876658F059A149B008F2CA8408F08A86D
:2086000048761BC51F76A002008FA8A8408FA2A808924876098020FFB80B4876658F1F7683
:20862000A00208920C611F76A202220A22920A520A68BF56220BBF562801056F1F76A2027D
:20864000282B222B1F76AD020B9205600C920360487622931F76A0020C2B4876D38EEFFF45
:208660001BFE06FE048F0080A9A84876FB950052E1FF3D01008F00AA48767964048F0080D4
:20868000A9A84876FB950052E1FF3101008F00AA4876C564048F0080A9A84876FB950052B3
:2086A000E1FF2501008F00AA48761165048F0080A9A84876FB950052E1FF1901008FC0A852
:2086C000408F00AA4876A965048F0080A9A84876FB950052E1FF0B01008F8AA8009A48764C
:2086E0000D66048F0080A9A84876FB950052E1FFFE00008F94A8019A48760D66048F00807B
:20870000A9A84876FB950052E1FFF100008F8AA8408F94A848764C66048F0080A9A8487639
:20872000FB950052E1FFE300008F80AA408F80AB48768B66048F0080A9A84876FB9500522E
:20874000E1FFD5001F76A002AFE21A00AFE21C0148762B67048F0080A9A84876FB95005280
:20876000E1FFC500008F80AA408F80AB4876DB66048F0080A9A84876FB950052E1FFB70007
:20878000008F00AA42A8408F80AB008F80AA4876BD63048F0080A9A84876FB950052E1FF41
:2087A000A6001F76AB02AFE23E001F76AF02AFE23E0148762068048F0080A9A84876FB95F4
:2087C0000052E1FF94001F76A00209920A9348765064048F0080A9A84876FB950052E1FF0E
:2087E0008600008F00AA42A8408F80AB008F80AA4876A16B048F0080A9A84876FB9500524F
:2088000075611F76AB0238921F76AF0238934876AA67048F0080A9A84876FB9500526661CB
:20882000008F80AA408F80AB4876356B048F0080A9A84876FB950052596148765368048F5D
:208840000080A9A84876FB9500525061807606A8408F07A8008F08A842C244A046A8408FF0
:2088600005A8008F04A848766C6A048F0080A9A84876FB9500523A61008F84A84876CC6A2E
:20888000048F0080A9A84876FB9500522F611F76A002008F70AD0B9248767C6B048F00800C
:2088A000A9A84876FB9500522161008F80AA408F80AB4876206D048F0080A9A84876FB9595
:2088C000005214611F76AA0228A32A064876B36D048F0080A9A84876FB95005207611F76B6
:2088E000AE0228A32A064876D26D86FE060002FE048F0080A9A84876FB950052E1FF47011A
:20890000008F80AA408F40A8019A4876F160048F0080A9A84876FB950052E1FF3801008F91
:2089200080AB408F44A8029A4876F160048F0080A9A84876FB950052E1FF2901008F80AADF
:20894000408F48A8019A4876F05C048F0080A9A84876FB950052E1FF1A01008F80AB408F2B
:208960004CA8029A4876F05C048F0080A9A84876FB950052E1FF0B01008F80AA408F58A8E5
:20898000019A4876EA5E048F0080A9A84876FB950052E1FFFC00008F80AB408F5CA8029A2D
:2089A0004876EA5E048F0080A9A84876FB950052E1FFED00008F80AA408F60A8019A4876F7
:2089C0006C5F048F0080A9A84876FB950052E1FFDE00008F80AB408F64A8029A48766C5F50
:2089E000048F0080A9A84876FB950052E1FFCF00008F80AA408F68A8019A4876C95F048F18
:208A00000080A9A84876FB950052E1FFC000008F80AB408F6CA8029A4876C95F048F008013
:208A2000A9A84876FB950052E1FFB100008F80AA408F70A8019A48762360048F0080A9A8D4
:208A40004876FB950052E1FFA200008F80AB408F74A8029A48762360048F0080A9A8487650
:208A6000FB950052E1FF9300008F80AA408F78A8019A48768860048F0080A9A84876FB9506
:208A80000052E1FF8400008F80AB408F7CA8029A48768860048F0080A9A84876FB9500522D
:208AA0007561008F50A842A8408F80AB019A008F80AA4876385E048F0080A9A84876FB951B
:208AC00000526461008F54A842A8408F80AA029A008F80AB4876385E048F0080A9A8487645
:208AE000FB9500525361008F80AA019A4876AA5D048F0080A9A84876FB9500524761008F8C
:208B000080AB029A4876AA5D048F0080A9A84876FB9500523B61008F80AA019A4876AB610B
:208B2000048F0080A9A84876FB9500522F61008F80AB029A4876AB61048F0080A9A848765F
:208B4000FB9500522361008F80AA019A4876FA5D048F0080A9A84876FB9500521761008F3B
:208B600080AB029A4876FA5D048F0080A9A84876FB9500520B611F76A002008F00AAAFE2A8
:208B80001E00AFE2200148760D6E82FE060008FE20FF007400D448764D8E20FFE803487678
:208BA000658F472B008FAAA846A8472B479208522467475C20FF000B4876578EA90EA9BDC3
:208BC000160F00770077007702E8702A8BE609000AE8000000E7400002E8F92B0FE801806E
:208BE0004876DEC5468A03E2C40002024607461E470A47920852DE68408F00AA008FAAA8C2
:208C000042A044A8408F80AB008F80AA4876015988FE060004FE421E0502441E0C6F44069F
:208C2000A98A81DC44A80360009A0B6F20FFE8034876658F42064876078F58FFF160019AA6
:208C400084FE06001B76F0FF0500BDABBDA8BDA0BDC2BDC300E2BD0003E2BD0003E2BD01FA
:208C600003E2BD0203E2BD0330E6000608FE69FF4229165610291F76A002180A0F920852BD
:208C800013601F76A4021CCCFCFF01501C961F76AC02BF563A01448F0080008F1CA969FF9E
:208CA000A9A04876306F1F76A0021092085213601F76A5021CCCFCFF01501C961F76B002FF
:208CC000BF563A01448F00A0008F5CA969FFA9A04876306F008F6EAD1F76A002408F6CAD66
:208CE000A9A869FF190D008F70AD421EA9A0190DA9834876D7561F76B502309203603192CF
:208D000007614876B28B1F76A002192B046F1F76A002190A1992025233601F76B5022C8816
:208D20002D0EA60F26601F76B5022E882F0EA60F20601F76B5022C921C611F76B5022E92B6
:208D400018611F76A00209961F76B5022C921F76A0020A96008F00AA42A8408F80AB09932A
:208D6000008F80AA4876EC561F76A0020B96076F1F76A002092B0A2BBF560B01192B18923D
:208D8000059BC800ADCA0052E0FF5E010F920652E0FF99001F76AC0201E861EEAFE20C00DB
:208DA0000EE869664876DEC58EE600001F76A40213E218001F76AC02AFE20E0012E8401E97
:208DC00014AD2F631F76A4021918FF7F1F76AA02AFE22000A0E514AD09631F76A40219CC92
:208DE0000080A91AA00F1996366F1F76AC0201E861EEAFE20E00D0E800F20EE869664876E6
:208E0000DEC58EE6000000771F76A402A9BF120FA993A818FF7F19CC0080A9CB19971B6F73
:208E20001F76A402191A008001E861EE90E800F20EE869664876DEC58EE6000000771F76FC
:208E4000A402A9BF120FA993A818FF7F19CC0080A9CB19971BCCFCFF01501B961BCDE3FF32
:208E60001F76AC02049207901F76A40281FFA8CA1B961B18DFFF1F76AD02AFE21E008EE62C
:208E8000000000771F76A402A9BF120F0356A9061B933F91A8CA1B961F76AC0202E8D123CD
:208EA000AFE21A004876DEC58EE600001F76A40213E21A00448F0080008F18A9A9A048763E
:208EC000246F1F76A00210920652E0FF99001F76B00201E861EEAFE20C000EE869664876B7
:208EE000DEC58EE600001F76A50213E218001F76B002AFE20E0012E8401E14AD2F631F76EC
:208F0000A5021918FF7F1F76AE02AFE22000A0E514AD09631F76A50219CC0080A91AA00F40
:208F20001996366F1F76B00201E861EEAFE20E00D0E800F20EE869664876DEC58EE600007B
:208F400000771F76A502A9BF120FA993A818FF7F19CC0080A9CB19971B6F1F76A502191AD9
:208F6000008001E861EE90E800F20EE869664876DEC58EE6000000771F76A502A9BF120FF9
:208F8000A993A818FF7F19CC0080A9CB19971F76B00202E8D123AFE21A004876DEC58EE629
:208FA00000001F76A50213E21A001BCCFCFF01501B961BCDE3FF1F76B002049207901F76AF
:208FC000A50281FFA8CA1B961B18DFFF1F76B102AFE21E008EE6000000771F76A502A9BFB0
:208FE000120F0356A9061B933F91A8CA1B96448F00A0008F58A9A9A04876246F008F80AA51
:20900000019A4876798F029A008F80AB4876798F408F00A9008F80A8019A42A044A8408F6C
:209020000FA8008F80AA48765A78408F40A9008F80A8029A42A044A8408F10A8008F80AB16
:2090400048765A781F76A002199B1892C800ADCA0052E0FFDA0320FF000C4876268F361EAC
:2090600017024876518F4876418D1F76A20224920152096025920152066026920152036024
:2090800048768288019A4876EF58029A4876EF58008F00AA408FC0A84876B857008F80AAD1
:2090A000408F8AA848768256008F80AB408F94A8487682561F76A002008F80AAAFE21A0023
:2090C0004876CC561F76A002008F80ABAFE21C004876CC564876B895008F80AA408F00AEF1
:2090E0004876E555008F80AB408F80AD4876E55580760FA8408F00A9008F11A842C244A075
:2091000046A8408F80A9008F80AA487641504796807610A8408F40A9008F12A842C244A0ED
:20912000408FC0A946A8008F80AB487641504896008F00AA487659791F76A0020B921A600B
:209140001F76A8023D2B408F80AB1F76A002008FA3A804CC0C0042A01F76A30244A8C1FFB9
:20916000AFE20600408F80AA008F00AA4876D381046F1F76A8023D0A1F76A8023D92645257
:2091800006693D2B1F76A902BF561301408F35AB008F4CAB42A044A8408F4BAB008F34AB59
:2091A00048760A831F76AD02008F00AA0B920C93487689831F76A2022492008F00AA1F7624
:2091C000AB02AFE216001F76AF02AFE216014876CB831F76A902009B0F9210CA0052026136
:2091E000019B0397408F80A8008F00AA42A0019A44A8408F0FA8008F80AA48766C77408FF1
:2092000080A8008F00AA029A42A044A8408F10A8008F80AB48766C77408F80AA008F80A8F1
:20922000019A42A044A8408F00AA008FC0A848760B78408F80AB008F80A8029A42A044A8F9
:20924000408F00AA008FC0A848760B78008F80AA4876B074008F80AB4876B074008F80A86F
:20926000019A408F0FA842A8008F80AA4876F874008F80A842A8408F10A8029A008F80AB82
:209280004876F874008F80A8408F00AA42A8008FC0A848766075008F80A8408F0FA842A8D9
:2092A000008F80AA48769A75008F80A8408F10A842A8008F80AB48769A75008F80A8487604
:2092C0008076008F80A8408F0FA842A8008F80AA4876D876008F80A8408F10A842A8008FF5
:2092E00080AB4876D8761F76AA021B9218601F76AE021B9214601F76A20200180000011801
:2093000000FF02180000031800001F76AD02202B1F76B102202B1F76A8023C2B1F76A90211
:2093200003927260109270600F926E601F76A0020B923A60008F80AA48765C7A008F80AB70
:2093400048765C7A1F76A8023D2B008F80AA487643831F76A202008F80AA408F04AB25926E
:209360002793487658831F76AD02009B0F920ECA00520261019B0697008F80AB4876438316
:209380001F76A202008F80AB408F04AC26922893487658831F76B102009B0F920ECA0052A1
:2093A0000261019B06971F76AA021B9210601F76AE021B920C601F76A0020E0A0E920C5208
:2093C0000A600E2B1F76A8023B2B056F1F76A802BF563B01008F80A91F76A00242A8408F99
:2093E00080AB0B92008F80AA487621801F76A002008FC0A9408F80AA42A80B92008F80AB24
:2094000048762180146F1F76A8023B2B1F76AA021B9205611F76AC02BF563B011F76AE0298
:209420001B9205611F76B002BF563B011F76A902119201521960009A48765E59A928404B67
:209440004C9B4876658F1F76A902112B0002421E11024876E4880002421E39024876E48891
:209460001F76A002032B1F76A0020392285213601F76A9020A92015206610102421E1102C2
:209480004876E4880102421E39024876E4881F76A002032B030A008F00AA42A8408F80AB4B
:2094A000008F80AA4876F5791F76AC022F9202520860008F80AA408F80AB48763D5B156F7A
:2094C0001F76B0022F9202520860008F80AB408F80AA48763D5B096F008F80AA4876145C60
:2094E000008F80AB4876145C1F76AA021C92035206611F76AE021C9203520B60019A4876CD
:20950000025B019A4876F05A019A48760B5B0A6F009A4876025B009A4876F05A009A487664
:209520000B5B1F76AA021B9254611F76AE021B9250611F76A8023C9201520761339201529F
:2095400004613292015245601F76AC022F9202521E601F76B0022C9200BE0152026001BEDD
:209560002D93009A01530260019AA6CA2E9300BE0153026001BEA6CA05611F76A902BF56B1
:2095800019011F76B0022C2B2D2B2E2B1F76B0022F9202521E601F76AC022C9200BE015276
:2095A000026001BE2D93009A01530260019AA6CA2E9300BE0153026001BEA6CA05611F7610
:2095C000A902BF5619011F76AC022C2B2D2B2E2B1F76AA021B9201520D691F76AE021B92BD
:2095E000015208691F76A8023C2B1F76A902BF5619021F76A90206920560019A4876F95AA8
:20960000046F009A4876F95A008F00AA42A8408F80AB008F80AA4876D3781F76AD02239254
:2096200001520A601F76AA02BF561C04008F80AA4876767E0E6F1F76B10223920152096056
:209640001F76AE02BF561C04008F80AB4876767E1F76B1023F920A6190E51F76AC0203E203
:2096600024001F76B00203E22400807600AA408F11A8008F0FA842C244A046A8408F80AB38
:20968000008F80AA4876C362807600AA408F12A8008F10A842C244A046A8408F80AA008F60
:2096A00080AB4876C362008F00AA487679641F76A8023B9248765E591F76A8023C9248767C
:2096C000B4591F76AC02019A3A934876E45A1F76B002029A3A934876E45A1F76AC02019A4C
:2096E0002D5C2E5D2C93487651581F76B002029A2D5C2E5D2C9348765158408F00AA008F0B
:209700009EA842A044A8408F80AB008F80AA48767568019A008F80AA4876CC581F76AC026E
:20972000019A20934876975A008F00A9019A408F0FA842A8008F80AA4876B454029A008F3F
:2097400080AB4876CC581F76B002029A20934876975A008F40A9029A408F10A842A8008FA3
:2097600080AB4876B4541F76A0020F920852046111920B520C601F76AA021C92015203614F
:20978000025205601F76AC02BF561F011F76A00210920852046112920B520C601F76AE024E
:2097A0001C9201520361025205601F76B002BF561F011F76AC02408F10A8008F40A93B9200
:2097C00042A01F76B00244A83B93408F00A9008F0FA84876145B008F80A84876F16D1F7653
:2097E000A8023D921F76AC02419601921F76B1023B5C1F76B1023C5D1F76B00201934876EA
:20980000816D487668941F76A002649B1892C800ADCA00521F601F76AB0202E88107C4E256
:209820003C004876DEC51F76AB0203E23E003C2B1F76AF0202E88107C4E23C004876DEC5C4
:209840001F76AF0203E23E003C2B1F76A002BF560C01A928E80318540360BF560D01103BE6
:2098600088FEAFE2BE03AFE2BE02AFE2BE01AFE2BE0080E2BE00BEC5BEC4BE83BE8ABE872D
:209880000300303BF1FF177602761B76F0FF0500BDABBDA8BDA0BDC2BDC300E2BD0003E233
:2098A000BD0003E2BD0103E2BD0203E2BD0330E600060CFE69FF4229165600024C1E4A2BB9
:2098C000492B008F2A0600BE00D542A81DD4432B46C284760080481EA60648767F8A048F8B
:2098E00000801DBEA9A8AD5C08D542C28CDCA45C4876988A009A4876B08E8CFEAFE2BE0318
:20990000AFE2BE02AFE2BE01AFE2BE0080E2BE00BEC5BEC4BE83BE8ABE870300303BF1FF06
:209920001776027608FE441E42A8481E0002461E4C06460F106946064207A98A4883C492FB
:20994000C53C01024807481E01024607461E4C06460FF26688FE060008FE441E42A8481E57
:209960000002461E4C06460F17690129460640FF4207A98A46920190C493488A82FFA92D40
:2099800063FFC43D01024807481E01024607461E4C06460FEC6688FE060008FE441E42A821
:2099A000481E0002461E4C06460F1B690129460641FF30FF4207A98A4692C4C4039082FFDB
:2099C000A92DA6062256A61E488AA692C43C01024807481E01024607461E4C06460FE8665E
:2099E00088FE060008FE441E42A8481E0002461E4C06460F1169488AC4C6A988460642077A
:209A0000A98AC47E01024807481E01024607461E4C06460FF16688FE060002FE421E400239
:209A20004207A98ABF56C41A40024207A98AC4923F902552FA6082FE060002FE421E428A51
:209A4000C41A011442064876FE9C428AC41A008001024076EC80428AC41A400082FE0600B4
:209A600012FE477C461EBF564B01BF564C02470EAC1E65565800A6A9000256A31FF61756ED
:209A8000A600483F47924B9E4C9E4996C0FF085205664992C0FF4A96036FBF564A0849925C
:209AA0004A9E4C94FF9C4D964A92FF9C4E964A9204520469BF564F03036F4E924F964892EE
:209AC000FF9CC5FF51964892FF9C3F9050964D9241964E9242964F924396515D505C460648
:209AE0004876659D92FE060008FE467D457C421E428AC49247964150C4963F024589441ECB
:209B0000012903564D06009BC0904498439903564B08A918000F00914498439903564C0C56
:209B2000A9180070009144984399462500900F914498439944C40C024207A98AC4C24718E1
:209B4000BFFF428A4792C49688FE060002FE421E008F0080A9A8460F0460428AE492236F6F
:209B600020FF00014207A983C5CC0080A988A9A8A60FF76146A3AB92FF90A92720FF00010B
:209B80004207A98AAA2BAA1A0800C4A9012920FF00014207A983C5CC0080A98820FF00809B
:209BA000A60FF66182FE06000CFE4C7D4B7C421E0002441E461E481E4A1E012920FF000139
:209BC0004207A983C5CC0080A98820FF0080A60FF6610C6F2FFF0040481E0C6F2FFF0040EB
:209BE000481E008F00124AA8056F4C92F4610352F6614B920152146001BE5606009B01902E
:209C0000A60F05605406A818FF1F461E5206A818FF1F48CA47CBA81A00C0481E1B6F01BE03
:209C20005606009B0190A60F09605406AC2812003B560090A818FC1F461E5206AC281200A0
:209C40003B56A818FC1F009047CB48CAA81A0080481E56060090A8180080469845995606F8
:209C60000090A81800404698459956A3AA1800405606AB180000009B0190AACBABCA56A36F
:209C8000AB180000AA180080ABCAAACB58FF03614A1A00104C920361035205600F025789B9
:209CA0004A9849995606A941036D4A1A8000A918000800914A9849995606A9180004009176
:209CC0004A984999431A2000431A1000431A4000431A800046C420FF04014207A98AC4C22C
:209CE00048C420FF08014207A98AC4C24AC420FF0C014207A98AC4C250A3AA2BAB92FF905E
:209D0000A927A9A944CA43CB5AFF20FF00014207A98AC4A98CFE06000AFE497D46A8441EF5
:209D20000002481E4EA3AB92FF90A92720FF00014407A98AAA2BAA1A1000C4A9012920FF31
:209D400000014407A983C5CC0080A98820FF0080A60FF66120FF0C014407A98AC40E481EBC
:209D6000009B0F90421E20FF1001468A44074876839C49920561038F000048A8036F0002EA
:209D8000481E4EA3AB92AA2BFF90A927A9A948CA47CB5AFF20FF00014407A98AAA1A840046
:209DA000C4A98AFE06000AFE497D46A8441E0002481E4EA3AB92FF90A92720FF000144072A
:209DC000A98AAA2BAA1A1000C4A9012920FF00014407A983C5CC0080A98820FF0080A60FE3
:209DE000F66120FF0C014407A98AC40E481E009B0F90421E20FF1001468A440748769D9C4E
:209E000049920561038F000048A8036F0002481E4EA3AB92AA2BFF90A927A9A948CA47CBCD
:209E20005AFF20FF00014407A98AAA1A8400C4A98AFE06000AFE497D46A8441E0002481E62
:209E40004EA3AB92FF90A92720FF00014407A98AAA2BAA1A1000C4A9012920FF000144072C
:209E6000A983C5CC0080A98820FF0080A60FF66120FF0C014407A98AC40E481E009B0F90AD
:209E8000421E20FF1001468A44074876BE9C49920561038F000048A8036F0002481E4EA371
:209EA000AB92AA2BFF90A927A9A948CA47CB5AFF20FF00014407A98AAA1A8400C4A98AFE87
:209EC00006000AFE497D46A8441E0002481E4EA3AB92FF90A92720FF00014407A98AAA2BF6
:209EE000AA1A1000C4A9012920FF00014407A983C5CC0080A98820FF0080A60FF66120FF54
:209F00000C014407A98AC40E481E20FFF0FF48C0A89247C049920F90A90E4898479948C42A
:209F200020FF0C014407A98AC4C24EA3AB92FF90A92720FF00014407A98AAA2BAA1A90009D
:209F4000C4A9012920FF00014407A983C5CC0080A98820FF0080A60FF6614EA3AB92FF9029
:209F6000A92720FF00014407A98AAA2BAA1A1000C4A9012920FF00014407A983C5CC00808B
:209F8000A98820FF0080A60FF66120FF0C014407A98AC40E481E009B0F90421E20FF100139
:209FA000468A44074876839C49920561038F000048A8036F0002481E4EA3AB92AA2BFF907A
:209FC000A927A9A948CA47CB5AFF20FF00014407A98AAA1A8400C4A98AFE060004FE421E9F
:209FE0000002441E48A3AB92FF90A92720FF00014207A98AAA2BAA1A1000C4A9012920FF7B
:20A0000000014207A983C5CC0080A98820FF0080A60FF66120FF0C014207A98AC40E441E01
:20A0200048A3AB92FF90A92720FF00014207A98AAA2BAA1A8400C4A984FE060008FE46A8F7
:20A04000441E482B4CA3AB92FF90A92720FF20014407A98AAA2BAA1A3300C4A9012920FF60
:20A0600020014407A983C5CC0080A98820FF0080A60FF66120FF2C014407A98AC49248965D
:20A0800048CC0080A98820FF0080A60F25600F024889421E20FF3001468A44074876E39C38
:20A0A000BF5647014CA3AB92FF90A92720FF20014407A98AAA2BAA1A0400C4A9012920FFA7
:20A0C00020014407A983C5CC0080A98820FF0080A60FF661026F472B479288FE06000AFEAB
:20A0E00048A046A8441E4E06421E508A440648760FA049964992246120FF28014407A98ADE
:20A10000C406A84E0E6C468ABF56C40120FF28014407A98AC406488AA818FF1FC41E106FBA
:20A12000468AC42B20FF28014407A98AAC281200C406488A0090A818FC1F2256C41E499278
:20A140008AFE060006FE467D457C421E46920461009A809B026F0002A71E4B920461807627
:20A160000040026F00BEA706A6AF7751441E0129459202520460008D2001036F008D0001DD
:20A18000428A94CC0080A98820FF0080A60FF1614AA3AB92AA2BFF90A927A9A944CA43CB70
:20A1A0005AFF459202520460A9282001036FA9280001A95CA9A84207A98AC4A90129459241
:20A1C00002520460008D2001036F008D0001428A94CC0080A98820FF0080A60FF16186FE12
:20A1E000060002FE421E012920FF00014207A983C5CC0080A98820FF0080A60FF66100BE8F
:20A2000020FF08014207A98AC4C246A3AB92FF90A92720FF00014207A98AAA2BAA1AA000BA
:20A22000C4A982FE060002FE421E012920FF00014207A983C5CC0080A98820FF0080A60F76
:20A24000F66100BE20FF08014207A98AC4C246A3AB92FF90A92720FF00014207A98AAA2BC9
:20A26000AA1AA000C4A982FE060004FE421E0102441E2002440F2568012920FF000142072B
:20A28000A983C5CC0080A98820FF0080A60FF66100BE20FF08014207A98AC4C244A3AB9299
:20A2A000FF90A92720FF00014207A98AAA2BAA1AA000C4A901024407441E2002440FDE6793
:20A2C00084FE060004FE41961F9080FF429641CC001FC7FF43962276058F22D3A9A8420D8B
:20A2E000A98A432D01023B56C498CC991A7684FE060020FF0000058F2ED2C440026C019B8D
:20A3000000530261019A06002276058F2ED2C41A02001A76060002FE421E2276428AC4CCF0
:20A32000F0FF0A50C4961A7682FE060002FE421E2276428AC4CCF0FF0550C4961A7682FE62
:20A34000060002FE421E2276428AC4CC0FFFA050C4961A7682FE060002FE421E2276428A71
:20A36000C4CCFF0FA91A00A0C4961A7682FE060002FE421E2276428AC4CC0FFF5050C49610
:20A380001A7682FE060002FE421E2276428AC4CCFF0FA91A0050C4961A7682FE060004FEC0
:20A3A000437C421EA928000A43540A602276428AC4CCFFF0A91A000AC4961A76096F2276F8
:20A3C000428AC4CCFFF0A91A000BC4961A7684FE060002FE421E227614024207A98AC41A8A
:20A3E00001001A7682FE060002FE421E227614024207A98AC41A02001A7682FE060004FEC4
:20A40000437C421E227624024207A98AC4CCF00F43CAA988A61A00A024024207A98AC47ED2
:20A420001A7684FE060004FE437C421E227628024207A98AC4CCF0FF43CAA9882802420775
:20A44000A98AC47E1A7684FE060002FE421E2276468808024207A98AC47E0A024207A98A59
:20A4600046A3AA180F00C4CCF0FFAA980A024207A98AC45748880C024207A98AC47E4A8850
:20A4800010024207A98AC47E12024207A98A4AA3AA180F00C4CCF0FFAA9812024207A98A4D
:20A4A000C4571A7682FE060004FE432B0002421E442B20FFD0074076EC80458F30D220FF1D
:20A4C000FF01C50F0A67058F30D2C4060151C41E20FFFF01C50FFA68058F30D2A928FF03E5
:20A4E000C454146101024207421E268FA025A9A8420F0667439203520960442B076F058F8E
:20A5000030D2A928FF03C454EE60439203520960058F30D2A928FF03C4540360BF5644012F
:20A52000430A0002421E43920452CA68449284FE060008FE421E48766AA100520661A928F8
:20A540008096989B481E516F058F08D2C406009B0390461E460604610202460F0660A92881
:20A560008096989B481E036F4206481E058F0ED203BEC406009B0390A60F2560058F14D22B
:20A580000129C406A9180003009147FFAC1E4456420041FF441EC406009B7F90AC1E6556EB
:20A5A000480048A944064807481EC4060791A80E0109441E4406076148A300021FF61756BE
:20A5C000440048A9058F22D2C406009B3F9058FF0C61C406009B3F9030FFA61E48A30002B2
:20A5E0001FF61756A60048A9480688FE060012FE441E0002481E512B48766AA10052046192
:20A60000512BEFFFAE004406009003914A1E487609A42276058F0ED2C418FDFF1A760B0260
:20A620004076EC804406009B7F90461E01294406A918006000914CFF37FF46984599AC2869
:20A64000140044060090709122563FFF46984599058F14D2C406009B7F904E1EC406A918B4
:20A66000000300914E984D99C406009007914E984D9946064E0F42614406AB2BAA280080FE
:20A680000090A8180080AB0F36602276058F22D2C42B1A762276058F0ED2C418FEFF0B0209
:20A6A0004076EC80058F14D24606C41E008FD0074CA8058F16D2C49201905096076FC49261
:20A6C00001905096010241564C005092015203614C06F6601A764406A9187F607091421E01
:20A6E0004A064876B4A4519651920A6001024807481ED16FBF565101036FBF5651015192A5
:20A700002F6144CC801FC6FF4F9622763F520C61058F22D24F93C4CCC0FF019DA9CBC49794
:20A7200027F60077096F058F22D2C4CCC0FF4FCAC49627F600772276058F0ED2C41A020043
:20A740001A76280269FF4076EC802276058F22D2C4CCC0FF4FCAC49627F600771A765192CC
:20A7600069FF92FE060002FE412B422B2276058F32D2C418FEFF27F60077C418FDFF27F670
:20A7800000771A7669FF487645A241962276058F08D2C4CCFCFF0150C496FAF6007732F603
:20A7A00000771A760F6F487675A1487645A241962276058F08D2C4CCFCFF0150C4961A76F8
:20A7C000420A69FF48766AA1005206614192046042920452E9684192046025760052FE610E
:20A7E00082FE69FF060002FE412B2276058F32D2C418FEFF27F60077C41A020027F60077EE
:20A800001A7669FF487645A241962276058F08D2C4CCFCFF0150C4961A7669FF026F257684
:20A8200048766AA1005203614192FA6182FE060002FE421E22761D6F058F08D2C418F7FF21
:20A84000FAF6007732F60077C418FCFF246F4876A4A3216F4876E4A31E6F058F08D2C4CC23
:20A86000FCFF0250C496FAF6007732F60077136F58FF42C4E261018F0000A9A8A60FE8612A
:20A88000028F0000A9A8A60FE961038F0000A9A8A60FE1611A7682FE69FF060004FE421E1D
:20A8A00048768AA2441E058F2CD2C406009B079058FF0C61C406009B079030FFA61E44A324
:20A8C00000021FF61756A60044A9440684FE060004FE4396446F058F08D00129C406009B06
:20A8E000C09045FF421E4D6F058F08D00129C406A9180007009147FF421E436F058F08D02B
:20A900000129C406A918006000914CFF421E396F058F08D0C406FF91A80E421E326F058F2D
:20A920000AD00129C406A91800FF009147FF421E286F058F0AD0C406FF91A80E421E216F4D
:20A94000058F0AD0AC281800C4060090A81800FF2256421E166F0002421E136F03520A6282
:20A960000352D7610052B8610152BF610252C761F36F0452D5610552DD610652E261EC6F77
:20A98000429284FE06001AFE481E0C6FBF5659021C6F592B1A6FBF565901176FBF565901F6
:20A9A000146F58FF48C4F361018F0000A9A8A60FF161028F0000A9A8A60FEE61038F0000FD
:20A9C000A9A8A60FE761EB6F5802521E1802561E058F00E750A85A2B5E06009B7F904A1E09
:20A9E0005E06A918006000914C1EAC2814005E060090709122564E1E64BE0102A6874E076F
:20AA0000A61E65564A0000021FF61756A60054A90D6F19025407541E166F32025407541E5C
:20AA2000126F4B025407541E0E6F4CC420FF0020A60FF06120FF0040A60FF06120FF0060C5
:20AA4000A60FF061159A487653A150064876DAA150064876E5A15006487687A15006487616
:20AA6000A9A150064876B4A1595C5006487604A250065A5C4876F0A15206421E5606441EE3
:20AA80005406461E5006487616A2008F000A50064876C0A15006487692A1500648769DA185
:20AAA000500648767CA15406581E046F01024156580014025007A98AC492039003605806E6
:20AAC000F66014025007A98A00BE00B6C49303910253116018025007A98AC4930C601C02D6
:20AAE0005007A98AC493076020025007A98AC493026001B6A793026101BEA6929AFE0600C0
:20AB000002FE421E428AF49282FE060006FE421E42C431FFA6070319461E0002441E460686
:20AB2000440F076901024407441E4606440FFB6686FE060006FE447D437C421E452B0A6F4B
:20AB4000450A6402487677A5459205520368019A5B6F42064876EB8C0152F361452B0A6F5B
:20AB6000450A6402487677A5459205520368029A4B6F42064876F18CA61E0102A60FF16106
:20AB8000452B42064876F88C008F000642064876FE8C435C42064876058D03D44206487682
:20ABA0000C8D445C42064876138D495C42064876138D495C42064876138D420648761A8D73
:20ABC0000A6F450A6402487677A5459205520368039A1A6F42064876208D58FFF360420609
:20ABE0004876278D452B0A6F450A6402487677A5459205520368029A076F42064876F18C3D
:20AC000058FFF361009A86FE06000AFE477D44A8421E4876338D00520761448ABF56C40569
:20AC2000009AEFFF8100AD5C86DCA45C01F6842B4A2B4A2B0D6F4A0A6402487677A54A9224
:20AC400005520668448ABF56C402009A6C6F42064876F18CA61E0102A60FEE6142064876BD
:20AC6000F88C008F000642064876FE8C475C42064876058D01D4420648760C8D4D5C42068B
:20AC80004876138D420648761A8D4A2B0D6F4A0A6402487677A54A9205520668448ABF56A0
:20ACA000C403009A406F42064876208D58FFF0604206008F00044876FE8C02D4420648762B
:20ACC0000C8D420648761A8D492B499202520D674206487671A5AD5C495886DCA45C9496C5
:20ACE000490A49920252F5684A2B42064876278D4A2B0D6F4A0A6402487677A54A9205528E
:20AD00000668448ABF56C402009A0D6F42064876F18C58FFF06145934692A8384896448A9F
:20AD2000C42B48928AFE060008FE477D46A8441E412B475D468A44064876F6A588FE060093
:20AD400008FE477D46A8441EBF564101475D468A44064876F6A588FE060006FE467D457C57
:20AD6000441E469202D54196455C440648768BA586FE060006FE467D457C441E469203D5EE
:20AD80004196455C440648768BA586FE060008FE477D46A8441EBF564102475D468A440649
:20ADA0004876F6A588FE060008FE477D46A8441EBF564103475D468A44064876F6A588FE9E
:20ADC000060006FE467D457C441E469204D54196455C440648768BA586FE060006FE467DD1
:20ADE000457C441E469205D54196455C440648768BA586FE060008FE477D46A8441EBF5615
:20AE00004104475D468A44064876F6A588FE060008FE477D46A8441EBF564105475D468A61
:20AE200044064876F6A588FE060006FE467D457C441E469206D54196455C440648768BA596
:20AE400086FE060008FE477D46A8441EBF564106475D468A44064876F6A588FE060006FE4B
:20AE6000467D457C441E469207D54196455C440648768BA586FE060008FE477D46A8441EE4
:20AE8000BF564107475D468A44064876F6A588FE060006FE467D457C441E469240D5419604
:20AEA000455C440648768BA586FE060008FE477D46A8441EBF564140475D468A4406487603
:20AEC000F6A588FE060006FE467D457C441E469241D54196455C440648768BA586FE060039
:20AEE00008FE477D46A8441EBF564141475D468A44064876F6A588FE060006FE467D457C76
:20AF0000441E469242D54196455C440648768BA586FE060008FE477D46A8441EBF564142F4
:20AF2000475D468A44064876F6A588FE060006FE467D457C441E469243D54196455C4406D2
:20AF400048768BA586FE060008FE477D46A8441EBF564143475D468A44064876F6A588FE29
:20AF6000060006FE467D457C441E469244D54196455C440648768BA586FE060008FE477DEC
:20AF800046A8441EBF564144475D468A44064876F6A588FE060006FE467D457C441E469262
:20AFA00045D54196455C440648768BA586FE060008FE477D46A8441EBF564145475D468A14
:20AFC00044064876F6A588FE060006FE467D457C441E469246D54196455C440648768BA5B5
:20AFE00086FE060008FE477D46A8441EBF564146475D468A44064876F6A588FE060006FE6A
:20B00000467D457C441E469247D54196455C440648768BA586FE060008FE477D46A8441E02
:20B02000BF564147475D468A44064876F6A588FE060006FE467D457C441E469248D541961A
:20B04000455C440648768BA586FE060008FE477D46A8441EBF564148475D468A4406487659
:20B06000F6A588FE060006FE467D457C441E469249D54196455C440648768BA586FE06008F
:20B0800008FE477D46A8441EBF564149475D468A44064876F6A588FE060006FE467D457CCC
:20B0A000441E46924AD54196455C440648768BA586FE060008FE477D46A8441EBF56414A43
:20B0C000475D468A44064876F6A588FE060006FE467D457C441E46924BD54196455C440629
:20B0E00048768BA586FE060008FE477D46A8441EBF56414B475D468A44064876F6A588FE80
:20B10000060008FE477D46A8441EBF56414C475D468A44064876F6A588FE060008FE477D00
:20B1200046A8441EBF56414D475D468A44064876F6A588FE060006FE467D457C441E4692B7
:20B140004FD54196455C440648768BA586FE060008FE477D46A8441EBF56414F475D468A5E
:20B1600044064876F6A588FE060002FE421E2276428AC4CCF0FF0A50C4961A7682FE060093
:20B1800002FE421E2276428AC4CCF0FF0550C4961A7682FE060002FE421E2276428AC4CC53
:20B1A0000FFFA050C4961A7682FE060002FE421E2276428AC4CCFF0FA91A00A0C4961A7672
:20B1C00082FE060002FE421E2276428AC4CC0FFF5050C4961A7682FE060002FE421E22767F
:20B1E000428AC4CCFF0FA91A0050C4961A7682FE060004FE437C421EA928000A43540A6065
:20B200002276428AC4CCFFF0A91A000AC4961A76096F2276428AC4CCFFF0A91A000BC49611
:20B220001A7684FE060002FE421E2276428AC4CCFFF0A91A0005C4961A7682FE060002FE7B
:20B24000421E14024207A98A00BE009AC493019101530260019A0052026101BEA69282FE3E
:20B26000060002FE421E14024207A98A00BE009AC493029102530260019A0052026101BECE
:20B28000A69282FE060002FE421E227614024207A98AC41A01001A7682FE060002FE421E11
:20B2A000227614024207A98AC41A02001A7682FE060002FE421E20024207A98AC40682FE26
:20B2C000060004FE437C421E227624024207A98AC4CCF00F43CAA988A61A00A02402420771
:20B2E000A98AC47E1A7684FE060004FE437C421E227628024207A98AC4CCF0FF43CAA988A5
:20B3000028024207A98AC47E1A7684FE060002FE421E2276468808024207A98AC47E0A0293
:20B320004207A98A46A3AA180F00C4CCF0FFAA980A024207A98AC45748880C024207A98A19
:20B34000C47E4A8810024207A98AC47E12024207A98A4AA3AA180F00C4CCF0FFAA981202E6
:20B360004207A98AC4571A7682FE060004FE437C421E43920660428AE4923F904496086F62
:20B3800002520660428AE4CC0007C7FF4496449284FE060003E2BD041EFE03E2500303E293
:20B3A0004E0203E24C0103E24A005C7D5B7C481EAFE24C00AFE24A0194E6010014AD10655C
:20B3C000AFE24C01AFE264004876DEC550E80000007790E80000007703E25200156F487622
:20B3E000DEC5CFE60400AFE24C01AFE264004876DEC550E8000050E82100007710E740007E
:20B40000007703E2520090E80040007703E25200AFE24E0101E818E10EE850B800E35248DB
:20B420004876DEC503E2540002E84116AFE250004876DEC5AFE2540100E74100AFE25204FA
:20B4400010E70801007703E25200AFE2540120E7080000778AE60000007703E25600AFE21F
:20B4600052008AE6000000770077A9BF120F30FF581EAFE24A01AFE2540000E34C414876FF
:20B48000DEC58AE60000007703E25A004806487634A9480648763FA948064876B1A8480653
:20B4A0004876D3A848064876DEA848065C5C487666A95B5C4806487652A95606421E580616
:20B4C000441E5A06461E4806487678A9008F000A48064876EAA848064876BCA84806487666
:20B4E000C7A848064876A6A84806487622A9005206604806487610A90052F7614806487679
:20B5000022A900520461BF565D01026F5D2B5D929EFEAFE2BE04060020FE03E2500303E21E
:20B520004E0203E24C0103E24A00607D5F7C481EAFE25000AFE24A014876DEC550E80000E6
:20B54000007790E80000007703E2520090E80040007703E2520001E818E1AFE24C010EE832
:20B5600050B800E352484876DEC503E2540002E84116AFE24E004876DEC5AFE2540100E75E
:20B580004100AFE2520010E74000007703E25200AFE2540120E7080000778AE6000000774F
:20B5A00003E25600AFE252008AE6000000770077A9BF120F30FF581E0F8FFFFF5AA84806F5
:20B5C000487634A9480648763FA948064876B1A848064876D3A848064876DEA84806605C54
:20B5E000487666A95F5C4806487652A95606421E5806441E5A06461E4806487678A9008FC0
:20B60000000A48064876EAA848064876BCA848064876C7A848064876A6A84806487622A966
:20B62000005206604806487610A90052F761480648764AA95AA34156AB005CA9AFE24A00C5
:20B6400084E2560184E25C0384E2580200E7180010E789004876DEC503E25E00A0FE0600E1
:20B6600003E2BD041CFE03E2500303E24E0203E24C0103E24A005C7D5B7C481EAFE24C0049
:20B68000AFE24A0194E6010014AD1065AFE24C01AFE262004876DEC550E80000007790E8C4
:20B6A0000000007703E25200156F4876DEC5CFE60400AFE24C01AFE262004876DEC550E8D4
:20B6C000000050E82100007710E74000007703E2520090E80040007703E25200AFE24E016F
:20B6E00001E818E10EE850B800E352484876DEC503E2540002E84116AFE250004876DEC5D0
:20B70000AFE2540100E74100AFE2520410E70801007703E25200AFE2540120E7080000771A
:20B720008AE60000007703E25600AFE252008AE6000000770077A9BF120F30FF581EAFE2E7
:20B740004A01AFE2540000E34C414876DEC58AE60000007703E25A004806487634A948068B
:20B7600048763FA948064876B1A848064876D3A848064876DEA85C5C4806487666A95B5C1B
:20B780004806487652A95606421E5806441E5A06461E4806487678A94806487604A948062E
:20B7A0004876BCA848064876A6A89CFEAFE2BE0406000CFE4A1E02D4FFD520FF0003BF56C7
:20B7C00041A0487623AC4C1E00BE4CC5000212D401D542C3432B46C2481E4A0648767F8A0C
:20B7E00004D4FFD520FF0004BF5641A0487623AC4C1E00BE4CC5000213D401D542C3432B8C
:20B8000046C2481E4A0648767F8A06D4FFD520FF0005BF5641A0487623AC4C1E00BE4CC515
:20B82000000214D401D542C3432B46C2481E4A0648767F8A8CFE06000AFE4A1E408F00A0E1
:20B84000008F00FFA9280104A828008042A0BF56430201D546A8481E4E5C4A0648767F8A0D
:20B860008AFE06000CFE4A7D497C481E471803000129480647FFFF904B96AD5C4F9286DC62
:20B880004196A45C4A5D4B934992487666C646068CFE06000CFE4B7C4A1EA928FFFFFF9B09
:20B8A000481E462B452BAA2BAC2818004B270002525644A9421E48A34606C80061CA48A9FC
:20B8C000461EAD5C120208D588DC421EA45C4A064876988A8CFE060018FE03E24E0103E257
:20B8E0004C004A1EAD5C96DCA45C07F6842BBF5656FFBF5655FFBF5654FF532BAFE24C00D7
:20B9000050E8004800778EE60000007713E257005792FF9052965792C7FF5196AFE24E0024
:20B9200050E800B200778EE60000007713E257005792FF9050965792C7FF4F96582B0002F8
:20B94000481E462B452B582B589208521B6700BEAD5C585896DCA45CAA2B9492FF90A92714
:20B9600003565803A92DA606525644A9421E48A34606C80061CA48A9461E580A5892085277
:20B98000E868AD5C1302421E08D588DC4A06A45C4876988A98FE060008FE481E0002461EFA
:20B9A000442B432BAD5C140208D586DCA45C421E48064876988A88FE06000AFE46A044A858
:20B9C000421EAD5C89DCA45C4876B5C6481E4292FF90FF9C49962C6FAC281E004930448A49
:20B9E0004607A9834D9248761DAD356FAC281E004930448A46071809A9834D92487660AD46
:20BA00002A6FAC281E004930448A46070809A9834D92487685AD1F6FAC281E004930448A34
:20BA200046071009A9834D924876A1AD146F48C420FFA001A60FD16120FFA002A60FE2619A
:20BA400020FFA00BA60FE961012920FFA091A60FCE61016F8AFE060006FE459644A042A814
:20BA600008523C6842C5448AC792C4964283428A0356D508CCCAA90EA9BD160F00770077B3
:20BA8000007701E860EE8BE609000EE8686600E74000448A03E2D4004283428A0356E50835
:20BAA000DCCAA90EA9BD160F00770077007701E818E18BE609000EE850B800E74000448AEA
:20BAC00003E2E4004283428A0356F5084483ECCAF596428A4483FC92FD9686FE060006FE6C
:20BAE000459644A042A808521E6842830356CD084483C4CAC5964283428A0356DD08448384
:20BB0000D4CACD96428A4483E492D596428A4483EC92DD96428A4483F492E596428A448305
:20BB2000FC92ED9686FE060006FE459644A042A80052156142C5448AC792C496462BBF56E7
:20BB40004601469208520B67FF9CA95CA9A84407A98ACC2B460A46920852F76886FE060029
:20BB600006FE459644A042A80852536842830356CD08C4CAA90EA9BD160F007700770077DB
:20BB800001E860EE8BE609000EE8686600E74000448A03E2C4004283428A0356DD08D4CA25
:20BBA000A90EA9BD160F00770077007701E860EE8BE609000EE8686600E74000448A03E28F
:20BBC000D4004283428A0356ED08E4CAA90EA9BD160F00770077007701E860EE8BE60900AC
:20BBE0000EE8686600E74000448A03E2E4004283428A0356FD08F4CAA90EA9BD120F007761
:20BC00000077007700778BE60000448A03E2F40086FE06000CFEAD5D44A844C58ADDA50EFA
:20BC2000A98A05F684244B2B4B9206527567616FAD5D008F50ADA9A88ADD4B0D008F56AD9F
:20BC4000421EA55DA9A84B0DA98A48767EAE606FAD5D008F50ADA9A889DD4B0D008F56ADB6
:20BC6000421EA55DA9A84B0DA98A48767EAE506FAD5D008F50ADA9A888DD4B0D008F56ADA7
:20BC8000421EA55DA9A84B0DA98A48767EAE406FAD5D008F50ADA9A887DD4B0D008F56AD98
:20BCA000421EA55DA9A84B0DA98A48767EAE306FAD5D008F50ADA9A886DD4B0D008F56AD89
:20BCC000421EA55DA9A84B0DA98A48767EAE206FAD5D008F50ADA9A885DD4B0D008F56AD7A
:20BCE000421EA55DA9A84B0DA98A48767EAE106F03520A620352CD6100529B610152A961AE
:20BD00000252B761056F0452D4610552E2614B0A4B920652EE688CFE060004FE44A042A8DE
:20BD2000488AC49208520C68428AC49204520867448ABF56C402488ABF56C409246F488A64
:20BD4000C49204520E68C49208520B67428AC49204520767448ABF56C401488AC40A136FEF
:20BD6000428AC49204520467488AC40A0C6FC49204520968448AC42B428ABF56C401488A73
:20BD8000BF56C40184FE0600BDAAAD5A84DA70FEFA960129078FA8000356FA0A0156A400B7
:20BDA0000ED092A8EA2B227608D00002921E08D03002920F1A69AD5C08D0E4DCA45D9206CC
:20BDC00030FF08D00156A50092060ED030FF9207A98AC406C51E08D00102920708D0921E46
:20BDE00008D03002920FE866FA92075206601F76B1023792F296056F1F76B1023692F2965A
:20BE0000F292019C0356A901A98000BE69FF380E42C344C2487612C90CD0921EF25C1F7656
:20BE2000B10201DCA48000BE03563804A90E42C344C2487612C90AD0921E26D092CCFF0FB4
:20BE40000CD0A90E920F0567EA28F801EFFF2102AD5C1602421EE4DC1002A45C48769DCAAE
:20BE60007E0F0561EA28F601EFFF13021F76B102308A0202D418FDFF3007A98A009A019040
:20BE8000C4CDFEFFA8CAC49630D0929230D0C3FF92CA30D0FF90929633D0929233D0C3FF63
:20BEA00092CA33D0FF90929631D0929231D0C3FF92CA31D0FF909296008F4401A9A8300714
:20BEC000A98AC4CCF8FF0550C4960AD092062CD0421E920E487683CA1F76B102008F200188
:20BEE000A61EA9A83007A98AC47E0AD092062ED0421E9206487683CA1F76B102008F220114
:20BF0000A61EA9A83007A98AC4C20AD0920623D0421E9292FF90A90E487683CA1F76B1029A
:20BF2000A988008F1001A9A83007A98AA692C493A83CC4970AD0920625D0421E92CC00FF83
:20BF4000C7FFA90E487683CA1F76B102008F1401A61EA9A83007A98AA692C493A939C49722
:20BF60000AD0920627D0421E92CC00FFC7FFA90E487683CA1F76B102008F1601A61EA9A810
:20BF80003007A98AC47E0AD0920624D0421E92CC00FFC7FFA90E487683CA1F76B102008F73
:20BFA0001A01A61EA9A83007A98AA692C493A939C49721D092CC00FF008F0801C7FFA9883E
:20BFC000A9A83007A98AC492A638C49621D0008F080192CCFF00A988A9A83007A98AA6920E
:20BFE000C493A83CC49720D0008F0C0192CC00FFC7FFA988A9A83007A98AC492A638C49682
:20C0000020D0008F0C0192CCFF00A988A9A83007A98AA692C493A83CC49722D0008F0E01ED
:20C0200092CCFF0FA988A9A83007A98AA692A9CCFF0FC4CD00F0A8CAC49622D0008F0E0110
:20C0400092CC00F0CBFFA980A9A83007A98AC4CCFF0FA9880356A70CA6CAC49626D0008FBA
:20C060000A0192CC00F0CBFFA980A9A83007A98AC4CCFF0FA9880356A70CA6CAC49623D021
:20C08000008F100192CC00FFC7FFA988A9A83007A98AC492A638C49625D0008F120192CC6E
:20C0A000FF00A988A9A83007A98AA692C493A83CC497008F3401A9A83007A98A2AD092922A
:20C0C000A9CCFF0FC4CD00F0A8CAC496008F3501A9A83007A98A29D09292A9CCFF01C4CDED
:20C0E00000FEA8CAC496008F3601A9A83007A98A2DD09292A9CCFF0FC4CD00F0A8CAC49604
:20C10000008F3701A9A83007A98A30D09292A9CCFF01C4CD00FEA8CAC496008F3901A9A88F
:20C120003007A98AC41800FE28D0008F3C01A9A83007A98A9292FF9C7F90C4CD80FFA8CAEC
:20C14000C496008F3E01A9A83007A98A408F0045C4A032023007A98AC42855AA34D092CC99
:20C1600000FFC7FFA98840023007A98AA6CC0F00C4CDF0FFA8CAC49643023007A98A30D0A1
:20C180009292A9CCFF01C4CD00FEA8CAC49642023007A98A33D09292A9CCFF01C4CD00FED2
:20C1A000A8CAC49645023007A98A31D09292A9CCFF01C4CD00FEA8CAC49600BE46023007D0
:20C1C000A98AC4C280023007A98A418F0401C4A082023007A98A408F0301C4A0840230079F
:20C1E000A98AC418F8FF86023007A98AC41880FF32D092CC00FFC7FFA98848023007A98AE2
:20C20000A6CC1F0087FFC4CDFFE0A8CAC49632D092CCFF00A98848023007A98AA6921F90A0
:20C22000C4CDE0FFA8CAC4967FCC00FFC7FFA9804A023007A98AC4CCFF0FA9880356A70CF8
:20C24000A6CAC4967FCCFF00A9884C023007A98AA6921F90C4CDE0FFA8CAC49627D092CC69
:20C26000FF00A98854023007A98AA692C493A83CC49782023007A98AC4A080023007A98AC2
:20C28000418F0401C4A032023007A98AC42B008F44011F76B102A9A83007A98AC4CCF8FF7A
:20C2A0000250C4961A76EA9269FFF0FEBE8606001B76F0FF0500BDABBDA8BDA0BDC2BDC378
:20C2C00000E2BD0003E2BD0003E2BD0103E2BD0203E2BD0330E600061EFE69FF42291656BA
:20C2E00000024A1E4C1E048F0080A9A848760CCA4A1E048F0080A9A8487606CA4A06E1FFE8
:20C30000E100EFFFC900448F0080AD5CA9A001B6AD5D94DCA488AD5C42C38CDD9DDCA55D91
:20C3200044C2A45C487660A01F76B1023A963A9201520C60AD5CBF564108422B408F00AE45
:20C3400094DC4C06A45C4876CEAC1F76B1023B0AEFFFB800448F0080AD5CA9A003B6AD5D48
:20C360009CDCA488AD5C42C38CDD9DDCA55D44C2A45C487660A01F76B1023A963A9201522C
:20C38000E0FFA000BF564108408F11A83D92008F13A844A0459648A8AD5C408F80A99CDCF7
:20C3A0004C06A45C4876546FEFFF8C00448F0080AD5CA9A019B6AD5D94DCA488AD5C42C308
:20C3C0008CDD9DDCA55D44C2A45C487660A01F76B1023A963A9201527460A928AB34A8282A
:20C3E000EF124C0F6E6054925A526B6052925A52686050925A5265604E925A5262604876FF
:20C400007E5C5F6F448F0080AD5CA9A005B6AD5D94DCA488AD5C42C38CDD9DDCA55D44C276
:20C42000A45C487660A01F76B1023A963A9201524860BF564108408F80AB008F00AA44A0EA
:20C4400046A8AD5C408F80AA4C0694DCA45C48765F7F376F448F0080AD5CA9A01FB6AD5D64
:20C4600094DCA488AD5C42C38CDD9DDCA55D44C2A45C487660A01F76B1023A963A92015233
:20C48000206054920460BF563F011B6F015219603F2B176F4AC40502A60F0C64A60FB36134
:20C4A0000102A60FE1FF31FF0302A60FE1FF54FF086F1902A60FE1FF7BFF1F02A60FCB6124
:20C4C0004A06048F0080421EA9A84876979D448F008001D4A9A0487614CAA92800014876B9
:20C4E00000CA9EFEAFE2BE03AFE2BE02AFE2BE01AFE2BE0080E2BE00BEC5BEC4BE83BE8AE6
:20C50000BE870300303BF1FF177602761B76F0FF0500BDABBDA8BDA0BDC2BDC300E2BD0026
:20C5200003E2BD0003E2BD0103E2BD0203E2BD0330E600061EFE69FF4229165600024A1E8C
:20C540004C1E048F00A0A9A848760CCA4A1E048F00A0A9A8487606CA4A0662615A6F448F30
:20C5600000A0AD5CA9A001B6AD5D94DCA488AD5C42C38CDD9DDCA55D44C2A45C4876518DD8
:20C58000009B00520261019B1F76B1023A973A9201520D60AD5CBF564108BF564201408F7C
:20C5A00080AD94DC4C06A45C4876CEAC1F76B1023C0A366F448F00A0AD5CA9A003B6AD5D99
:20C5C0009CDCA488AD5C42C38CDD9DDCA55D44C2A45C4876518D009B00520261019B1F76A2
:20C5E000B1023A973A9201521B60BF564108408F12A83E92008F14A844A0459648A8AD5C63
:20C60000408FC0A99CDC4C06A45C4876546F086F4AC40102A60FA4610302A60FCC61448F9B
:20C6200000A04A5CA9A04876668D0102048F00A0421EA9A84876708DA92800014876778D84
:20C640009EFEAFE2BE03AFE2BE02AFE2BE01AFE2BE0080E2BE00BEC5BEC4BE83BE8ABE8709
:20C660000300303BF1FF177602761B76F0FF0500BDABBDA8BDA0BDC2BDC300E2BD0003E225
:20C68000BD0003E2BD0103E2BD0203E2BD0330E6000669FF422916561F76AB023C0A019A73
:20C6A0004876778DAFE2BE03AFE2BE02AFE2BE01AFE2BE0080E2BE00BEC5BEC4BE83BE8AC8
:20C6C000BE870300303BF1FF177602761B76F0FF0500BDABBDA8BDA0BDC2BDC300E2BD0065
:20C6E00003E2BD0003E2BD0103E2BD0203E2BD0330E6000669FF422916561F76AF023C0AC5
:20C70000019A4876778DAFE2BE03AFE2BE02AFE2BE01AFE2BE0080E2BE00BEC5BEC4BE8314
:20C72000BE8ABE870300303BF1FF1776027602FE421E01024207A98AC41A230082FE0600A3
:20C7400002FE421E0A024207A98AC418FFBF01024207A98AC418FCFF82FE060002FE421E1B
:20C760000A024207A983C5CC0040A98000BE20FF0040A70F0360019B026F009B00530261AA
:20C7800001BEA69282FE060002FE421E428A009AEC93409140530360019B026F009B005315
:20C7A0000261019A82FE060002FE421E428A009AE493809180530360019B026F009B005376
:20C7C0000261019A82FE060002FE421E0A024207A98AC4CC001FC7FF82FE060002FE421E92
:20C7E0000B024207A98AC4CC001FC7FF82FE060002FE421E01024207A98AC418DFFF010219
:20C800004207A98AC41A200082FE060004FE421E487691B34A0632FFA61E48A300021FF66D
:20C820001756A600A9A90119441E0129428AA91800FF009147FFD496428A4492FF90DC967D
:20C84000428AC4CC18FF4CCAC4964206487688B384FE060006FE457D44A8421E48769FB30A
:20C8600000521861462B459246542A6942064876D5B31052FC614680A7064407A71E09029D
:20C880004207A98AC792C496460A45924654EF66176F462B45924654136942064876C5B3F1
:20C8A0000052FC614680A7064407A71E09024207A98AC792C496460A45924654EF6686FE72
:20C8C000060006FE457D44A8421E48769FB300521561462B45924654246942064876DFB361
:20C8E0000052FC61428A4658FC92448AFF909496460A45924654F266146F462B459246548C
:20C90000106942064876B5B30052FC61428A4658FC92448AFF909496460A45924654F266E9
:20C9200086FE060002FE421E01BE4606009B0190A60F066001024207A98AC41A400002BE5E
:20C940004606009B0290A60F066004024207A98AC41A020004BE4606009B0490A60F066089
:20C9600004024207A98AC41A010008BE4606009B0890A60F06600A024207A98AC41A200070
:20C9800010BE4606009B1090A60F06600B024207A98AC41A200082FE060002FE421E01BEFB
:20C9A0004606009B0190A60F066001024207A98AC418BFFF02BE4606009B0290A60F066077
:20C9C00004024207A98AC418FDFF04BE4606009B0490A60F066004024207A98AC418FEFF4A
:20C9E00008BE4606009B0890A60F06600A024207A98AC418DFFF10BE4606009B1090A60F8B
:20CA000006600B024207A98AC418DFFF82FE060004FE421E0002441E428AE49280908052FD
:20CA20000360441A0400EC92809080520360441A0100EC92409040520561EC922090205229
:20CA40000360441A02000A024207A98AC492809080520360441A08000B024207A98AC492AB
:20CA6000809080520360441A1000428AEC92109010520360441A2000EC9208900852036003
:20CA8000441A4000EC92049004520360441A8000440684FE060002FE421E01BE4606009B77
:20CAA0000190A60F196102BE4606009B0290A60F136120BE4606009B2090A60F0D6140BEBE
:20CAC0004606009B4090A60F076180BE4606009B8090A60F046042064876E9B308BE460680
:20CAE000009B0890A60F06600A024207A98AC41A400010BE4606009B1090A60F06600B02C5
:20CB00004207A98AC41A400082FE0600BDB204FE421E84E24C0184E24A0050E80940487682
:20CB2000DEC5AFE800E000778FE800C000778AE60000007703E2440001294406428AA918A5
:20CB400000FF009147FFD496428A4492FF90DC9684FEBE8B060002FE421E01024207A98A42
:20CB6000C41A080082FE0600487644884876828806000AFE477D4697459644A844C5C7961B
:20CB8000448ABF56CC03448A46CC00FFC7FFD496448A4692FF90DC96448A47CC00FFC7FF87
:20CBA000E496448A4792FF90EC96AD5C89DCA488AD5C069A88DCA45D42C2448A4876ECB56A
:20CBC000448A4892F496448A4992FC968AFE06000CFE4A97499648A046A841964A9242962F
:20CBE0004F92439620FF0072468A488348765A874B968CFE060008FE459644A042A8462822
:20CC0000FFFFA993FF9D005245971361428A4692FF908493A87042A8479647584692088F65
:20CC200000F0C7FF947046964592450B0052EF60448A4692FF90C4964C8A46CC00FFC7FF5A
:20CC4000C49688FE0600BDB238FE697D46A8441E6A2B03567D01059C6B9600024A1EAD5C92
:20CC60007D5DA8DC69924493A45C4876AAB5AD5CAD5D7F93089A4197A8DCA0DD6B93A45CC9
:20CC8000A55D4876D9B56E9601520460019AEFFF37015E926F96AD5C6F58A0DCA45C03D8AE
:20CCA00094927096AD5C6F58A0DCA45C04D8949271960356710870CA7296AD5CAD5D6F92CB
:20CCC000ADDCA488AD5CACDD039CA55DA0DC42C2A45C4876ECB503566D086CCA7396728886
:20CCE000730EA60F0461029AEFFF0A015F88670EA60FE1FFFA00039AEFFF02016A2B0129CC
:20CD0000AC2818003E6FAD5C03566A02A958A0DCA45C04D89425AD5C5AFF03566A02A95872
:20CD2000A0DCA45C03D89488AD5CA6063B56ABCAAACBA61E03566A02A958A0DCA45C05D86D
:20CD400003569408AD5C5AFFA606ABCAAACBA61E03566A02A958A0DCA45C06D8A60694AF13
:20CD60004C1EAD5C8CDCA480AD5C88DCA45C01F6842448C403566A014607A98AC4C26A0A5E
:20CD80007D92C0FF6A54C066EFFFB9006A2B0129AC281800366FAD5C03566A02A958A0DC9F
:20CDA000A45C04D89425AD5C5AFF03566A02A958A0DCA45C03D89488AD5CA6063B56ABCA88
:20CDC000AACBA61E03566A02A958A0DCA45C05D803569408AD5C5AFFA606ABCAAACBA61E4A
:20CDE00003566A02A958A0DCA45C06D8A60694AF761E76C403566A014607A98AC4C26A0A18
:20CE00007D92C0FF6A54C866796F6A2B7D926A547569AD5C03566A01A0DCA45DAD5CA958DC
:20CE200003566A01A959A0DCA45C03D904D803569C0895CA74966A80A7064607A71E7492E3
:20CE4000C7966A0A7D926A54E566586F03523C605D88AC281800A6063B56A61E01295C25B4
:20CE60005AFFA606ABCAAACBA61E03565B085AFFA606ABCAAACB5AAF761E5988A6063B5699
:20CE8000A61E58255AFFA606ABCAAACBA61E035657085AFFA606ABCAAACB56AF781E760FD7
:20CEA00006600002781E76064A1E0E6F760606607806046178064A1E076F78060560760693
:20CEC000036176064A1EAD5C8ADCA480AD5C88DCA45C01F68424012948C403566A01460724
:20CEE000A98AC4C20B6F7E92E1FF0AFF0152E1FF4FFF02528B610352AA61009AB8FEBE8B4C
:20CF000006000AFE477D4697459644A844C5C796448ABF56CC10448A46CC00FFC7FFD49667
:20CF2000448A4692FF90DC96448A47CC00FFC7FFE496448A4792FF90EC96448A4E92F4963A
:20CF4000448A4DCC00FFC7FFFC9608024407A98A4D92FF90C496AD5C89DCA488AD5C099AFD
:20CF600088DCA45D42C2448A4876ECB509024407A71E4892C7960A024407A71E4992C79675
:20CF80008AFE060002FE4297419622764193A8080079A85C4292C4961A7682FE060008FE70
:20CFA000477C421E012944FF34FF30FF1AFF1F00441E0102A61E42921F90A92DA6063B5688
:20CFC000461E22764792015208600A024407A98A4606C498CC99086F0A024407A98A4606DD
:20CFE00055FFC4C0CCC11A7688FE060004FE421E012944FF34FF30FF1AFF1F00441E0A02D9
:20D000004407A98A42921F90A92DC4062256A61EA692019084FE060004FE437C421E126F40
:20D02000BF5644031E6FBF5644041B6FBF564405186FBF56440C156FBF56440D126F442BFC
:20D04000106F4392025208620252F1610052E9610152EA61F56F0352ED610452EE61F06FD3
:20D060004492046142934876B3B784FE060006FE421E012944FF34FF30FF1AFF1F00441E23
:20D080000102A61E42921F90A92DA6063B56461E22764A06A942086C12024407A98A4606AA
:20D0A000C498CC99086F12024407A98A460655FFC4C0CCC14A06A940096C0C024407A98ABB
:20D0C000460655FFC4C0CCC1076F0C024407A98A4606C498CC994A06A941086C1002440785
:20D0E000A98A4606C498CC99086F10024407A98A460655FFC4C0CCC11A7686FE060008FE18
:20D10000421E012944FF34FF30FF1AFF1F00441E0102A61E42921F90A92DA6063B56461E85
:20D120000002481E12024407A98A4606C4CECCCF58FF0361481A04000C024407A98A460683
:20D14000C4CECCCF58FF0360481A010010024407A98A4606C4CECCCF58FF0361481A02005D
:20D16000480688FE06000AFE497C421E012944FF34FF30FF1AFF1F00441E4206009B0F90BD
:20D1800030FF481E4206009B1F9043FF0109461E2276482D460630FF4407A98A03023B561C
:20D1A00055FFC4C0CCC1460630FF4407A98A482D490E3B56C498CC991A768AFE06000AFECD
:20D1C000421E012944FF34FF30FF1AFF1F00441E4206009B0F9030FF4A1E4206009B1F90DB
:20D1E00043FF0109461E460630FF4407A98A4A2DC4062256009B0390481E48928AFE0600D1
:20D200000AFE421E1890009B4A1E4A2DFF023B56461E01294E0640FF3B56481E420644FF4F
:20D2200034FF30FF1AFF1F00441E2276448A460655FFC4C0CCC1448A4806C498CC991A766E
:20D240008AFE06000AFE497C421E012944FF34FF30FF1AFF1F00441E4206009B079031FF00
:20D26000481E4206009B1F9042FF1409461E2276482D460630FF4407A98A0F023B5655FFF8
:20D28000C4C0CCC1460630FF4407A98A482D490E3B56C498CC991A768AFE060008FE477C7F
:20D2A000421E0102A61E42921F90A92DA6063B56461E0129420644FF34FF30FF1AFF1F00FE
:20D2C000441E227647920152086014024407A98A4606C498CC99086F14024407A98A4606C8
:20D2E00055FFC4C0CCC11A7688FE060008FE421EA80E1AFF1F00441E0129420647FF009BA4
:20D30000FF90481E482D03023B56461E2276448A55FFC4C0CCC11A024407A98A482D460683
:20D3200055FFC4CECCCFA61E420641FF009B03903B565AFFA606ABCAAACBA61E1A02440747
:20D34000A98AC4C2482D4206448A009B03903B56C498CC991A7688FE060004FE41961F9065
:20D3600080FF429641CC001FC7FF43962276058F22D3A9A8420DA98A432D01023B56C49837
:20D38000CC991A7684FE060002FE41962276058F2CD2C406A918F8FF41AFC41E1A7682FEAB
:20D3A0000600058F30D2C4CCFF030600058F30D2C4060151C41E060002FE421E2276116F27
:20D3C000058F08D2C418F7FFFAF6007732F60077106F058F32D2C418FEFF27F60077096F0B
:20D3E00058FF42C4EE61018F0000A9A8A60FF2611A7682FE69FF06002276A9F52970685093
:20D40000A9F4297027F600771A7669FF060022760129458F78D720FFFEFFC5C0A892CDC0F7
:20D4200020FF3F064076EC801A76060006FE457C421E01290356450530FF1AFF1F00441E15
:20D4400022763C024407A98A420655FFC4C0CCC11A7686FE060002FE4876EDB9488F48CC62
:20D46000A8280000008F0080A928F00048763CCA058F00FB458F00F842A8A9A004D440762C
:20D480008880A9288C40A82801804876E8A2029A4876B5B948765BBA4876F8B90002421EE2
:20D4A0001602487628B80002421E1702487628B801D416024876C0B701D417024876C0B758
:20D4C00000D4160248763FB900D4170248763FB982FE0600009A48769EB9A9280002487641
:20D4E0009EB9A928000348769EB9A928000448769EB9A928000548769EB9A9280010487678
:20D500009EB9A928001248769EB9029A48769EB9A928020148769EB9A928020248769EB938
:20D52000A928020348769EB9A928020448769EB9A928020548769EB9A928020648769EB939
:20D54000A928020748769EB9039A48769EB9A928030148769EB9A928030248769EB9A92884
:20D56000030348769EB9A928030448769EB9A928030548769EB9A928030648769EB9049A28
:20D5800048769EB9A928040148769EB9069A48769EB9079A48769EB9A928070148769EB932
:20D5A000089A48769EB9A928080148769EB9099A48769EB90A9A48769EB9A9280A014876BA
:20D5C0009EB90D9A48769EB9A9280D0148769EB9A9280D0248769EB90E9A48769EB9A928C1
:20D5E0000E0148769EB9A9280E0248769EB9A9280E0348769EB9A9280E0448769EB9A92851
:20D600000E0548769EB9A9280E0648769EB90F9A48769EB9A9280F0148769EB9A9280F0252
:20D6200048769EB9A9280F0348769EB9A9280F0448769EB9A9280F0548769EB9A9280F0604
:20D6400048769EB9A928101048769EB9A928101148769EB9139A48769EB9149A48769EB923
:20D66000129A48769EB9A928120148769EB9119A48769EB9A928110148769EB9A928110254
:20D6800048769EB9A928110348769EB9159A48769EB90600000200D40119487607BA000240
:20D6A00001D40119487607BA000207D40119487607BA060004FE03E24400018F0000A9A874
:20D6C0004876CDB94876C7B94876C2B9A98820FFFF03A60F08614876C2B9A98820FFFF0394
:20D6E000A60FFA60159A48769EB905F6007702E80009857600E703E2420000D501E802FC2D
:20D7000002E8030903D469FFA606AFE2440102E800094876BBA984FE060004FE441E42A867
:20D72000257669FF84FE060028FE5E975D9644A042A85F2B1F76B10290023007461EA002E1
:20D740003007481E329260963492619600024A1E4C1E4E1E501E521E03565D0162965E92F8
:20D7600063964406541E6C06561E642B652B662B0002581E672B5A1E5C1E2276078F0084B0
:20D78000A9A8420F076928023007A98AC418F8FF206F078F0088A9A8420F096928023007EE
:20D7A000A98AC4CCF8FF0150C496136F098F0000A9A8420F076928023007A98AC418F8FF71
:20D7C000086F28023007A98AC4CCF8FF0150C496420630FF421E28023007A98AC4920790B4
:20D7E000075205603392609635926196605C420681DCA4894A1E6D9202520A6162920661E3
:20D800006088620E4A07A60F03695F28FD016D9201520E6100520C61639208614A066188A2
:20D82000012942FF630DA60F03695F28FE016D9203520E60629207900B61630EA61E629284
:20D84000C2FFA980A606A70F03615F28FF010E8F0000A9A8420F08660E8F0010A9A8420F95
:20D8600003695F28FB010F8F3000A9A8420F08660F8F3800A9A8420F03695F28FB010F8FD6
:20D880003004A9A8420F08660F8F3804A9A8420F03695F28FB010F8F0000A9A8420F06662D
:20D8A0000F8F1800A9A8420F1F660F8F0004A9A8420F06660F8F1804A9A8420F15660F8F66
:20D8C0000008A9A8420F06660F8F1808A9A8420F0B660F8F000CA9A8420F0E660F8F180CDF
:20D8E000A9A8420F09696D92025204605F280002036FBF566D01078F0102C4920790A90EA2
:20D900005C1E05025C0F0D60128F0000A9A8420F0866148F0000A9A8420F03695F28FB01C9
:20D920005F92E0FFDE00109A69FF48765CC8029A4876E7C822766D921260008F03021F760A
:20D94000B102A9A83007A98AC4CC2000C4FF015206608F023007A98AC41A0001880242C4C3
:20D960001F76B1023007A98AC4C288023007A98A4206C40F03615F2801025F92E0FFA10001
:20D980006D9202521C614A06012940FF5A1E5D92FF9CA90E5A074C1E5A06521E4C06520FF7
:20D9A0000E68548352064607A98A858854A0C47E01025207521E4C06520FF4678F021F76FF
:20D9C000B1023007A98AC4CC0001C7FF015274616D92015271614A06012942FF4E1E6D9261
:20D9E0000A606292FF9CA90E4A074C1E42FF0109501E046F630E4E07501E108F0000A9A86C
:20DA0000420F0E66138FFEFFA9A8420F096842060FFF200043FF1FFF1002581E156F0F8F0F
:20DA20000000A9A8420F0E660F8FFE0FA9A8420F096842060FFF1E0043FF1CFF7110581E4A
:20DA4000036F5F28FB015F923760672B4E06521E5006520F3169588AC492649652060F60A9
:20DA600056C5C79265966492C7FFA988488A03566508A6CACC96BF566701186F0102520F78
:20DA80001560568A8492C7FF56A86696679201520860488A0356650866CACC96672B066F76
:20DAA000488A0356640866CACC9601025207521E5006520FD166029A69FF48765CC8227605
:20DAC0008F021F76B1023007A98AC4CC0001C7FF015206608F023007A98AC418FFFE1A768F
:20DAE0005F9269FFA8FE0600009A08763029BE93A840036C019B026F009B00530261019A0F
:20DB00000600009A0876303BBE93A840036C019B026F009B00530261019A06002276289A7B
:20DB2000A9F4297027F60077009AA9F4297027F600771A76006FA9F56170060002FE41966C
:20DB4000227641F46270019AA9F462701A7682FE060002FE4196316F2F76FEFF726F2F7667
:20DB6000FDFF6F6F2F76FBFF6C6F2F76F7FF696F2F76EFFF666F2F76DFFF636F2F76BFFFBE
:20DB8000606F2F767FFF5D6F2F76FFFE5A6F2F76FFFD576F2F76FFFB546F2F76FFF7516F38
:20DBA0002F76FFEF4E6F2F76FFDF4B6F2F76FFBF486F2F76FF7F456F805241881C628052FC
:20DBC000E161085211620852D161A680012920FF0080A70FEF61A6920152BF610252C06195
:20DBE0000452C1612E6F1052C4612052C5614052C661276FA61B00081462A61B0008CE616B
:20DC0000A68020FF0001A70FC061A68020FF0002A70FBE61A68820FF0004A60FBC61116F28
:20DC2000A68020FF0010A70FBC61A68020FF0020A70FBA61A68820FF0040A60FB861016FBB
:20DC400082FE0600487672BD267600002F760000009AA9F4E20CA9F4E40CA9F4E60CA9F432
:20DC6000E80CA9F4EA0CA9F4EC0CA9F4EE0CA9F4F00CA9F4F20CA9F4F40CA9F4F60CA9F4E4
:20DC8000F80CA9F4E30CA9F4E50CA9F4E70CA9F4E90CA9F4EB0CA9F4ED0CA9F4EF0CA9F4E5
:20DCA000F10CA9F4F30CA9F4F50CA9F4F70CA9F4F90CA9F5E00C0150A9F4E00C060002FE81
:20DCC0002276BF5641034192E0520D67088FE0C603564101A908000DA95DC5A8410A4192B3
:20DCE000E052F768088F24C7A4BD240D088F08C7A4BD260D1A7682FE060006FE421E419238
:20DD00004696487672BD4396469220521D6842060129A91800FF009147FFFF9C4496442DA3
:20DD2000019A66FF459603564401A908E20CA95C019B4292FF90FF9CA92D67FFC499A920CA
:20DD400045CAA9230C6F0D520A6810520866FF9CA92D019A66FFA820A8CAA923439203601D
:20DD6000487665BD86FE060006FE421E41924696487672BD43964692205226684206012916
:20DD8000A91800FF009147FFFF9C4496442D019A66FF459603564401A908E20CA95C019B4D
:20DDA0004292FF90FF9CA92D67FF5FFFC4C10077007700770077007769FF459248769ABD9F
:20DDC00045F4E10C1A6F0D52186810521666FF9CA92D019A66FF5EFFA820A8CEA923007788
:20DDE00000770077007700774692FF9C69FFA92D019A66FF48769ABD43920360487665BD69
:20DE000086FE060006FE421E42C431FFA6070319461E0002441E4606440F076901024407F0
:20DE2000441E4606440FFB6686FE060020FF007374D4FFD5487606A774D4FFD520FF00732F
:20DE40004876D6A774D4FED520FF00734876F0A774D4FFD520FF007348760AA874D4FED54C
:20DE600020FF0073487624A876D4FFD520FF0073487606A776D4FFD520FF00734876D6A780
:20DE800076D4FFD520FF00734876F0A776D4FFD520FF007348760AA876D4FFD520FF0073AD
:20DEA000487624A8060020FF007375D400D5487620A7060006FE44A042A820FF007374D5EA
:20DEC0004A8A487685A6459642C5C79632024876F3BE76D520FF00734A8A487685A646962D
:20DEE00044C5C79686FE060004FE41964296FF90439642CC00FFC7FF449675D420FF007391
:20DF0000435D48769EA675D420FF0073445D48769EA684FE060006FE457C421EAD5C75D5E1
:20DF200084DCA45C4876B8A6469645920461461A0100036F4618FEFF420675D4465D48762D
:20DF40009EA686FE060006FE457C421EAD5C75D584DCA45C4876B8A6469645920461461A87
:20DF60000200036F4618FDFF420675D4465D48769EA686FE060006FE457C421EAD5C75D59B
:20DF800084DCA45C4876B8A6469645920461461A0400036F4618FBFF420675D4465D4876CD
:20DFA0009EA686FE060006FE457C421EAD5C75D584DCA45C4876B8A6469645920461461A27
:20DFC0000800036F4618F7FF420675D4465D48769EA686FE060006FE457C421EAD5C75D53B
:20DFE00084DCA45C4876C5A6469645920461461A0100036F4618FEFF420675D4465D487660
:20E00000ABA686FE060006FE457C421EAD5C75D584DCA45C4876C5A6469645920461461AAC
:20E020000200036F4618FDFF420675D4465D4876ABA686FE060006FE457C421EAD5C75D5CD
:20E0400084DCA45C4876C5A6469645920461461A0400036F4618FBFF420675D4465D4876FF
:20E06000ABA686FE060006FE457C421EAD5C75D584DCA45C4876C5A6469645920461461A4C
:20E080000800036F4618F7FF420675D4465D4876ABA686FE060006FE447D437C421E0B6F87
:20E0A000452B176FBF564501146FBF564502116F452B0F6F42C420FF0074A60FF26120FF02
:20E0C0008074A60FF06120FF0075A60FEF61F16F227643920960452D019A058F68D766FF32
:20E0E0005EFFC4C0076F452D019A058F68D766FFC49844920860452DA928000166FF5EFFE4
:20E10000C4C0066F452DA928000166FFC4981A7643924493487612C186FE060006FE421E46
:20E12000078F8002A9280077C4543D60116F078FBF0144A81B6F078FC50144A8176F078F1A
:20E14000CB0144A8136F078FBF0144A80F6F42C420FF0074A60FEC6120FF8074A60FEC6115
:20E1600020FF0075A60FEC61EF6F2276452B459204521867455C4483A9A842078588A98AB5
:20E1800073D044A0947E455C4483A9A842078588A98A72D044A0947E450802004592045250
:20E1A000EA681A7686FE06000AFE421E0D6F0002461E186F0102461E156F0202461E126F4E
:20E1C0000002461E0F6F42C420FF0074A60FF06120FF8074A60FEF6120FF0075A60FEE610C
:20E1E000F06F058F68D7C4924896462D62FF01904996AC92089CA92D489262FF01904A9611
:20E20000499206604A920460BF564708026F472B46C5A70631FFA61E078F9401A70630FF83
:20E22000A6070156A40044A82276472DC49262FFFF90A9883B024207A98AC47E1A768AFEB4
:20E24000060006FE449743960052066044920460BF564508026F452B078F940142A822761E
:20E26000452DC49262FFFF90A9F43B74078F9A0142A8C49262FFFF90A9F4BB74078FA00136
:20E2800042A8C49262FFFF90A9F43B751A7686FE060008FE477C421E0129035647034409A4
:20E2A000441E035647034609461E227644064207A98A4C060191C4A3AB180000AA18FEFF7B
:20E2C000ABCAAACBA61E44064207A98AC4C246064207A98A4E060191C4A3AB180000AA18AA
:20E2E000FEFFABCAAACBA61E46064207A98AC4C21A7688FE06000AFE497C421EA9288096F5
:20E30000989BA61E4EA300021FF61756A600A9A90119441E0C024207A98A4492FF90C496D4
:20E320000A6F0702481E0E6F0602481E0B6F0502481E086F44C4A606F5610102A60FF56194
:20E34000F76FA9288096989B5AFF00021FF617565000480630FF4156AB0046A94992015234
:20E360000760428A4606012940FFE496096F0302A61E428A00021FF61756A600E43F428A15
:20E3800042834692E49EDD968AFE0600BDB20AFE497C421E000250A31FF617565400A9A9A4
:20E3A0000119441E0C024207A98A4492FF90C4960A6F0702481E0E6F0602481E0B6F050244
:20E3C000481E086F44C4A606F5610102A60FF561F76F30FFA61E54A300021FF61756520022
:20E3E0005D56A60046A9499201520760428A4606012940FFE496096F0302A61E428A000236
:20E400001FF61756A600E43F428A42834692E49EDD968AFEBE8B060002FE421E01024207D0
:20E42000A98A4692C4984606A949066C01024207A98AC41A40004606A841066C2002420716
:20E44000A98AC41A20004606A840066C21024207A98AC41A200082FE060002FE421E01025F
:20E460004207A98A46925EFFC4C04606A949066C01024207A98AC418BFFF4606A841066CF7
:20E4800020024207A98AC418DFFF4606A840066C21024207A98AC418DFFF82FE060004FE9D
:20E4A000421E428AD4CC3F02A90E441E20024207A98AC447036C431A020021024207A98A20
:20E4C000C447036C431A0100440684FE060002FE421E428A46CC3F02D4964606A841066C02
:20E4E00020024207A98AC41A40004606A840066C21024207A98AC41A400082FE060004FE75
:20E50000421EA9288096989BA61E48A300021FF61756A600A9A90119441E0C024207A98A50
:20E520004492FF90C49684FE0600BDB204FE421E00024AA31FF617564C00A9A90119441E38
:20E540000C024207A98A4492FF90C49684FEBE8B060006FE421E42C431FFA6070319461EDA
:20E560000002441E4606440F076901024407441E4606440FFB6686FE06000AFE497D48A830
:20E58000461EBF56410601D5422B49924396488A4606487614B64A968AFE06000AFE497DE2
:20E5A00048A8461EBF56410201D5422B49924396488A4606487614B64A968AFE060006FEA0
:20E5C000459644A042A820FFB70B455D4876AEC2448A0390C4CDFCFFA8CAC49620FFD00732
:20E5E00048769AC20602455D4207A98A20FFD30B4876AEC2448A039081FFC4CDF3FFA8CADA
:20E60000C49620FFD00748769AC21202455D4207A98A20FFED0B4876AEC2448A039083FF36
:20E62000C4CDCFFFA8CAC49620FFD00748769AC21802455D4207A98A20FFF30B4876BFC20B
:20E64000448A039085FFC4CD3FFFA8CAC49620FFD00748769AC21A02455D4207A98A20FFD1
:20E66000250C4876BFC2448A039089FFC4CDFFF3A8CAC49620FFD00748769AC21C02455D22
:20E680004207A98A20FF0B0C4876BFC2448A039087FFC4CDFFFCA8CAC49620FFD007487696
:20E6A0009AC21E02455D4207A98A20FF830C4876BFC2448A03908BFFC4CDFFCFA8CAC496BD
:20E6C00020FFD00748769AC22402455D4207A98A20FF830C4876BFC2448AC4CDFF3FA8882C
:20E6E0000356A90EA6CAC49620FFD00748769AC286FE060003E2BD0406FE461E44A8058F18
:20E7000008D2C406009B039058FF076102BEC406009B0390A60F556084E2460002E8411659
:20E7200050E800104876DEC584E24601007710E7400084E246038CE6000002E841168DE600
:20E74000040050E818104876DEC584E24601007710E74000007720E700010077A0E514AD5D
:20E76000196584E2460002E8411650E800104876DEC584E24601007710E7400000778FE83C
:20E7800000E000778CE6000000770077A9BF120F156F84E2460002E8411650E800104876C2
:20E7A000DEC584E24601007710E7400000778CE6000000770077A9BF120F013BA985461E2D
:20E7C00046921F76B1023896448AC4CC000FC7FF3696008F5D01A9A84407A98AC4920F909B
:20E7E00037964406301E008F0002A9A84407A98AC492C3FFA9CCC001C2FF3296008F0002EC
:20E80000A9A84407A98AC4CC8003C3FFC2FF3496008F0102A9A84407A98AC4CC000CC3FF0A
:20E82000C2FF3396008F0102A9A84407A98AC4CC8001C3FFC2FF3596009A86FEAFE2BE041D
:20E84000060006FE421E42C431FFA6070319461E0002441E4606440F076901024407441EC8
:20E860004606440FFB6686FE06000CFE4B7D48A8461E90E503E24A00AD5CBF5641028ADC7D
:20E88000422BA45C4F9243964B5D4606487614B64C96488A4A06C41E4C928CFE06000CFE77
:20E8A0004B7D48A8461E90E503E24A00AD5CBF5641048ADCBF564203A45C4F9243964B5D13
:20E8C0004606487614B64C96AFE24A00A0E514AD0461488A4A06C41E4C928CFE060008FE84
:20E8E0004897479646A044A848880202417E475D4407A98A0802487626C4468A0390C4CD2F
:20E90000FCFFA8CAC49620FF8813487612C4489241960602475D448A487626C4468A0390AC
:20E9200081FFC4CDF3FFA8CAC49620FF8813487612C448880402417E4407475DA98A0A02F7
:20E94000487626C4468A039083FFC4CDCFFFA8CAC49620FF8813487612C448880802417E18
:20E960004407475DA98A0C02487640C4468A039085FFC4CD3FFFA8CAC49620FF88134876AB
:20E9800012C488FE06000AFE497D48A8461EBF564102422B4D924396495D488A46064876F4
:20E9A00014B64A968AFE06000AFE497D48A8461EBF564102BF5642014D924396495D488A1D
:20E9C0004606487614B64A968AFE060008FE4897479646A044A84892419620FFE803475D02
:20E9E000448A4876B4C4468AC49688FE060008FE4897479646A044A84892419620FFF00306
:20EA0000475D448A4876B4C4468AC49688FE060008FE4897479646A044A84892419620FF34
:20EA2000F803475D448A4876B4C4468AC49688FE060008FE4897479646A044A84892419638
:20EA400020FFFC03475D448A4876B4C4468AC49688FE060008FE4897479646A044A84892CC
:20EA6000419620FF0004475D448A4876B4C4468AC49688FE06001CFE5B7D5A7C461EBF56FD
:20EA80005C02AD5C5F935C92419791DC4296A45C5A924693487672B7AD5CBF56410BAD5DF2
:20EAA00020FF0072BF56420891DC99DDA45CBF564314A55D48765A879CFE06000AFE03E2E9
:20EAC000480203E2460103E244004AA820FF0000AFE24800AFE2440194E6010014AD08642F
:20EAE000AFE2460094E6010014AD0262019A00520261019BC4978AFE06000CFE03E24A038E
:20EB000003E2480203E2460103E244004CA820FF0000AFE24600AFE2440120E70900AFE210
:20EB20004A0094E6010014AD1663AFE24800AFE2460120E70900007794E6190014AD0B63DC
:20EB4000AFE2440120E70900007794E6190014AD0263019A00520261019BC4978CFE0600C8
:20EB60000CFE03E24A0303E2480203E2460103E244004CA820FF0000AFE25000AFE244010B
:20EB800094E6010014AD2465AFE24A0094E6010014AD1E63AFE24601AFE2500094E60100E4
:20EBA00014AD1665AFE24A0094E6010014AD1063AFE24801AFE2500094E6010014AD08652B
:20EBC000AFE24A0094E6010014AD0263019A00520261019BC4978CFE0600BD3ABDB2BDAA15
:20EBE000BDA202FE0129A9BF120F58FF5B61A85C7F91A8088000421EA493D6FFA85CA9BFD4
:20EC0000160F6761A85D7F91A8088000A859A958A593D6FFA85DA493A571A8180001A69763
:20EC2000A418FF00A518FF007FDCA492A59EA7964D64A90801FF3E62A193A09236FFA859AE
:20EC4000A958420635FF0EF6A11FA95BA3010AF6A11F2D56A204A32DA03640FF0BF6A11F3C
:20EC600033FF009B30FF54FFA20CA39540FFA70801001FF677FF200940FFA70801001FF6B8
:20EC800077FF5AFFA7922265A90801FF1363A9A946FF7F91A85BA95AA625A79596FFA20CC7
:20ECA000A395A9BD120F82FEBE82BE86BE8BBE8E0600009B57FFA8087FFF5AFFA693F260F3
:20ECC000A8280080AA71AB92ED6F20FF0000EA6F5AFFA493A818000196FFA85CA9A9A808CC
:20ECE0007FFFA81C0080A4CBDD6F06FE457D4497439642A8079081FFDCCDE3FFA8CADC96AD
:20ED0000428ADC18FDFF428ADC18FEFF428A4492D496428A4592CC9642C54992C796428A5E
:20ED2000AA2BAC281900DCCC0200C0FFA927A9A93B565AFFDCCC1C00C1FFA988AC281A00F9
:20ED4000A6063B56AACBABCAAC281800AA2BA61EDC920190A927A9A93B565AFFA606ABCADB
:20ED6000AACBA61E0129D4255AFFA606ABCAAACBA61E42830356CC085AFFA606ABCAAACBA3
:20ED8000C4AFC51E86FE06000AFE44A8421E4192FF9047960129420647FFFF904896AC2807
:20EDA00018004206225601904996422DFF35C4964792F0520A684925A71E03564708A98875
:20EDC000A706A6AF461E0A6F4925A71E03564708A988A706A6AF48AF461E8AFE06001B76CC
:20EDE000F0FF0500BDABBDA8BDA0BDC2BDC300E2BD0003E2BD0003E2BD0103E2BD0203E289
:20EE0000BD0330E6000602FE69FF4229165641F5E00C4192FE90C0FF4296411B000E0368E8
:20EE200042088000257669FF48767FBD006F1B76F0FF0500BDABBDA8BDA0BDC2BDC300E20C
:20EE4000BD0003E2BD0003E2BD0103E2BD0203E2BD0330E6000669FF42291656257669FF09
:20EE600048767FBD006F1B76F0FF0500BDABBDA8BDA0BDC2BDC300E2BD0003E2BD0003E255
:20EE8000BD0103E2BD0203E2BD0330E6000602FE69FF4229165648768CBDA90E421E42921E
:20EEA00048768FBD48767FBD006F04FE439642A8442B2276078F0084A9A8420F09692802BB
:20EEC0001F76B1023007A98AC418F8FF266F078F0088A9A8420F0B6928021F76B10230073B
:20EEE000A98AC4CCF8FF0150C496176F098F0000A9A8420F096928021F76B1023007A98A9F
:20EF0000C418F8FF0A6F28021F76B1023007A98AC4CCF8FF0150C4961A76420630FF421E30
:20EF2000439208520560442800024492206F109A69FF48765CC843924876E7C822761F7607
:20EF4000B10242C488023007A98AC4C21A7688023007A98A4206C40F036144280102449236
:20EF60000560439269FF48765CC8449284FE69FF060022761A021F76B1023007A98A408F12
:20EF8000FFFFC4A02276008F4401A9A83007A98A00BEC4CCF8FF0550C496008F5201A9A8C1
:20EFA0003007A98AC4C2008F4401A9A83007A98AC4CCF8FF0250C4961A762276008F4401A3
:20EFC000A9A83007A98AC4CCF8FF0550C496008F6001A9A83007A98AC4C2008F4401A9A8EA
:20EFE0003007A98AC4CCF8FF0250C4961A762276008F4401A9A83007A98AC4CCF8FF0550E1
:20F00000C496008F6201A9A83007A98AC4C2008F4401A9A83007A98AC4CCF8FF0250C496A1
:20F020001A761A76009A69FF0600AD28000469FF1F5616561A5610E6000240291F76000020
:20F0400002291B764876CDCA005242612276A928D0CAA828080001091B61C876D0CA042944
:20F060000F6F009BA92401DF046C0429A82401DFA61EA1F78624A706A1810109A71EA92410
:20F0800003635CFF043BA95901DF0900ECFFA928FFFFA828FFFF010905613F8FFFFF487603
:20F0A000DCC91A764876CFCAA928FFFFA828FFFF01090E61FF76FFFF066F01DFBDC3A71EA1
:20F0C000673EBEC5A92401DFA82458FFF760487671CA487668C902FE41962276008F4401B6
:20F0E0001F76B102A9A83007A98AC4CCF8FF0550C496008F0601A9A83007A98A41923F90E4
:20F10000C4CDC0FFA8CAC496008F5A01A9A83007A98AC4CCE0FF1550C496008F4401A9A8DB
:20F120003007A98AC4CCF8FF0250C4961A76009A69FF82FE060004FE4196422B1F76B1028C
:20F1400028023007A98AC49207904396227628023007A98A41920790C4CDF8FFA8CAC4966B
:20F1600028023007A98A4188C4920790A980A606A70F0461A928FA01026F009A4296005254
:20F180000660419269FF4876B5AE42961A7684FE69FF060008FE479642A8008FFFFF44A80F
:20F1A00046A8482B48541D69428A489201F0A958940E4407441E44A3AA180000A80E01562F
:20F1C000AB0044A944064607461E46A3A80EAA1800000156AB0046A9480A47924854E56638
:20F1E00046063FFF44CA43CB88FE060002FE41962276025205610652036108521E60180206
:20F200001F76B1023007A98AC41A010028023007A98AC49207900752056069FF4876AAC787
:20F22000046F69FF48768FC9227618021F76B1023007A98AC418FEFF1A76009A69FF82FE8E
:20F24000060006FE421E0002441EBF564501459220521A66AC281F00420622565AFF440666
:20F2600030FFABCAAACB441E420630FF421E4A06440F06664156440001024207421E450A57
:20F2800045922052EA69440604614C064207421E420686FE0600022904295F565AFF4206A8
:20F2A0005F56421E00021FF617564200AB06325602292076022904295F565AFF420656FF76
:20F2C000421E00021FF6175642003256022920765AFF00021FF617564200A9A920765AFF5F
:20F2E00000021FF61756420020760077006FBDB21F76B502A9591C920D61AB28FFFFAA2850
:20F30000FFFFA928FFFFA828FFFFAB0F03617F76FFFF1F76B50232C5673E1F76B5022006E7
:20F320000461A71EA192673E1F76B5021E060361A71E673E487666C9BE8B060022761A029D
:20F340001F76B1023007A98A408FFFFFC4A02276008F4401A9A83007A98A00BEC4CCF8FF5E
:20F360000550C496008F5201A9A83007A98AC4C2008F4401A9A83007A98AC4CCF8FF025053
:20F38000C4961A761A76009A69FF0600A9BF120F58FF2064A85C37FFA81A0080A82FA493FD
:20F3A000D6FFA85CFF91A80881FF1464A808C1FF0B6207615DFFA82DAA9300315B560600A1
:20F3C000AA9300310600A828FFFFA928FFFF5AFF060033560600BDB2BDAABDA208FEA482CD
:20F3E00000D1CB5A156FAD5C01290356A103A30788DC0209A45CA983080248763CCA420608
:20F400000661448A468348763CCACB5A01D9A292A154EA6688FEBE82BE86BE8B060002FE59
:20F42000419641F4E10C82FE060002FE421E428AE49282FE060002FE421E10024207A98A37
:20F44000C40682FE060004FE437C421E58024207A98A4392C49884FE0600AC28FFFF420F89
:20F460000960A9A9440FB156AC00B656AC01AC922076B156AC00B256AC01AC922076AC282E
:20F48000FFFF420F0360A9A9440FB156AC00B656AC01AC9220760052ABA8A4C50761A9882E
:20F4A00081DE855C877C0E00FEFFA988A60F0F6100530D61FF9DA85CBF76FEFF85928796E1
:20F4C0000E00FEFF859287960C00F8FFA4A9060041C142C04406AACFABCE5AFF4206207620
:20F4E000419942984406AACBABCA5AFF4206207641F342F24406AA71AB705AFF42062076CE
:20F500000002AB28FFFFAA28FFFF0119AB0F0460009A00D4056FA4A9C492A4A902DC4876A2
:20F52000F08F060004FE421E488701294456420045FF441E4876CBCA2276440669FF84FE4A
:20F5400006002A021F76B1023007A98AC448036C019A026F029A060004FE441E42A8440606
:20F560004207A98A48924876BBC884FE0600A697009B0FF6A61F2076A697009B0FF6A61F92
:20F58000A89220761F76B50234A806001F76B50232A8060006001F562276C0B929286800FC
:1EF5A0001A76480006C82A021F76B1023007A98AC4060600009A0600019A06000600B2
:20F5BE0078010800D0CA3CFF80AC00000000000000007A440000A04000E07E44000020410A
:20F5DE0000E0814400007041CD4C84440000A041CDBC86440000C8419A2989440000F041D8
:20F5FE0066968B4400000C4233038E4400002042CD6C90440000344266D69244000048424B
:20F61E00004095440000544266B6964400006042CD2C984400006C4233A399440000784295
:20F63E00CD1C9B440000824233939C44000088429A099E4400008E4200809F440000944222
:20F65E0066F6A04400009A42CD6CA2440000A04233E3A3440000A6429A59A5440000AC42C0
:20F67E0000D0A6440000B2426646A8440000B842CDBCA9440000BE423333AB440000C4425B
:20F69E009AA9AC440000CA420020AE440000D0426696AF440000D642CD0CB1440000DC42F6
:20F6BE003383B2440000E2429AF9B3440000E8420070B5440000EE4266E6B6440000F44293
:20F6DE00CD5CB8440000FA4233D3B944000000439A49BB440000044333F3BC4400000843CB
:20F6FE00CD9CBE4400000C436646C0440000104300F0C144000014439A99C344000018434E
:20F71E003343C54400001C43CDECC644000020436696C8440000254333A3CA4400002A4306
:20F73E0000B0CC4400002F439AB9CE440000344300C0D044FFFF00A800000000FFFF03A87A
:20F75E0000000000FFFF0CA800000000FFFF0DA800000000FFFF0EA800000000FFFF15A8B7
:20F77E0000000000FFFF17A800000000FFFF18A800000000FFFF19A800000000FEFF3CA850
:20F79E00000000000000F5FF9EA80000000000000000000000000000000000000000000011
:20F7BE000000FFFF48AD00000000FFFF49AD00000000FFFF4AAD00000000FFFF4BAD000059
:20F7DE000000FFFF4CAD00000000FFFF4DAD00000000FFFF4EAD00000000FFFF4FAD000029
:20F7FE000000FFFF7BAC00000000FFFF7CAC00000000FFFF7DAC00000100FFFF7EAC000050
:20F81E000200FFFF7FAC00000000FFFF5CAD00000100FEFF5EAD000000000000FEFF60AD85
:20F83E00000000000000FFFF66AD00000000FFFF67AD00000000FFFF68AD00000000FEFF77
:20F85E0062AD000000000000FEFF64AD000000000000FAFF50AD0000000000000000000077
:20F87E0000000000FAFF56AD0000000000000000000000000000FEFF72AD0000BBCA0800C5
:16F89E00FEFF74AD0000BBCA0800FFFF66AC000000000000000099
:20F8B4002301080000F00000C1C081C1400101C3C003800241C201C6C006800741C70005E7
:20F8D400C1C581C4400401CCC00C800D41CD000FC1CF81CE400E000AC1CA81CB400B01C99F
:20F8F400C009800841C801D8C018801941D9001BC1DB81DA401A001EC1DE81DF401F01DD70
:20F91400C01D801C41DC0014C1D481D5401501D7C017801641D601D2C012801341D3001130
:20F93400C1D181D0401001F0C030803141F10033C1F381F240320036C1F681F7403701F51E
:20F95400C035803441F4003CC1FC81FD403D01FFC03F803E41FE01FAC03A803B41FB0039A0
:20F97400C1F981F840380028C1E881E9402901EBC02B802A41EA01EEC02E802F41EF002D8F
:20F99400C1ED81EC402C01E4C024802541E50027C1E781E640260022C1E281E3402301E12E
:20F9B400C021802041E001A0C060806141A10063C1A381A240620066C1A681A7406701A53F
:20F9D400C065806441A4006CC1AC81AD406D01AFC06F806E41AE01AAC06A806B41AB0069A0
:20F9F400C1A981A840680078C1B881B9407901BBC07B807A41BA01BEC07E807F41BF007D6F
:20FA1400C1BD81BC407C01B4C074807541B50077C1B781B640760072C1B281B3407301B12D
:20FA3400C071807041B00050C190819140510193C053805241920196C0568057419700555F
:20FA5400C19581944054019CC05C805D419D005FC19F819E405E005AC19A819B405B01999D
:20FA7400C059805841980188C04880494189004BC18B818A404A004EC18E818F404F018D8E
:20FA9400C04D804C418C0044C184818540450187C047804641860182C0428043418300412F
:20FAB400C18181804040110002000100FF00FF00000006000000110002000100FF00FF0045
:20FAD40000001100000013000E0000000200FF000000060000001300090000000200FF00BC
:0CFAF400000011000000111100000000D3
:20FB0000F000080048CC04FE437C421E2276428A012903564308C4A3AB18FFF0AACBABCA83
:20FB2000C41E1A7684FE060004FE447D437C421E2276AA2B442703564301A9163B565AFFCB
:20FB400003564301A92D039A66FF5EFFA98820024207A98AC406A689ABCAAACBA71E20023A
:20FB60004207A98AC4C31A7684FE060004FE437C421E227624024207A98AC406A918FEFF87
:20FB800043AFA61E24024207A98AC4C21A7684FE060002FE421E227620FF80014207A98A5B
:20FBA0000102C498CC991A7682FE060002FE421E227620FF80014207A98AC406A918FEFFCF
:20FBC000C41E1A7682FE060002FE421E227620FF80014207A98A0202C498CC991A7682FE44
:20FBE000060002FE421E227620FF80014207A98AC406A918FDFFC41E1A7682FE060002FE6C
:20FC0000421E2276428AC406A918F0FF0A50C41E1A7682FE060004FE437C421E03D500D487
:20FC20004076118001D403D542064076118001D4420640763380420640766E8042064076D1
:20FC40005380435C420640760080420640766180420640764680480640767C8007F600779D
:20FC600069FF84FE060002FE421E00D400D54076118001D442064076118000D4420640760E
:20FC8000338082FE060002FE421E00D403D54076118001D403D542064076118001D442067F
:20FCA0004076338082FE060002FE421E227620FF80014207A98AC406A918FEFFC41E1A7647
:20FCC00082FE060002FE421E227620FF80014207A98A0102C498CC991A7682FE0600011996
:06FCE000C356FFFF060001
:02FCE60000001C
:00000001FF
